o phone-jail-frame
v 0.115000000 0.000850000 0.065750187
v 0.114751041 0.001451041 0.065750133
v 0.114716811 0.001451041 0.066272241
v 0.114963641 0.000850000 0.066304736
v 0.114150000 0.001700000 0.065750000
v 0.114120913 0.001700000 0.066193789
v 0.113548959 0.001451041 0.065749867
v 0.113525014 0.001451041 0.066115337
v 0.113300000 0.000850000 0.065749813
v 0.113278184 0.000850000 0.066082842
v 0.113548959 0.000248959 0.065749867
v 0.113525014 0.000248959 0.066115337
v 0.114150000 0.000000000 0.065750000
v 0.114120913 0.000000000 0.066193789
v 0.114751041 0.000248959 0.065750133
v 0.114716811 0.000248959 0.066272241
v 0.114614709 0.001451041 0.066785546
v 0.114855185 0.000850000 0.066849981
v 0.114034148 0.001700000 0.066629985
v 0.113453587 0.001451041 0.066474424
v 0.113213111 0.000850000 0.066409989
v 0.113453587 0.000248959 0.066474424
v 0.114034148 0.000000000 0.066629985
v 0.114614709 0.000248959 0.066785546
v 0.114446480 0.001451041 0.067281132
v 0.114676488 0.000850000 0.067376405
v 0.113891190 0.001700000 0.067051124
v 0.113335901 0.001451041 0.066821115
v 0.113105893 0.000850000 0.066725843
v 0.113335901 0.000248959 0.066821115
v 0.113891190 0.000000000 0.067051124
v 0.114446480 0.000248959 0.067281132
v 0.114215003 0.001451041 0.067750520
v 0.114430608 0.000850000 0.067875000
v 0.113694486 0.001700000 0.067450000
v 0.113173970 0.001451041 0.067149480
v 0.112958365 0.000850000 0.067025000
v 0.113173970 0.000248959 0.067149480
v 0.113694486 0.000000000 0.067450000
v 0.114215003 0.000248959 0.067750520
v 0.113924239 0.001451041 0.068185679
v 0.114121752 0.000850000 0.068337236
v 0.113447401 0.001700000 0.067819789
v 0.112970564 0.001451041 0.067453898
v 0.112773051 0.000850000 0.067302342
v 0.112970564 0.000248959 0.067453898
v 0.113447401 0.000000000 0.067819789
v 0.113924239 0.000248959 0.068185679
v 0.113579163 0.001451041 0.068579163
v 0.113755204 0.000850000 0.068755204
v 0.113154163 0.001700000 0.068154163
v 0.112729163 0.001451041 0.067729163
v 0.112553122 0.000850000 0.067553122
v 0.112729163 0.000248959 0.067729163
v 0.113154163 0.000000000 0.068154163
v 0.113579163 0.000248959 0.068579163
v 0.113185679 0.001451041 0.068924239
v 0.113337236 0.000850000 0.069121752
v 0.112819789 0.001700000 0.068447401
v 0.112453898 0.001451041 0.067970564
v 0.112302342 0.000850000 0.067773051
v 0.112453898 0.000248959 0.067970564
v 0.112819789 0.000000000 0.068447401
v 0.113185679 0.000248959 0.068924239
v 0.112750520 0.001451041 0.069215003
v 0.112875000 0.000850000 0.069430608
v 0.112450000 0.001700000 0.068694486
v 0.112149480 0.001451041 0.068173970
v 0.112025000 0.000850000 0.067958365
v 0.112149480 0.000248959 0.068173970
v 0.112450000 0.000000000 0.068694486
v 0.112750520 0.000248959 0.069215003
v 0.112281132 0.001451041 0.069446480
v 0.112376405 0.000850000 0.069676488
v 0.112051124 0.001700000 0.068891190
v 0.111821115 0.001451041 0.068335901
v 0.111725843 0.000850000 0.068105893
v 0.111821115 0.000248959 0.068335901
v 0.112051124 0.000000000 0.068891190
v 0.112281132 0.000248959 0.069446480
v 0.111785546 0.001451041 0.069614709
v 0.111849981 0.000850000 0.069855185
v 0.111629985 0.001700000 0.069034148
v 0.111474424 0.001451041 0.068453587
v 0.111409989 0.000850000 0.068213111
v 0.111474424 0.000248959 0.068453587
v 0.111629985 0.000000000 0.069034148
v 0.111785546 0.000248959 0.069614709
v 0.111272241 0.001451041 0.069716811
v 0.111304736 0.000850000 0.069963641
v 0.111193789 0.001700000 0.069120913
v 0.111115337 0.001451041 0.068525014
v 0.111082842 0.000850000 0.068278184
v 0.111115337 0.000248959 0.068525014
v 0.111193789 0.000000000 0.069120913
v 0.111272241 0.000248959 0.069716811
v 0.110750079 0.001451041 0.069751041
v 0.110750111 0.000850000 0.070000000
v 0.110750000 0.001700000 0.069150000
v 0.110749921 0.001451041 0.068548959
v 0.110749889 0.000850000 0.068300000
v 0.110749921 0.000248959 0.068548959
v 0.110750000 0.000000000 0.069150000
v 0.110750079 0.000248959 0.069751041
v -0.110750079 0.001451041 0.069751041
v -0.110750111 0.000850000 0.070000000
v -0.110750000 0.001700000 0.069150000
v -0.110749921 0.001451041 0.068548959
v -0.110749889 0.000850000 0.068300000
v -0.110749921 0.000248959 0.068548959
v -0.110750000 0.000000000 0.069150000
v -0.110750079 0.000248959 0.069751041
v -0.111272241 0.001451041 0.069716811
v -0.111304736 0.000850000 0.069963641
v -0.111193789 0.001700000 0.069120913
v -0.111115337 0.001451041 0.068525014
v -0.111082842 0.000850000 0.068278184
v -0.111115337 0.000248959 0.068525014
v -0.111193789 0.000000000 0.069120913
v -0.111272241 0.000248959 0.069716811
v -0.111785546 0.001451041 0.069614709
v -0.111849981 0.000850000 0.069855185
v -0.111629985 0.001700000 0.069034148
v -0.111474424 0.001451041 0.068453587
v -0.111409989 0.000850000 0.068213111
v -0.111474424 0.000248959 0.068453587
v -0.111629985 0.000000000 0.069034148
v -0.111785546 0.000248959 0.069614709
v -0.112281132 0.001451041 0.069446480
v -0.112376405 0.000850000 0.069676488
v -0.112051124 0.001700000 0.068891190
v -0.111821115 0.001451041 0.068335901
v -0.111725843 0.000850000 0.068105893
v -0.111821115 0.000248959 0.068335901
v -0.112051124 0.000000000 0.068891190
v -0.112281132 0.000248959 0.069446480
v -0.112750520 0.001451041 0.069215003
v -0.112875000 0.000850000 0.069430608
v -0.112450000 0.001700000 0.068694486
v -0.112149480 0.001451041 0.068173970
v -0.112025000 0.000850000 0.067958365
v -0.112149480 0.000248959 0.068173970
v -0.112450000 0.000000000 0.068694486
v -0.112750520 0.000248959 0.069215003
v -0.113185679 0.001451041 0.068924239
v -0.113337236 0.000850000 0.069121752
v -0.112819789 0.001700000 0.068447401
v -0.112453898 0.001451041 0.067970564
v -0.112302342 0.000850000 0.067773051
v -0.112453898 0.000248959 0.067970564
v -0.112819789 0.000000000 0.068447401
v -0.113185679 0.000248959 0.068924239
v -0.113579163 0.001451041 0.068579163
v -0.113755204 0.000850000 0.068755204
v -0.113154163 0.001700000 0.068154163
v -0.112729163 0.001451041 0.067729163
v -0.112553122 0.000850000 0.067553122
v -0.112729163 0.000248959 0.067729163
v -0.113154163 0.000000000 0.068154163
v -0.113579163 0.000248959 0.068579163
v -0.113924239 0.001451041 0.068185679
v -0.114121752 0.000850000 0.068337236
v -0.113447401 0.001700000 0.067819789
v -0.112970564 0.001451041 0.067453898
v -0.112773051 0.000850000 0.067302342
v -0.112970564 0.000248959 0.067453898
v -0.113447401 0.000000000 0.067819789
v -0.113924239 0.000248959 0.068185679
v -0.114215003 0.001451041 0.067750520
v -0.114430608 0.000850000 0.067875000
v -0.113694486 0.001700000 0.067450000
v -0.113173970 0.001451041 0.067149480
v -0.112958365 0.000850000 0.067025000
v -0.113173970 0.000248959 0.067149480
v -0.113694486 0.000000000 0.067450000
v -0.114215003 0.000248959 0.067750520
v -0.114446480 0.001451041 0.067281132
v -0.114676488 0.000850000 0.067376405
v -0.113891190 0.001700000 0.067051124
v -0.113335901 0.001451041 0.066821115
v -0.113105893 0.000850000 0.066725843
v -0.113335901 0.000248959 0.066821115
v -0.113891190 0.000000000 0.067051124
v -0.114446480 0.000248959 0.067281132
v -0.114614709 0.001451041 0.066785546
v -0.114855185 0.000850000 0.066849981
v -0.114034148 0.001700000 0.066629985
v -0.113453587 0.001451041 0.066474424
v -0.113213111 0.000850000 0.066409989
v -0.113453587 0.000248959 0.066474424
v -0.114034148 0.000000000 0.066629985
v -0.114614709 0.000248959 0.066785546
v -0.114716811 0.001451041 0.066272241
v -0.114963641 0.000850000 0.066304736
v -0.114120913 0.001700000 0.066193789
v -0.113525014 0.001451041 0.066115337
v -0.113278184 0.000850000 0.066082842
v -0.113525014 0.000248959 0.066115337
v -0.114120913 0.000000000 0.066193789
v -0.114716811 0.000248959 0.066272241
v -0.114751041 0.001451041 0.065750133
v -0.115000000 0.000850000 0.065750187
v -0.114150000 0.001700000 0.065750000
v -0.113548959 0.001451041 0.065749867
v -0.113300000 0.000850000 0.065749813
v -0.113548959 0.000248959 0.065749867
v -0.114150000 0.000000000 0.065750000
v -0.114751041 0.000248959 0.065750133
v -0.114751041 0.001451041 -0.065750133
v -0.115000000 0.000850000 -0.065750187
v -0.114150000 0.001700000 -0.065750000
v -0.113548959 0.001451041 -0.065749867
v -0.113300000 0.000850000 -0.065749813
v -0.113548959 0.000248959 -0.065749867
v -0.114150000 0.000000000 -0.065750000
v -0.114751041 0.000248959 -0.065750133
v -0.114716811 0.001451041 -0.066272241
v -0.114963641 0.000850000 -0.066304736
v -0.114120913 0.001700000 -0.066193789
v -0.113525014 0.001451041 -0.066115337
v -0.113278184 0.000850000 -0.066082842
v -0.113525014 0.000248959 -0.066115337
v -0.114120913 0.000000000 -0.066193789
v -0.114716811 0.000248959 -0.066272241
v -0.114614709 0.001451041 -0.066785546
v -0.114855185 0.000850000 -0.066849981
v -0.114034148 0.001700000 -0.066629985
v -0.113453587 0.001451041 -0.066474424
v -0.113213111 0.000850000 -0.066409989
v -0.113453587 0.000248959 -0.066474424
v -0.114034148 0.000000000 -0.066629985
v -0.114614709 0.000248959 -0.066785546
v -0.114446480 0.001451041 -0.067281132
v -0.114676488 0.000850000 -0.067376405
v -0.113891190 0.001700000 -0.067051124
v -0.113335901 0.001451041 -0.066821115
v -0.113105893 0.000850000 -0.066725843
v -0.113335901 0.000248959 -0.066821115
v -0.113891190 0.000000000 -0.067051124
v -0.114446480 0.000248959 -0.067281132
v -0.114215003 0.001451041 -0.067750520
v -0.114430608 0.000850000 -0.067875000
v -0.113694486 0.001700000 -0.067450000
v -0.113173970 0.001451041 -0.067149480
v -0.112958365 0.000850000 -0.067025000
v -0.113173970 0.000248959 -0.067149480
v -0.113694486 0.000000000 -0.067450000
v -0.114215003 0.000248959 -0.067750520
v -0.113924239 0.001451041 -0.068185679
v -0.114121752 0.000850000 -0.068337236
v -0.113447401 0.001700000 -0.067819789
v -0.112970564 0.001451041 -0.067453898
v -0.112773051 0.000850000 -0.067302342
v -0.112970564 0.000248959 -0.067453898
v -0.113447401 0.000000000 -0.067819789
v -0.113924239 0.000248959 -0.068185679
v -0.113579163 0.001451041 -0.068579163
v -0.113755204 0.000850000 -0.068755204
v -0.113154163 0.001700000 -0.068154163
v -0.112729163 0.001451041 -0.067729163
v -0.112553122 0.000850000 -0.067553122
v -0.112729163 0.000248959 -0.067729163
v -0.113154163 0.000000000 -0.068154163
v -0.113579163 0.000248959 -0.068579163
v -0.113185679 0.001451041 -0.068924239
v -0.113337236 0.000850000 -0.069121752
v -0.112819789 0.001700000 -0.068447401
v -0.112453898 0.001451041 -0.067970564
v -0.112302342 0.000850000 -0.067773051
v -0.112453898 0.000248959 -0.067970564
v -0.112819789 0.000000000 -0.068447401
v -0.113185679 0.000248959 -0.068924239
v -0.112750520 0.001451041 -0.069215003
v -0.112875000 0.000850000 -0.069430608
v -0.112450000 0.001700000 -0.068694486
v -0.112149480 0.001451041 -0.068173970
v -0.112025000 0.000850000 -0.067958365
v -0.112149480 0.000248959 -0.068173970
v -0.112450000 0.000000000 -0.068694486
v -0.112750520 0.000248959 -0.069215003
v -0.112281132 0.001451041 -0.069446480
v -0.112376405 0.000850000 -0.069676488
v -0.112051124 0.001700000 -0.068891190
v -0.111821115 0.001451041 -0.068335901
v -0.111725843 0.000850000 -0.068105893
v -0.111821115 0.000248959 -0.068335901
v -0.112051124 0.000000000 -0.068891190
v -0.112281132 0.000248959 -0.069446480
v -0.111785546 0.001451041 -0.069614709
v -0.111849981 0.000850000 -0.069855185
v -0.111629985 0.001700000 -0.069034148
v -0.111474424 0.001451041 -0.068453587
v -0.111409989 0.000850000 -0.068213111
v -0.111474424 0.000248959 -0.068453587
v -0.111629985 0.000000000 -0.069034148
v -0.111785546 0.000248959 -0.069614709
v -0.111272241 0.001451041 -0.069716811
v -0.111304736 0.000850000 -0.069963641
v -0.111193789 0.001700000 -0.069120913
v -0.111115337 0.001451041 -0.068525014
v -0.111082842 0.000850000 -0.068278184
v -0.111115337 0.000248959 -0.068525014
v -0.111193789 0.000000000 -0.069120913
v -0.111272241 0.000248959 -0.069716811
v -0.110750079 0.001451041 -0.069751041
v -0.110750111 0.000850000 -0.070000000
v -0.110750000 0.001700000 -0.069150000
v -0.110749921 0.001451041 -0.068548959
v -0.110749889 0.000850000 -0.068300000
v -0.110749921 0.000248959 -0.068548959
v -0.110750000 0.000000000 -0.069150000
v -0.110750079 0.000248959 -0.069751041
v 0.110750079 0.001451041 -0.069751041
v 0.110750111 0.000850000 -0.070000000
v 0.110750000 0.001700000 -0.069150000
v 0.110749921 0.001451041 -0.068548959
v 0.110749889 0.000850000 -0.068300000
v 0.110749921 0.000248959 -0.068548959
v 0.110750000 0.000000000 -0.069150000
v 0.110750079 0.000248959 -0.069751041
v 0.111272241 0.001451041 -0.069716811
v 0.111304736 0.000850000 -0.069963641
v 0.111193789 0.001700000 -0.069120913
v 0.111115337 0.001451041 -0.068525014
v 0.111082842 0.000850000 -0.068278184
v 0.111115337 0.000248959 -0.068525014
v 0.111193789 0.000000000 -0.069120913
v 0.111272241 0.000248959 -0.069716811
v 0.111785546 0.001451041 -0.069614709
v 0.111849981 0.000850000 -0.069855185
v 0.111629985 0.001700000 -0.069034148
v 0.111474424 0.001451041 -0.068453587
v 0.111409989 0.000850000 -0.068213111
v 0.111474424 0.000248959 -0.068453587
v 0.111629985 0.000000000 -0.069034148
v 0.111785546 0.000248959 -0.069614709
v 0.112281132 0.001451041 -0.069446480
v 0.112376405 0.000850000 -0.069676488
v 0.112051124 0.001700000 -0.068891190
v 0.111821115 0.001451041 -0.068335901
v 0.111725843 0.000850000 -0.068105893
v 0.111821115 0.000248959 -0.068335901
v 0.112051124 0.000000000 -0.068891190
v 0.112281132 0.000248959 -0.069446480
v 0.112750520 0.001451041 -0.069215003
v 0.112875000 0.000850000 -0.069430608
v 0.112450000 0.001700000 -0.068694486
v 0.112149480 0.001451041 -0.068173970
v 0.112025000 0.000850000 -0.067958365
v 0.112149480 0.000248959 -0.068173970
v 0.112450000 0.000000000 -0.068694486
v 0.112750520 0.000248959 -0.069215003
v 0.113185679 0.001451041 -0.068924239
v 0.113337236 0.000850000 -0.069121752
v 0.112819789 0.001700000 -0.068447401
v 0.112453898 0.001451041 -0.067970564
v 0.112302342 0.000850000 -0.067773051
v 0.112453898 0.000248959 -0.067970564
v 0.112819789 0.000000000 -0.068447401
v 0.113185679 0.000248959 -0.068924239
v 0.113579163 0.001451041 -0.068579163
v 0.113755204 0.000850000 -0.068755204
v 0.113154163 0.001700000 -0.068154163
v 0.112729163 0.001451041 -0.067729163
v 0.112553122 0.000850000 -0.067553122
v 0.112729163 0.000248959 -0.067729163
v 0.113154163 0.000000000 -0.068154163
v 0.113579163 0.000248959 -0.068579163
v 0.113924239 0.001451041 -0.068185679
v 0.114121752 0.000850000 -0.068337236
v 0.113447401 0.001700000 -0.067819789
v 0.112970564 0.001451041 -0.067453898
v 0.112773051 0.000850000 -0.067302342
v 0.112970564 0.000248959 -0.067453898
v 0.113447401 0.000000000 -0.067819789
v 0.113924239 0.000248959 -0.068185679
v 0.114215003 0.001451041 -0.067750520
v 0.114430608 0.000850000 -0.067875000
v 0.113694486 0.001700000 -0.067450000
v 0.113173970 0.001451041 -0.067149480
v 0.112958365 0.000850000 -0.067025000
v 0.113173970 0.000248959 -0.067149480
v 0.113694486 0.000000000 -0.067450000
v 0.114215003 0.000248959 -0.067750520
v 0.114446480 0.001451041 -0.067281132
v 0.114676488 0.000850000 -0.067376405
v 0.113891190 0.001700000 -0.067051124
v 0.113335901 0.001451041 -0.066821115
v 0.113105893 0.000850000 -0.066725843
v 0.113335901 0.000248959 -0.066821115
v 0.113891190 0.000000000 -0.067051124
v 0.114446480 0.000248959 -0.067281132
v 0.114614709 0.001451041 -0.066785546
v 0.114855185 0.000850000 -0.066849981
v 0.114034148 0.001700000 -0.066629985
v 0.113453587 0.001451041 -0.066474424
v 0.113213111 0.000850000 -0.066409989
v 0.113453587 0.000248959 -0.066474424
v 0.114034148 0.000000000 -0.066629985
v 0.114614709 0.000248959 -0.066785546
v 0.114716811 0.001451041 -0.066272241
v 0.114963641 0.000850000 -0.066304736
v 0.114120913 0.001700000 -0.066193789
v 0.113525014 0.001451041 -0.066115337
v 0.113278184 0.000850000 -0.066082842
v 0.113525014 0.000248959 -0.066115337
v 0.114120913 0.000000000 -0.066193789
v 0.114716811 0.000248959 -0.066272241
v 0.114751041 0.001451041 -0.065750133
v 0.115000000 0.000850000 -0.065750187
v 0.114150000 0.001700000 -0.065750000
v 0.113548959 0.001451041 -0.065749867
v 0.113300000 0.000850000 -0.065749813
v 0.113548959 0.000248959 -0.065749867
v 0.114150000 0.000000000 -0.065750000
v 0.114751041 0.000248959 -0.065750133
v 0.115000000 0.109150000 0.065750187
v 0.114751041 0.109751041 0.065750133
v 0.114716811 0.109751041 0.066272241
v 0.114963641 0.109150000 0.066304736
v 0.114150000 0.110000000 0.065750000
v 0.114120913 0.110000000 0.066193789
v 0.113548959 0.109751041 0.065749867
v 0.113525014 0.109751041 0.066115337
v 0.113300000 0.109150000 0.065749813
v 0.113278184 0.109150000 0.066082842
v 0.113548959 0.108548959 0.065749867
v 0.113525014 0.108548959 0.066115337
v 0.114150000 0.108300000 0.065750000
v 0.114120913 0.108300000 0.066193789
v 0.114751041 0.108548959 0.065750133
v 0.114716811 0.108548959 0.066272241
v 0.114614709 0.109751041 0.066785546
v 0.114855185 0.109150000 0.066849981
v 0.114034148 0.110000000 0.066629985
v 0.113453587 0.109751041 0.066474424
v 0.113213111 0.109150000 0.066409989
v 0.113453587 0.108548959 0.066474424
v 0.114034148 0.108300000 0.066629985
v 0.114614709 0.108548959 0.066785546
v 0.114446480 0.109751041 0.067281132
v 0.114676488 0.109150000 0.067376405
v 0.113891190 0.110000000 0.067051124
v 0.113335901 0.109751041 0.066821115
v 0.113105893 0.109150000 0.066725843
v 0.113335901 0.108548959 0.066821115
v 0.113891190 0.108300000 0.067051124
v 0.114446480 0.108548959 0.067281132
v 0.114215003 0.109751041 0.067750520
v 0.114430608 0.109150000 0.067875000
v 0.113694486 0.110000000 0.067450000
v 0.113173970 0.109751041 0.067149480
v 0.112958365 0.109150000 0.067025000
v 0.113173970 0.108548959 0.067149480
v 0.113694486 0.108300000 0.067450000
v 0.114215003 0.108548959 0.067750520
v 0.113924239 0.109751041 0.068185679
v 0.114121752 0.109150000 0.068337236
v 0.113447401 0.110000000 0.067819789
v 0.112970564 0.109751041 0.067453898
v 0.112773051 0.109150000 0.067302342
v 0.112970564 0.108548959 0.067453898
v 0.113447401 0.108300000 0.067819789
v 0.113924239 0.108548959 0.068185679
v 0.113579163 0.109751041 0.068579163
v 0.113755204 0.109150000 0.068755204
v 0.113154163 0.110000000 0.068154163
v 0.112729163 0.109751041 0.067729163
v 0.112553122 0.109150000 0.067553122
v 0.112729163 0.108548959 0.067729163
v 0.113154163 0.108300000 0.068154163
v 0.113579163 0.108548959 0.068579163
v 0.113185679 0.109751041 0.068924239
v 0.113337236 0.109150000 0.069121752
v 0.112819789 0.110000000 0.068447401
v 0.112453898 0.109751041 0.067970564
v 0.112302342 0.109150000 0.067773051
v 0.112453898 0.108548959 0.067970564
v 0.112819789 0.108300000 0.068447401
v 0.113185679 0.108548959 0.068924239
v 0.112750520 0.109751041 0.069215003
v 0.112875000 0.109150000 0.069430608
v 0.112450000 0.110000000 0.068694486
v 0.112149480 0.109751041 0.068173970
v 0.112025000 0.109150000 0.067958365
v 0.112149480 0.108548959 0.068173970
v 0.112450000 0.108300000 0.068694486
v 0.112750520 0.108548959 0.069215003
v 0.112281132 0.109751041 0.069446480
v 0.112376405 0.109150000 0.069676488
v 0.112051124 0.110000000 0.068891190
v 0.111821115 0.109751041 0.068335901
v 0.111725843 0.109150000 0.068105893
v 0.111821115 0.108548959 0.068335901
v 0.112051124 0.108300000 0.068891190
v 0.112281132 0.108548959 0.069446480
v 0.111785546 0.109751041 0.069614709
v 0.111849981 0.109150000 0.069855185
v 0.111629985 0.110000000 0.069034148
v 0.111474424 0.109751041 0.068453587
v 0.111409989 0.109150000 0.068213111
v 0.111474424 0.108548959 0.068453587
v 0.111629985 0.108300000 0.069034148
v 0.111785546 0.108548959 0.069614709
v 0.111272241 0.109751041 0.069716811
v 0.111304736 0.109150000 0.069963641
v 0.111193789 0.110000000 0.069120913
v 0.111115337 0.109751041 0.068525014
v 0.111082842 0.109150000 0.068278184
v 0.111115337 0.108548959 0.068525014
v 0.111193789 0.108300000 0.069120913
v 0.111272241 0.108548959 0.069716811
v 0.110750079 0.109751041 0.069751041
v 0.110750111 0.109150000 0.070000000
v 0.110750000 0.110000000 0.069150000
v 0.110749921 0.109751041 0.068548959
v 0.110749889 0.109150000 0.068300000
v 0.110749921 0.108548959 0.068548959
v 0.110750000 0.108300000 0.069150000
v 0.110750079 0.108548959 0.069751041
v -0.110750079 0.109751041 0.069751041
v -0.110750111 0.109150000 0.070000000
v -0.110750000 0.110000000 0.069150000
v -0.110749921 0.109751041 0.068548959
v -0.110749889 0.109150000 0.068300000
v -0.110749921 0.108548959 0.068548959
v -0.110750000 0.108300000 0.069150000
v -0.110750079 0.108548959 0.069751041
v -0.111272241 0.109751041 0.069716811
v -0.111304736 0.109150000 0.069963641
v -0.111193789 0.110000000 0.069120913
v -0.111115337 0.109751041 0.068525014
v -0.111082842 0.109150000 0.068278184
v -0.111115337 0.108548959 0.068525014
v -0.111193789 0.108300000 0.069120913
v -0.111272241 0.108548959 0.069716811
v -0.111785546 0.109751041 0.069614709
v -0.111849981 0.109150000 0.069855185
v -0.111629985 0.110000000 0.069034148
v -0.111474424 0.109751041 0.068453587
v -0.111409989 0.109150000 0.068213111
v -0.111474424 0.108548959 0.068453587
v -0.111629985 0.108300000 0.069034148
v -0.111785546 0.108548959 0.069614709
v -0.112281132 0.109751041 0.069446480
v -0.112376405 0.109150000 0.069676488
v -0.112051124 0.110000000 0.068891190
v -0.111821115 0.109751041 0.068335901
v -0.111725843 0.109150000 0.068105893
v -0.111821115 0.108548959 0.068335901
v -0.112051124 0.108300000 0.068891190
v -0.112281132 0.108548959 0.069446480
v -0.112750520 0.109751041 0.069215003
v -0.112875000 0.109150000 0.069430608
v -0.112450000 0.110000000 0.068694486
v -0.112149480 0.109751041 0.068173970
v -0.112025000 0.109150000 0.067958365
v -0.112149480 0.108548959 0.068173970
v -0.112450000 0.108300000 0.068694486
v -0.112750520 0.108548959 0.069215003
v -0.113185679 0.109751041 0.068924239
v -0.113337236 0.109150000 0.069121752
v -0.112819789 0.110000000 0.068447401
v -0.112453898 0.109751041 0.067970564
v -0.112302342 0.109150000 0.067773051
v -0.112453898 0.108548959 0.067970564
v -0.112819789 0.108300000 0.068447401
v -0.113185679 0.108548959 0.068924239
v -0.113579163 0.109751041 0.068579163
v -0.113755204 0.109150000 0.068755204
v -0.113154163 0.110000000 0.068154163
v -0.112729163 0.109751041 0.067729163
v -0.112553122 0.109150000 0.067553122
v -0.112729163 0.108548959 0.067729163
v -0.113154163 0.108300000 0.068154163
v -0.113579163 0.108548959 0.068579163
v -0.113924239 0.109751041 0.068185679
v -0.114121752 0.109150000 0.068337236
v -0.113447401 0.110000000 0.067819789
v -0.112970564 0.109751041 0.067453898
v -0.112773051 0.109150000 0.067302342
v -0.112970564 0.108548959 0.067453898
v -0.113447401 0.108300000 0.067819789
v -0.113924239 0.108548959 0.068185679
v -0.114215003 0.109751041 0.067750520
v -0.114430608 0.109150000 0.067875000
v -0.113694486 0.110000000 0.067450000
v -0.113173970 0.109751041 0.067149480
v -0.112958365 0.109150000 0.067025000
v -0.113173970 0.108548959 0.067149480
v -0.113694486 0.108300000 0.067450000
v -0.114215003 0.108548959 0.067750520
v -0.114446480 0.109751041 0.067281132
v -0.114676488 0.109150000 0.067376405
v -0.113891190 0.110000000 0.067051124
v -0.113335901 0.109751041 0.066821115
v -0.113105893 0.109150000 0.066725843
v -0.113335901 0.108548959 0.066821115
v -0.113891190 0.108300000 0.067051124
v -0.114446480 0.108548959 0.067281132
v -0.114614709 0.109751041 0.066785546
v -0.114855185 0.109150000 0.066849981
v -0.114034148 0.110000000 0.066629985
v -0.113453587 0.109751041 0.066474424
v -0.113213111 0.109150000 0.066409989
v -0.113453587 0.108548959 0.066474424
v -0.114034148 0.108300000 0.066629985
v -0.114614709 0.108548959 0.066785546
v -0.114716811 0.109751041 0.066272241
v -0.114963641 0.109150000 0.066304736
v -0.114120913 0.110000000 0.066193789
v -0.113525014 0.109751041 0.066115337
v -0.113278184 0.109150000 0.066082842
v -0.113525014 0.108548959 0.066115337
v -0.114120913 0.108300000 0.066193789
v -0.114716811 0.108548959 0.066272241
v -0.114751041 0.109751041 0.065750133
v -0.115000000 0.109150000 0.065750187
v -0.114150000 0.110000000 0.065750000
v -0.113548959 0.109751041 0.065749867
v -0.113300000 0.109150000 0.065749813
v -0.113548959 0.108548959 0.065749867
v -0.114150000 0.108300000 0.065750000
v -0.114751041 0.108548959 0.065750133
v -0.114751041 0.109751041 -0.065750133
v -0.115000000 0.109150000 -0.065750187
v -0.114150000 0.110000000 -0.065750000
v -0.113548959 0.109751041 -0.065749867
v -0.113300000 0.109150000 -0.065749813
v -0.113548959 0.108548959 -0.065749867
v -0.114150000 0.108300000 -0.065750000
v -0.114751041 0.108548959 -0.065750133
v -0.114716811 0.109751041 -0.066272241
v -0.114963641 0.109150000 -0.066304736
v -0.114120913 0.110000000 -0.066193789
v -0.113525014 0.109751041 -0.066115337
v -0.113278184 0.109150000 -0.066082842
v -0.113525014 0.108548959 -0.066115337
v -0.114120913 0.108300000 -0.066193789
v -0.114716811 0.108548959 -0.066272241
v -0.114614709 0.109751041 -0.066785546
v -0.114855185 0.109150000 -0.066849981
v -0.114034148 0.110000000 -0.066629985
v -0.113453587 0.109751041 -0.066474424
v -0.113213111 0.109150000 -0.066409989
v -0.113453587 0.108548959 -0.066474424
v -0.114034148 0.108300000 -0.066629985
v -0.114614709 0.108548959 -0.066785546
v -0.114446480 0.109751041 -0.067281132
v -0.114676488 0.109150000 -0.067376405
v -0.113891190 0.110000000 -0.067051124
v -0.113335901 0.109751041 -0.066821115
v -0.113105893 0.109150000 -0.066725843
v -0.113335901 0.108548959 -0.066821115
v -0.113891190 0.108300000 -0.067051124
v -0.114446480 0.108548959 -0.067281132
v -0.114215003 0.109751041 -0.067750520
v -0.114430608 0.109150000 -0.067875000
v -0.113694486 0.110000000 -0.067450000
v -0.113173970 0.109751041 -0.067149480
v -0.112958365 0.109150000 -0.067025000
v -0.113173970 0.108548959 -0.067149480
v -0.113694486 0.108300000 -0.067450000
v -0.114215003 0.108548959 -0.067750520
v -0.113924239 0.109751041 -0.068185679
v -0.114121752 0.109150000 -0.068337236
v -0.113447401 0.110000000 -0.067819789
v -0.112970564 0.109751041 -0.067453898
v -0.112773051 0.109150000 -0.067302342
v -0.112970564 0.108548959 -0.067453898
v -0.113447401 0.108300000 -0.067819789
v -0.113924239 0.108548959 -0.068185679
v -0.113579163 0.109751041 -0.068579163
v -0.113755204 0.109150000 -0.068755204
v -0.113154163 0.110000000 -0.068154163
v -0.112729163 0.109751041 -0.067729163
v -0.112553122 0.109150000 -0.067553122
v -0.112729163 0.108548959 -0.067729163
v -0.113154163 0.108300000 -0.068154163
v -0.113579163 0.108548959 -0.068579163
v -0.113185679 0.109751041 -0.068924239
v -0.113337236 0.109150000 -0.069121752
v -0.112819789 0.110000000 -0.068447401
v -0.112453898 0.109751041 -0.067970564
v -0.112302342 0.109150000 -0.067773051
v -0.112453898 0.108548959 -0.067970564
v -0.112819789 0.108300000 -0.068447401
v -0.113185679 0.108548959 -0.068924239
v -0.112750520 0.109751041 -0.069215003
v -0.112875000 0.109150000 -0.069430608
v -0.112450000 0.110000000 -0.068694486
v -0.112149480 0.109751041 -0.068173970
v -0.112025000 0.109150000 -0.067958365
v -0.112149480 0.108548959 -0.068173970
v -0.112450000 0.108300000 -0.068694486
v -0.112750520 0.108548959 -0.069215003
v -0.112281132 0.109751041 -0.069446480
v -0.112376405 0.109150000 -0.069676488
v -0.112051124 0.110000000 -0.068891190
v -0.111821115 0.109751041 -0.068335901
v -0.111725843 0.109150000 -0.068105893
v -0.111821115 0.108548959 -0.068335901
v -0.112051124 0.108300000 -0.068891190
v -0.112281132 0.108548959 -0.069446480
v -0.111785546 0.109751041 -0.069614709
v -0.111849981 0.109150000 -0.069855185
v -0.111629985 0.110000000 -0.069034148
v -0.111474424 0.109751041 -0.068453587
v -0.111409989 0.109150000 -0.068213111
v -0.111474424 0.108548959 -0.068453587
v -0.111629985 0.108300000 -0.069034148
v -0.111785546 0.108548959 -0.069614709
v -0.111272241 0.109751041 -0.069716811
v -0.111304736 0.109150000 -0.069963641
v -0.111193789 0.110000000 -0.069120913
v -0.111115337 0.109751041 -0.068525014
v -0.111082842 0.109150000 -0.068278184
v -0.111115337 0.108548959 -0.068525014
v -0.111193789 0.108300000 -0.069120913
v -0.111272241 0.108548959 -0.069716811
v -0.110750079 0.109751041 -0.069751041
v -0.110750111 0.109150000 -0.070000000
v -0.110750000 0.110000000 -0.069150000
v -0.110749921 0.109751041 -0.068548959
v -0.110749889 0.109150000 -0.068300000
v -0.110749921 0.108548959 -0.068548959
v -0.110750000 0.108300000 -0.069150000
v -0.110750079 0.108548959 -0.069751041
v 0.110750079 0.109751041 -0.069751041
v 0.110750111 0.109150000 -0.070000000
v 0.110750000 0.110000000 -0.069150000
v 0.110749921 0.109751041 -0.068548959
v 0.110749889 0.109150000 -0.068300000
v 0.110749921 0.108548959 -0.068548959
v 0.110750000 0.108300000 -0.069150000
v 0.110750079 0.108548959 -0.069751041
v 0.111272241 0.109751041 -0.069716811
v 0.111304736 0.109150000 -0.069963641
v 0.111193789 0.110000000 -0.069120913
v 0.111115337 0.109751041 -0.068525014
v 0.111082842 0.109150000 -0.068278184
v 0.111115337 0.108548959 -0.068525014
v 0.111193789 0.108300000 -0.069120913
v 0.111272241 0.108548959 -0.069716811
v 0.111785546 0.109751041 -0.069614709
v 0.111849981 0.109150000 -0.069855185
v 0.111629985 0.110000000 -0.069034148
v 0.111474424 0.109751041 -0.068453587
v 0.111409989 0.109150000 -0.068213111
v 0.111474424 0.108548959 -0.068453587
v 0.111629985 0.108300000 -0.069034148
v 0.111785546 0.108548959 -0.069614709
v 0.112281132 0.109751041 -0.069446480
v 0.112376405 0.109150000 -0.069676488
v 0.112051124 0.110000000 -0.068891190
v 0.111821115 0.109751041 -0.068335901
v 0.111725843 0.109150000 -0.068105893
v 0.111821115 0.108548959 -0.068335901
v 0.112051124 0.108300000 -0.068891190
v 0.112281132 0.108548959 -0.069446480
v 0.112750520 0.109751041 -0.069215003
v 0.112875000 0.109150000 -0.069430608
v 0.112450000 0.110000000 -0.068694486
v 0.112149480 0.109751041 -0.068173970
v 0.112025000 0.109150000 -0.067958365
v 0.112149480 0.108548959 -0.068173970
v 0.112450000 0.108300000 -0.068694486
v 0.112750520 0.108548959 -0.069215003
v 0.113185679 0.109751041 -0.068924239
v 0.113337236 0.109150000 -0.069121752
v 0.112819789 0.110000000 -0.068447401
v 0.112453898 0.109751041 -0.067970564
v 0.112302342 0.109150000 -0.067773051
v 0.112453898 0.108548959 -0.067970564
v 0.112819789 0.108300000 -0.068447401
v 0.113185679 0.108548959 -0.068924239
v 0.113579163 0.109751041 -0.068579163
v 0.113755204 0.109150000 -0.068755204
v 0.113154163 0.110000000 -0.068154163
v 0.112729163 0.109751041 -0.067729163
v 0.112553122 0.109150000 -0.067553122
v 0.112729163 0.108548959 -0.067729163
v 0.113154163 0.108300000 -0.068154163
v 0.113579163 0.108548959 -0.068579163
v 0.113924239 0.109751041 -0.068185679
v 0.114121752 0.109150000 -0.068337236
v 0.113447401 0.110000000 -0.067819789
v 0.112970564 0.109751041 -0.067453898
v 0.112773051 0.109150000 -0.067302342
v 0.112970564 0.108548959 -0.067453898
v 0.113447401 0.108300000 -0.067819789
v 0.113924239 0.108548959 -0.068185679
v 0.114215003 0.109751041 -0.067750520
v 0.114430608 0.109150000 -0.067875000
v 0.113694486 0.110000000 -0.067450000
v 0.113173970 0.109751041 -0.067149480
v 0.112958365 0.109150000 -0.067025000
v 0.113173970 0.108548959 -0.067149480
v 0.113694486 0.108300000 -0.067450000
v 0.114215003 0.108548959 -0.067750520
v 0.114446480 0.109751041 -0.067281132
v 0.114676488 0.109150000 -0.067376405
v 0.113891190 0.110000000 -0.067051124
v 0.113335901 0.109751041 -0.066821115
v 0.113105893 0.109150000 -0.066725843
v 0.113335901 0.108548959 -0.066821115
v 0.113891190 0.108300000 -0.067051124
v 0.114446480 0.108548959 -0.067281132
v 0.114614709 0.109751041 -0.066785546
v 0.114855185 0.109150000 -0.066849981
v 0.114034148 0.110000000 -0.066629985
v 0.113453587 0.109751041 -0.066474424
v 0.113213111 0.109150000 -0.066409989
v 0.113453587 0.108548959 -0.066474424
v 0.114034148 0.108300000 -0.066629985
v 0.114614709 0.108548959 -0.066785546
v 0.114716811 0.109751041 -0.066272241
v 0.114963641 0.109150000 -0.066304736
v 0.114120913 0.110000000 -0.066193789
v 0.113525014 0.109751041 -0.066115337
v 0.113278184 0.109150000 -0.066082842
v 0.113525014 0.108548959 -0.066115337
v 0.114120913 0.108300000 -0.066193789
v 0.114716811 0.108548959 -0.066272241
v 0.114751041 0.109751041 -0.065750133
v 0.115000000 0.109150000 -0.065750187
v 0.114150000 0.110000000 -0.065750000
v 0.113548959 0.109751041 -0.065749867
v 0.113300000 0.109150000 -0.065749813
v 0.113548959 0.108548959 -0.065749867
v 0.114150000 0.108300000 -0.065750000
v 0.114751041 0.108548959 -0.065750133
v -0.112350000 0.000850000 -0.068150000
v -0.112584315 0.000850000 -0.068715685
v -0.112584315 0.109150000 -0.068715685
v -0.112350000 0.109150000 -0.068150000
v -0.113150000 0.000850000 -0.068950000
v -0.113150000 0.109150000 -0.068950000
v -0.113715685 0.000850000 -0.068715685
v -0.113715685 0.109150000 -0.068715685
v -0.113950000 0.000850000 -0.068150000
v -0.113950000 0.109150000 -0.068150000
v -0.113715685 0.000850000 -0.067584315
v -0.113715685 0.109150000 -0.067584315
v -0.113150000 0.000850000 -0.067350000
v -0.113150000 0.109150000 -0.067350000
v -0.112584315 0.000850000 -0.067584315
v -0.112584315 0.109150000 -0.067584315
v -0.113150000 0.000850000 -0.068150000
v -0.113150000 0.109150000 -0.068150000
v -0.112350000 0.000850000 0.068150000
v -0.112584315 0.000850000 0.067584315
v -0.112584315 0.109150000 0.067584315
v -0.112350000 0.109150000 0.068150000
v -0.113150000 0.000850000 0.067350000
v -0.113150000 0.109150000 0.067350000
v -0.113715685 0.000850000 0.067584315
v -0.113715685 0.109150000 0.067584315
v -0.113950000 0.000850000 0.068150000
v -0.113950000 0.109150000 0.068150000
v -0.113715685 0.000850000 0.068715685
v -0.113715685 0.109150000 0.068715685
v -0.113150000 0.000850000 0.068950000
v -0.113150000 0.109150000 0.068950000
v -0.112584315 0.000850000 0.068715685
v -0.112584315 0.109150000 0.068715685
v -0.113150000 0.000850000 0.068150000
v -0.113150000 0.109150000 0.068150000
v 0.113950000 0.000850000 -0.068150000
v 0.113715685 0.000850000 -0.068715685
v 0.113715685 0.109150000 -0.068715685
v 0.113950000 0.109150000 -0.068150000
v 0.113150000 0.000850000 -0.068950000
v 0.113150000 0.109150000 -0.068950000
v 0.112584315 0.000850000 -0.068715685
v 0.112584315 0.109150000 -0.068715685
v 0.112350000 0.000850000 -0.068150000
v 0.112350000 0.109150000 -0.068150000
v 0.112584315 0.000850000 -0.067584315
v 0.112584315 0.109150000 -0.067584315
v 0.113150000 0.000850000 -0.067350000
v 0.113150000 0.109150000 -0.067350000
v 0.113715685 0.000850000 -0.067584315
v 0.113715685 0.109150000 -0.067584315
v 0.113150000 0.000850000 -0.068150000
v 0.113150000 0.109150000 -0.068150000
v 0.113950000 0.000850000 0.068150000
v 0.113715685 0.000850000 0.067584315
v 0.113715685 0.109150000 0.067584315
v 0.113950000 0.109150000 0.068150000
v 0.113150000 0.000850000 0.067350000
v 0.113150000 0.109150000 0.067350000
v 0.112584315 0.000850000 0.067584315
v 0.112584315 0.109150000 0.067584315
v 0.112350000 0.000850000 0.068150000
v 0.112350000 0.109150000 0.068150000
v 0.112584315 0.000850000 0.068715685
v 0.112584315 0.109150000 0.068715685
v 0.113150000 0.000850000 0.068950000
v 0.113150000 0.109150000 0.068950000
v 0.113715685 0.000850000 0.068715685
v 0.113715685 0.109150000 0.068715685
v 0.113150000 0.000850000 0.068150000
v 0.113150000 0.109150000 0.068150000
v 0.111600000 0.002800000 0.062300082
v 0.111512132 0.003012132 0.062300058
v 0.111476097 0.003012132 0.062849794
v 0.111563213 0.002800000 0.062861263
v 0.111300000 0.003100000 0.062300000
v 0.111265779 0.003100000 0.062822105
v 0.111087868 0.003012132 0.062299942
v 0.111055462 0.003012132 0.062794416
v 0.111000000 0.002800000 0.062299918
v 0.110968346 0.002800000 0.062782947
v 0.111087868 0.002587868 0.062299942
v 0.111055462 0.002587868 0.062794416
v 0.111300000 0.002500000 0.062300000
v 0.111265779 0.002500000 0.062822105
v 0.111512132 0.002587868 0.062300058
v 0.111476097 0.002587868 0.062849794
v 0.111368607 0.003012132 0.063390180
v 0.111453481 0.002800000 0.063412922
v 0.111163703 0.003100000 0.063335276
v 0.110958799 0.003012132 0.063280372
v 0.110873926 0.002800000 0.063257630
v 0.110958799 0.002587868 0.063280372
v 0.111163703 0.002500000 0.063335276
v 0.111368607 0.002587868 0.063390180
v 0.111191503 0.003012132 0.063911913
v 0.111272682 0.002800000 0.063945539
v 0.110995518 0.003100000 0.063830734
v 0.110799534 0.003012132 0.063749554
v 0.110718354 0.002800000 0.063715929
v 0.110799534 0.002587868 0.063749554
v 0.110995518 0.002500000 0.063830734
v 0.111191503 0.002587868 0.063911913
v 0.110947813 0.003012132 0.064406066
v 0.111023909 0.002800000 0.064450000
v 0.110764102 0.003100000 0.064300000
v 0.110580390 0.003012132 0.064193934
v 0.110504294 0.002800000 0.064150000
v 0.110580390 0.002587868 0.064193934
v 0.110764102 0.002500000 0.064300000
v 0.110947813 0.002587868 0.064406066
v 0.110641709 0.003012132 0.064864184
v 0.110711419 0.002800000 0.064917674
v 0.110473413 0.003100000 0.064735046
v 0.110305118 0.003012132 0.064605908
v 0.110235407 0.002800000 0.064552417
v 0.110305118 0.002587868 0.064605908
v 0.110473413 0.002500000 0.064735046
v 0.110641709 0.002587868 0.064864184
v 0.110278427 0.003012132 0.065278427
v 0.110340559 0.002800000 0.065340559
v 0.110128427 0.003100000 0.065128427
v 0.109978427 0.003012132 0.064978427
v 0.109916295 0.002800000 0.064916295
v 0.109978427 0.002587868 0.064978427
v 0.110128427 0.002500000 0.065128427
v 0.110278427 0.002587868 0.065278427
v 0.109864184 0.003012132 0.065641709
v 0.109917674 0.002800000 0.065711419
v 0.109735046 0.003100000 0.065473413
v 0.109605908 0.003012132 0.065305118
v 0.109552417 0.002800000 0.065235407
v 0.109605908 0.002587868 0.065305118
v 0.109735046 0.002500000 0.065473413
v 0.109864184 0.002587868 0.065641709
v 0.109406066 0.003012132 0.065947813
v 0.109450000 0.002800000 0.066023909
v 0.109300000 0.003100000 0.065764102
v 0.109193934 0.003012132 0.065580390
v 0.109150000 0.002800000 0.065504294
v 0.109193934 0.002587868 0.065580390
v 0.109300000 0.002500000 0.065764102
v 0.109406066 0.002587868 0.065947813
v 0.108911913 0.003012132 0.066191503
v 0.108945539 0.002800000 0.066272682
v 0.108830734 0.003100000 0.065995518
v 0.108749554 0.003012132 0.065799534
v 0.108715929 0.002800000 0.065718354
v 0.108749554 0.002587868 0.065799534
v 0.108830734 0.002500000 0.065995518
v 0.108911913 0.002587868 0.066191503
v 0.108390180 0.003012132 0.066368607
v 0.108412922 0.002800000 0.066453481
v 0.108335276 0.003100000 0.066163703
v 0.108280372 0.003012132 0.065958799
v 0.108257630 0.002800000 0.065873926
v 0.108280372 0.002587868 0.065958799
v 0.108335276 0.002500000 0.066163703
v 0.108390180 0.002587868 0.066368607
v 0.107849794 0.003012132 0.066476097
v 0.107861263 0.002800000 0.066563213
v 0.107822105 0.003100000 0.066265779
v 0.107794416 0.003012132 0.066055462
v 0.107782947 0.002800000 0.065968346
v 0.107794416 0.002587868 0.066055462
v 0.107822105 0.002500000 0.066265779
v 0.107849794 0.002587868 0.066476097
v 0.107300034 0.003012132 0.066512132
v 0.107300048 0.002800000 0.066600000
v 0.107300000 0.003100000 0.066300000
v 0.107299966 0.003012132 0.066087868
v 0.107299952 0.002800000 0.066000000
v 0.107299966 0.002587868 0.066087868
v 0.107300000 0.002500000 0.066300000
v 0.107300034 0.002587868 0.066512132
v -0.107300034 0.003012132 0.066512132
v -0.107300048 0.002800000 0.066600000
v -0.107300000 0.003100000 0.066300000
v -0.107299966 0.003012132 0.066087868
v -0.107299952 0.002800000 0.066000000
v -0.107299966 0.002587868 0.066087868
v -0.107300000 0.002500000 0.066300000
v -0.107300034 0.002587868 0.066512132
v -0.107849794 0.003012132 0.066476097
v -0.107861263 0.002800000 0.066563213
v -0.107822105 0.003100000 0.066265779
v -0.107794416 0.003012132 0.066055462
v -0.107782947 0.002800000 0.065968346
v -0.107794416 0.002587868 0.066055462
v -0.107822105 0.002500000 0.066265779
v -0.107849794 0.002587868 0.066476097
v -0.108390180 0.003012132 0.066368607
v -0.108412922 0.002800000 0.066453481
v -0.108335276 0.003100000 0.066163703
v -0.108280372 0.003012132 0.065958799
v -0.108257630 0.002800000 0.065873926
v -0.108280372 0.002587868 0.065958799
v -0.108335276 0.002500000 0.066163703
v -0.108390180 0.002587868 0.066368607
v -0.108911913 0.003012132 0.066191503
v -0.108945539 0.002800000 0.066272682
v -0.108830734 0.003100000 0.065995518
v -0.108749554 0.003012132 0.065799534
v -0.108715929 0.002800000 0.065718354
v -0.108749554 0.002587868 0.065799534
v -0.108830734 0.002500000 0.065995518
v -0.108911913 0.002587868 0.066191503
v -0.109406066 0.003012132 0.065947813
v -0.109450000 0.002800000 0.066023909
v -0.109300000 0.003100000 0.065764102
v -0.109193934 0.003012132 0.065580390
v -0.109150000 0.002800000 0.065504294
v -0.109193934 0.002587868 0.065580390
v -0.109300000 0.002500000 0.065764102
v -0.109406066 0.002587868 0.065947813
v -0.109864184 0.003012132 0.065641709
v -0.109917674 0.002800000 0.065711419
v -0.109735046 0.003100000 0.065473413
v -0.109605908 0.003012132 0.065305118
v -0.109552417 0.002800000 0.065235407
v -0.109605908 0.002587868 0.065305118
v -0.109735046 0.002500000 0.065473413
v -0.109864184 0.002587868 0.065641709
v -0.110278427 0.003012132 0.065278427
v -0.110340559 0.002800000 0.065340559
v -0.110128427 0.003100000 0.065128427
v -0.109978427 0.003012132 0.064978427
v -0.109916295 0.002800000 0.064916295
v -0.109978427 0.002587868 0.064978427
v -0.110128427 0.002500000 0.065128427
v -0.110278427 0.002587868 0.065278427
v -0.110641709 0.003012132 0.064864184
v -0.110711419 0.002800000 0.064917674
v -0.110473413 0.003100000 0.064735046
v -0.110305118 0.003012132 0.064605908
v -0.110235407 0.002800000 0.064552417
v -0.110305118 0.002587868 0.064605908
v -0.110473413 0.002500000 0.064735046
v -0.110641709 0.002587868 0.064864184
v -0.110947813 0.003012132 0.064406066
v -0.111023909 0.002800000 0.064450000
v -0.110764102 0.003100000 0.064300000
v -0.110580390 0.003012132 0.064193934
v -0.110504294 0.002800000 0.064150000
v -0.110580390 0.002587868 0.064193934
v -0.110764102 0.002500000 0.064300000
v -0.110947813 0.002587868 0.064406066
v -0.111191503 0.003012132 0.063911913
v -0.111272682 0.002800000 0.063945539
v -0.110995518 0.003100000 0.063830734
v -0.110799534 0.003012132 0.063749554
v -0.110718354 0.002800000 0.063715929
v -0.110799534 0.002587868 0.063749554
v -0.110995518 0.002500000 0.063830734
v -0.111191503 0.002587868 0.063911913
v -0.111368607 0.003012132 0.063390180
v -0.111453481 0.002800000 0.063412922
v -0.111163703 0.003100000 0.063335276
v -0.110958799 0.003012132 0.063280372
v -0.110873926 0.002800000 0.063257630
v -0.110958799 0.002587868 0.063280372
v -0.111163703 0.002500000 0.063335276
v -0.111368607 0.002587868 0.063390180
v -0.111476097 0.003012132 0.062849794
v -0.111563213 0.002800000 0.062861263
v -0.111265779 0.003100000 0.062822105
v -0.111055462 0.003012132 0.062794416
v -0.110968346 0.002800000 0.062782947
v -0.111055462 0.002587868 0.062794416
v -0.111265779 0.002500000 0.062822105
v -0.111476097 0.002587868 0.062849794
v -0.111512132 0.003012132 0.062300058
v -0.111600000 0.002800000 0.062300082
v -0.111300000 0.003100000 0.062300000
v -0.111087868 0.003012132 0.062299942
v -0.111000000 0.002800000 0.062299918
v -0.111087868 0.002587868 0.062299942
v -0.111300000 0.002500000 0.062300000
v -0.111512132 0.002587868 0.062300058
v -0.111512132 0.003012132 -0.062300058
v -0.111600000 0.002800000 -0.062300082
v -0.111300000 0.003100000 -0.062300000
v -0.111087868 0.003012132 -0.062299942
v -0.111000000 0.002800000 -0.062299918
v -0.111087868 0.002587868 -0.062299942
v -0.111300000 0.002500000 -0.062300000
v -0.111512132 0.002587868 -0.062300058
v -0.111476097 0.003012132 -0.062849794
v -0.111563213 0.002800000 -0.062861263
v -0.111265779 0.003100000 -0.062822105
v -0.111055462 0.003012132 -0.062794416
v -0.110968346 0.002800000 -0.062782947
v -0.111055462 0.002587868 -0.062794416
v -0.111265779 0.002500000 -0.062822105
v -0.111476097 0.002587868 -0.062849794
v -0.111368607 0.003012132 -0.063390180
v -0.111453481 0.002800000 -0.063412922
v -0.111163703 0.003100000 -0.063335276
v -0.110958799 0.003012132 -0.063280372
v -0.110873926 0.002800000 -0.063257630
v -0.110958799 0.002587868 -0.063280372
v -0.111163703 0.002500000 -0.063335276
v -0.111368607 0.002587868 -0.063390180
v -0.111191503 0.003012132 -0.063911913
v -0.111272682 0.002800000 -0.063945539
v -0.110995518 0.003100000 -0.063830734
v -0.110799534 0.003012132 -0.063749554
v -0.110718354 0.002800000 -0.063715929
v -0.110799534 0.002587868 -0.063749554
v -0.110995518 0.002500000 -0.063830734
v -0.111191503 0.002587868 -0.063911913
v -0.110947813 0.003012132 -0.064406066
v -0.111023909 0.002800000 -0.064450000
v -0.110764102 0.003100000 -0.064300000
v -0.110580390 0.003012132 -0.064193934
v -0.110504294 0.002800000 -0.064150000
v -0.110580390 0.002587868 -0.064193934
v -0.110764102 0.002500000 -0.064300000
v -0.110947813 0.002587868 -0.064406066
v -0.110641709 0.003012132 -0.064864184
v -0.110711419 0.002800000 -0.064917674
v -0.110473413 0.003100000 -0.064735046
v -0.110305118 0.003012132 -0.064605908
v -0.110235407 0.002800000 -0.064552417
v -0.110305118 0.002587868 -0.064605908
v -0.110473413 0.002500000 -0.064735046
v -0.110641709 0.002587868 -0.064864184
v -0.110278427 0.003012132 -0.065278427
v -0.110340559 0.002800000 -0.065340559
v -0.110128427 0.003100000 -0.065128427
v -0.109978427 0.003012132 -0.064978427
v -0.109916295 0.002800000 -0.064916295
v -0.109978427 0.002587868 -0.064978427
v -0.110128427 0.002500000 -0.065128427
v -0.110278427 0.002587868 -0.065278427
v -0.109864184 0.003012132 -0.065641709
v -0.109917674 0.002800000 -0.065711419
v -0.109735046 0.003100000 -0.065473413
v -0.109605908 0.003012132 -0.065305118
v -0.109552417 0.002800000 -0.065235407
v -0.109605908 0.002587868 -0.065305118
v -0.109735046 0.002500000 -0.065473413
v -0.109864184 0.002587868 -0.065641709
v -0.109406066 0.003012132 -0.065947813
v -0.109450000 0.002800000 -0.066023909
v -0.109300000 0.003100000 -0.065764102
v -0.109193934 0.003012132 -0.065580390
v -0.109150000 0.002800000 -0.065504294
v -0.109193934 0.002587868 -0.065580390
v -0.109300000 0.002500000 -0.065764102
v -0.109406066 0.002587868 -0.065947813
v -0.108911913 0.003012132 -0.066191503
v -0.108945539 0.002800000 -0.066272682
v -0.108830734 0.003100000 -0.065995518
v -0.108749554 0.003012132 -0.065799534
v -0.108715929 0.002800000 -0.065718354
v -0.108749554 0.002587868 -0.065799534
v -0.108830734 0.002500000 -0.065995518
v -0.108911913 0.002587868 -0.066191503
v -0.108390180 0.003012132 -0.066368607
v -0.108412922 0.002800000 -0.066453481
v -0.108335276 0.003100000 -0.066163703
v -0.108280372 0.003012132 -0.065958799
v -0.108257630 0.002800000 -0.065873926
v -0.108280372 0.002587868 -0.065958799
v -0.108335276 0.002500000 -0.066163703
v -0.108390180 0.002587868 -0.066368607
v -0.107849794 0.003012132 -0.066476097
v -0.107861263 0.002800000 -0.066563213
v -0.107822105 0.003100000 -0.066265779
v -0.107794416 0.003012132 -0.066055462
v -0.107782947 0.002800000 -0.065968346
v -0.107794416 0.002587868 -0.066055462
v -0.107822105 0.002500000 -0.066265779
v -0.107849794 0.002587868 -0.066476097
v -0.107300034 0.003012132 -0.066512132
v -0.107300048 0.002800000 -0.066600000
v -0.107300000 0.003100000 -0.066300000
v -0.107299966 0.003012132 -0.066087868
v -0.107299952 0.002800000 -0.066000000
v -0.107299966 0.002587868 -0.066087868
v -0.107300000 0.002500000 -0.066300000
v -0.107300034 0.002587868 -0.066512132
v 0.107300034 0.003012132 -0.066512132
v 0.107300048 0.002800000 -0.066600000
v 0.107300000 0.003100000 -0.066300000
v 0.107299966 0.003012132 -0.066087868
v 0.107299952 0.002800000 -0.066000000
v 0.107299966 0.002587868 -0.066087868
v 0.107300000 0.002500000 -0.066300000
v 0.107300034 0.002587868 -0.066512132
v 0.107849794 0.003012132 -0.066476097
v 0.107861263 0.002800000 -0.066563213
v 0.107822105 0.003100000 -0.066265779
v 0.107794416 0.003012132 -0.066055462
v 0.107782947 0.002800000 -0.065968346
v 0.107794416 0.002587868 -0.066055462
v 0.107822105 0.002500000 -0.066265779
v 0.107849794 0.002587868 -0.066476097
v 0.108390180 0.003012132 -0.066368607
v 0.108412922 0.002800000 -0.066453481
v 0.108335276 0.003100000 -0.066163703
v 0.108280372 0.003012132 -0.065958799
v 0.108257630 0.002800000 -0.065873926
v 0.108280372 0.002587868 -0.065958799
v 0.108335276 0.002500000 -0.066163703
v 0.108390180 0.002587868 -0.066368607
v 0.108911913 0.003012132 -0.066191503
v 0.108945539 0.002800000 -0.066272682
v 0.108830734 0.003100000 -0.065995518
v 0.108749554 0.003012132 -0.065799534
v 0.108715929 0.002800000 -0.065718354
v 0.108749554 0.002587868 -0.065799534
v 0.108830734 0.002500000 -0.065995518
v 0.108911913 0.002587868 -0.066191503
v 0.109406066 0.003012132 -0.065947813
v 0.109450000 0.002800000 -0.066023909
v 0.109300000 0.003100000 -0.065764102
v 0.109193934 0.003012132 -0.065580390
v 0.109150000 0.002800000 -0.065504294
v 0.109193934 0.002587868 -0.065580390
v 0.109300000 0.002500000 -0.065764102
v 0.109406066 0.002587868 -0.065947813
v 0.109864184 0.003012132 -0.065641709
v 0.109917674 0.002800000 -0.065711419
v 0.109735046 0.003100000 -0.065473413
v 0.109605908 0.003012132 -0.065305118
v 0.109552417 0.002800000 -0.065235407
v 0.109605908 0.002587868 -0.065305118
v 0.109735046 0.002500000 -0.065473413
v 0.109864184 0.002587868 -0.065641709
v 0.110278427 0.003012132 -0.065278427
v 0.110340559 0.002800000 -0.065340559
v 0.110128427 0.003100000 -0.065128427
v 0.109978427 0.003012132 -0.064978427
v 0.109916295 0.002800000 -0.064916295
v 0.109978427 0.002587868 -0.064978427
v 0.110128427 0.002500000 -0.065128427
v 0.110278427 0.002587868 -0.065278427
v 0.110641709 0.003012132 -0.064864184
v 0.110711419 0.002800000 -0.064917674
v 0.110473413 0.003100000 -0.064735046
v 0.110305118 0.003012132 -0.064605908
v 0.110235407 0.002800000 -0.064552417
v 0.110305118 0.002587868 -0.064605908
v 0.110473413 0.002500000 -0.064735046
v 0.110641709 0.002587868 -0.064864184
v 0.110947813 0.003012132 -0.064406066
v 0.111023909 0.002800000 -0.064450000
v 0.110764102 0.003100000 -0.064300000
v 0.110580390 0.003012132 -0.064193934
v 0.110504294 0.002800000 -0.064150000
v 0.110580390 0.002587868 -0.064193934
v 0.110764102 0.002500000 -0.064300000
v 0.110947813 0.002587868 -0.064406066
v 0.111191503 0.003012132 -0.063911913
v 0.111272682 0.002800000 -0.063945539
v 0.110995518 0.003100000 -0.063830734
v 0.110799534 0.003012132 -0.063749554
v 0.110718354 0.002800000 -0.063715929
v 0.110799534 0.002587868 -0.063749554
v 0.110995518 0.002500000 -0.063830734
v 0.111191503 0.002587868 -0.063911913
v 0.111368607 0.003012132 -0.063390180
v 0.111453481 0.002800000 -0.063412922
v 0.111163703 0.003100000 -0.063335276
v 0.110958799 0.003012132 -0.063280372
v 0.110873926 0.002800000 -0.063257630
v 0.110958799 0.002587868 -0.063280372
v 0.111163703 0.002500000 -0.063335276
v 0.111368607 0.002587868 -0.063390180
v 0.111476097 0.003012132 -0.062849794
v 0.111563213 0.002800000 -0.062861263
v 0.111265779 0.003100000 -0.062822105
v 0.111055462 0.003012132 -0.062794416
v 0.110968346 0.002800000 -0.062782947
v 0.111055462 0.002587868 -0.062794416
v 0.111265779 0.002500000 -0.062822105
v 0.111476097 0.002587868 -0.062849794
v 0.111512132 0.003012132 -0.062300058
v 0.111600000 0.002800000 -0.062300082
v 0.111300000 0.003100000 -0.062300000
v 0.111087868 0.003012132 -0.062299942
v 0.111000000 0.002800000 -0.062299918
v 0.111087868 0.002587868 -0.062299942
v 0.111300000 0.002500000 -0.062300000
v 0.111512132 0.002587868 -0.062300058
v 0.111600000 0.107200000 0.062300082
v 0.111512132 0.107412132 0.062300058
v 0.111476097 0.107412132 0.062849794
v 0.111563213 0.107200000 0.062861263
v 0.111300000 0.107500000 0.062300000
v 0.111265779 0.107500000 0.062822105
v 0.111087868 0.107412132 0.062299942
v 0.111055462 0.107412132 0.062794416
v 0.111000000 0.107200000 0.062299918
v 0.110968346 0.107200000 0.062782947
v 0.111087868 0.106987868 0.062299942
v 0.111055462 0.106987868 0.062794416
v 0.111300000 0.106900000 0.062300000
v 0.111265779 0.106900000 0.062822105
v 0.111512132 0.106987868 0.062300058
v 0.111476097 0.106987868 0.062849794
v 0.111368607 0.107412132 0.063390180
v 0.111453481 0.107200000 0.063412922
v 0.111163703 0.107500000 0.063335276
v 0.110958799 0.107412132 0.063280372
v 0.110873926 0.107200000 0.063257630
v 0.110958799 0.106987868 0.063280372
v 0.111163703 0.106900000 0.063335276
v 0.111368607 0.106987868 0.063390180
v 0.111191503 0.107412132 0.063911913
v 0.111272682 0.107200000 0.063945539
v 0.110995518 0.107500000 0.063830734
v 0.110799534 0.107412132 0.063749554
v 0.110718354 0.107200000 0.063715929
v 0.110799534 0.106987868 0.063749554
v 0.110995518 0.106900000 0.063830734
v 0.111191503 0.106987868 0.063911913
v 0.110947813 0.107412132 0.064406066
v 0.111023909 0.107200000 0.064450000
v 0.110764102 0.107500000 0.064300000
v 0.110580390 0.107412132 0.064193934
v 0.110504294 0.107200000 0.064150000
v 0.110580390 0.106987868 0.064193934
v 0.110764102 0.106900000 0.064300000
v 0.110947813 0.106987868 0.064406066
v 0.110641709 0.107412132 0.064864184
v 0.110711419 0.107200000 0.064917674
v 0.110473413 0.107500000 0.064735046
v 0.110305118 0.107412132 0.064605908
v 0.110235407 0.107200000 0.064552417
v 0.110305118 0.106987868 0.064605908
v 0.110473413 0.106900000 0.064735046
v 0.110641709 0.106987868 0.064864184
v 0.110278427 0.107412132 0.065278427
v 0.110340559 0.107200000 0.065340559
v 0.110128427 0.107500000 0.065128427
v 0.109978427 0.107412132 0.064978427
v 0.109916295 0.107200000 0.064916295
v 0.109978427 0.106987868 0.064978427
v 0.110128427 0.106900000 0.065128427
v 0.110278427 0.106987868 0.065278427
v 0.109864184 0.107412132 0.065641709
v 0.109917674 0.107200000 0.065711419
v 0.109735046 0.107500000 0.065473413
v 0.109605908 0.107412132 0.065305118
v 0.109552417 0.107200000 0.065235407
v 0.109605908 0.106987868 0.065305118
v 0.109735046 0.106900000 0.065473413
v 0.109864184 0.106987868 0.065641709
v 0.109406066 0.107412132 0.065947813
v 0.109450000 0.107200000 0.066023909
v 0.109300000 0.107500000 0.065764102
v 0.109193934 0.107412132 0.065580390
v 0.109150000 0.107200000 0.065504294
v 0.109193934 0.106987868 0.065580390
v 0.109300000 0.106900000 0.065764102
v 0.109406066 0.106987868 0.065947813
v 0.108911913 0.107412132 0.066191503
v 0.108945539 0.107200000 0.066272682
v 0.108830734 0.107500000 0.065995518
v 0.108749554 0.107412132 0.065799534
v 0.108715929 0.107200000 0.065718354
v 0.108749554 0.106987868 0.065799534
v 0.108830734 0.106900000 0.065995518
v 0.108911913 0.106987868 0.066191503
v 0.108390180 0.107412132 0.066368607
v 0.108412922 0.107200000 0.066453481
v 0.108335276 0.107500000 0.066163703
v 0.108280372 0.107412132 0.065958799
v 0.108257630 0.107200000 0.065873926
v 0.108280372 0.106987868 0.065958799
v 0.108335276 0.106900000 0.066163703
v 0.108390180 0.106987868 0.066368607
v 0.107849794 0.107412132 0.066476097
v 0.107861263 0.107200000 0.066563213
v 0.107822105 0.107500000 0.066265779
v 0.107794416 0.107412132 0.066055462
v 0.107782947 0.107200000 0.065968346
v 0.107794416 0.106987868 0.066055462
v 0.107822105 0.106900000 0.066265779
v 0.107849794 0.106987868 0.066476097
v 0.107300034 0.107412132 0.066512132
v 0.107300048 0.107200000 0.066600000
v 0.107300000 0.107500000 0.066300000
v 0.107299966 0.107412132 0.066087868
v 0.107299952 0.107200000 0.066000000
v 0.107299966 0.106987868 0.066087868
v 0.107300000 0.106900000 0.066300000
v 0.107300034 0.106987868 0.066512132
v -0.107300034 0.107412132 0.066512132
v -0.107300048 0.107200000 0.066600000
v -0.107300000 0.107500000 0.066300000
v -0.107299966 0.107412132 0.066087868
v -0.107299952 0.107200000 0.066000000
v -0.107299966 0.106987868 0.066087868
v -0.107300000 0.106900000 0.066300000
v -0.107300034 0.106987868 0.066512132
v -0.107849794 0.107412132 0.066476097
v -0.107861263 0.107200000 0.066563213
v -0.107822105 0.107500000 0.066265779
v -0.107794416 0.107412132 0.066055462
v -0.107782947 0.107200000 0.065968346
v -0.107794416 0.106987868 0.066055462
v -0.107822105 0.106900000 0.066265779
v -0.107849794 0.106987868 0.066476097
v -0.108390180 0.107412132 0.066368607
v -0.108412922 0.107200000 0.066453481
v -0.108335276 0.107500000 0.066163703
v -0.108280372 0.107412132 0.065958799
v -0.108257630 0.107200000 0.065873926
v -0.108280372 0.106987868 0.065958799
v -0.108335276 0.106900000 0.066163703
v -0.108390180 0.106987868 0.066368607
v -0.108911913 0.107412132 0.066191503
v -0.108945539 0.107200000 0.066272682
v -0.108830734 0.107500000 0.065995518
v -0.108749554 0.107412132 0.065799534
v -0.108715929 0.107200000 0.065718354
v -0.108749554 0.106987868 0.065799534
v -0.108830734 0.106900000 0.065995518
v -0.108911913 0.106987868 0.066191503
v -0.109406066 0.107412132 0.065947813
v -0.109450000 0.107200000 0.066023909
v -0.109300000 0.107500000 0.065764102
v -0.109193934 0.107412132 0.065580390
v -0.109150000 0.107200000 0.065504294
v -0.109193934 0.106987868 0.065580390
v -0.109300000 0.106900000 0.065764102
v -0.109406066 0.106987868 0.065947813
v -0.109864184 0.107412132 0.065641709
v -0.109917674 0.107200000 0.065711419
v -0.109735046 0.107500000 0.065473413
v -0.109605908 0.107412132 0.065305118
v -0.109552417 0.107200000 0.065235407
v -0.109605908 0.106987868 0.065305118
v -0.109735046 0.106900000 0.065473413
v -0.109864184 0.106987868 0.065641709
v -0.110278427 0.107412132 0.065278427
v -0.110340559 0.107200000 0.065340559
v -0.110128427 0.107500000 0.065128427
v -0.109978427 0.107412132 0.064978427
v -0.109916295 0.107200000 0.064916295
v -0.109978427 0.106987868 0.064978427
v -0.110128427 0.106900000 0.065128427
v -0.110278427 0.106987868 0.065278427
v -0.110641709 0.107412132 0.064864184
v -0.110711419 0.107200000 0.064917674
v -0.110473413 0.107500000 0.064735046
v -0.110305118 0.107412132 0.064605908
v -0.110235407 0.107200000 0.064552417
v -0.110305118 0.106987868 0.064605908
v -0.110473413 0.106900000 0.064735046
v -0.110641709 0.106987868 0.064864184
v -0.110947813 0.107412132 0.064406066
v -0.111023909 0.107200000 0.064450000
v -0.110764102 0.107500000 0.064300000
v -0.110580390 0.107412132 0.064193934
v -0.110504294 0.107200000 0.064150000
v -0.110580390 0.106987868 0.064193934
v -0.110764102 0.106900000 0.064300000
v -0.110947813 0.106987868 0.064406066
v -0.111191503 0.107412132 0.063911913
v -0.111272682 0.107200000 0.063945539
v -0.110995518 0.107500000 0.063830734
v -0.110799534 0.107412132 0.063749554
v -0.110718354 0.107200000 0.063715929
v -0.110799534 0.106987868 0.063749554
v -0.110995518 0.106900000 0.063830734
v -0.111191503 0.106987868 0.063911913
v -0.111368607 0.107412132 0.063390180
v -0.111453481 0.107200000 0.063412922
v -0.111163703 0.107500000 0.063335276
v -0.110958799 0.107412132 0.063280372
v -0.110873926 0.107200000 0.063257630
v -0.110958799 0.106987868 0.063280372
v -0.111163703 0.106900000 0.063335276
v -0.111368607 0.106987868 0.063390180
v -0.111476097 0.107412132 0.062849794
v -0.111563213 0.107200000 0.062861263
v -0.111265779 0.107500000 0.062822105
v -0.111055462 0.107412132 0.062794416
v -0.110968346 0.107200000 0.062782947
v -0.111055462 0.106987868 0.062794416
v -0.111265779 0.106900000 0.062822105
v -0.111476097 0.106987868 0.062849794
v -0.111512132 0.107412132 0.062300058
v -0.111600000 0.107200000 0.062300082
v -0.111300000 0.107500000 0.062300000
v -0.111087868 0.107412132 0.062299942
v -0.111000000 0.107200000 0.062299918
v -0.111087868 0.106987868 0.062299942
v -0.111300000 0.106900000 0.062300000
v -0.111512132 0.106987868 0.062300058
v -0.111512132 0.107412132 -0.062300058
v -0.111600000 0.107200000 -0.062300082
v -0.111300000 0.107500000 -0.062300000
v -0.111087868 0.107412132 -0.062299942
v -0.111000000 0.107200000 -0.062299918
v -0.111087868 0.106987868 -0.062299942
v -0.111300000 0.106900000 -0.062300000
v -0.111512132 0.106987868 -0.062300058
v -0.111476097 0.107412132 -0.062849794
v -0.111563213 0.107200000 -0.062861263
v -0.111265779 0.107500000 -0.062822105
v -0.111055462 0.107412132 -0.062794416
v -0.110968346 0.107200000 -0.062782947
v -0.111055462 0.106987868 -0.062794416
v -0.111265779 0.106900000 -0.062822105
v -0.111476097 0.106987868 -0.062849794
v -0.111368607 0.107412132 -0.063390180
v -0.111453481 0.107200000 -0.063412922
v -0.111163703 0.107500000 -0.063335276
v -0.110958799 0.107412132 -0.063280372
v -0.110873926 0.107200000 -0.063257630
v -0.110958799 0.106987868 -0.063280372
v -0.111163703 0.106900000 -0.063335276
v -0.111368607 0.106987868 -0.063390180
v -0.111191503 0.107412132 -0.063911913
v -0.111272682 0.107200000 -0.063945539
v -0.110995518 0.107500000 -0.063830734
v -0.110799534 0.107412132 -0.063749554
v -0.110718354 0.107200000 -0.063715929
v -0.110799534 0.106987868 -0.063749554
v -0.110995518 0.106900000 -0.063830734
v -0.111191503 0.106987868 -0.063911913
v -0.110947813 0.107412132 -0.064406066
v -0.111023909 0.107200000 -0.064450000
v -0.110764102 0.107500000 -0.064300000
v -0.110580390 0.107412132 -0.064193934
v -0.110504294 0.107200000 -0.064150000
v -0.110580390 0.106987868 -0.064193934
v -0.110764102 0.106900000 -0.064300000
v -0.110947813 0.106987868 -0.064406066
v -0.110641709 0.107412132 -0.064864184
v -0.110711419 0.107200000 -0.064917674
v -0.110473413 0.107500000 -0.064735046
v -0.110305118 0.107412132 -0.064605908
v -0.110235407 0.107200000 -0.064552417
v -0.110305118 0.106987868 -0.064605908
v -0.110473413 0.106900000 -0.064735046
v -0.110641709 0.106987868 -0.064864184
v -0.110278427 0.107412132 -0.065278427
v -0.110340559 0.107200000 -0.065340559
v -0.110128427 0.107500000 -0.065128427
v -0.109978427 0.107412132 -0.064978427
v -0.109916295 0.107200000 -0.064916295
v -0.109978427 0.106987868 -0.064978427
v -0.110128427 0.106900000 -0.065128427
v -0.110278427 0.106987868 -0.065278427
v -0.109864184 0.107412132 -0.065641709
v -0.109917674 0.107200000 -0.065711419
v -0.109735046 0.107500000 -0.065473413
v -0.109605908 0.107412132 -0.065305118
v -0.109552417 0.107200000 -0.065235407
v -0.109605908 0.106987868 -0.065305118
v -0.109735046 0.106900000 -0.065473413
v -0.109864184 0.106987868 -0.065641709
v -0.109406066 0.107412132 -0.065947813
v -0.109450000 0.107200000 -0.066023909
v -0.109300000 0.107500000 -0.065764102
v -0.109193934 0.107412132 -0.065580390
v -0.109150000 0.107200000 -0.065504294
v -0.109193934 0.106987868 -0.065580390
v -0.109300000 0.106900000 -0.065764102
v -0.109406066 0.106987868 -0.065947813
v -0.108911913 0.107412132 -0.066191503
v -0.108945539 0.107200000 -0.066272682
v -0.108830734 0.107500000 -0.065995518
v -0.108749554 0.107412132 -0.065799534
v -0.108715929 0.107200000 -0.065718354
v -0.108749554 0.106987868 -0.065799534
v -0.108830734 0.106900000 -0.065995518
v -0.108911913 0.106987868 -0.066191503
v -0.108390180 0.107412132 -0.066368607
v -0.108412922 0.107200000 -0.066453481
v -0.108335276 0.107500000 -0.066163703
v -0.108280372 0.107412132 -0.065958799
v -0.108257630 0.107200000 -0.065873926
v -0.108280372 0.106987868 -0.065958799
v -0.108335276 0.106900000 -0.066163703
v -0.108390180 0.106987868 -0.066368607
v -0.107849794 0.107412132 -0.066476097
v -0.107861263 0.107200000 -0.066563213
v -0.107822105 0.107500000 -0.066265779
v -0.107794416 0.107412132 -0.066055462
v -0.107782947 0.107200000 -0.065968346
v -0.107794416 0.106987868 -0.066055462
v -0.107822105 0.106900000 -0.066265779
v -0.107849794 0.106987868 -0.066476097
v -0.107300034 0.107412132 -0.066512132
v -0.107300048 0.107200000 -0.066600000
v -0.107300000 0.107500000 -0.066300000
v -0.107299966 0.107412132 -0.066087868
v -0.107299952 0.107200000 -0.066000000
v -0.107299966 0.106987868 -0.066087868
v -0.107300000 0.106900000 -0.066300000
v -0.107300034 0.106987868 -0.066512132
v 0.107300034 0.107412132 -0.066512132
v 0.107300048 0.107200000 -0.066600000
v 0.107300000 0.107500000 -0.066300000
v 0.107299966 0.107412132 -0.066087868
v 0.107299952 0.107200000 -0.066000000
v 0.107299966 0.106987868 -0.066087868
v 0.107300000 0.106900000 -0.066300000
v 0.107300034 0.106987868 -0.066512132
v 0.107849794 0.107412132 -0.066476097
v 0.107861263 0.107200000 -0.066563213
v 0.107822105 0.107500000 -0.066265779
v 0.107794416 0.107412132 -0.066055462
v 0.107782947 0.107200000 -0.065968346
v 0.107794416 0.106987868 -0.066055462
v 0.107822105 0.106900000 -0.066265779
v 0.107849794 0.106987868 -0.066476097
v 0.108390180 0.107412132 -0.066368607
v 0.108412922 0.107200000 -0.066453481
v 0.108335276 0.107500000 -0.066163703
v 0.108280372 0.107412132 -0.065958799
v 0.108257630 0.107200000 -0.065873926
v 0.108280372 0.106987868 -0.065958799
v 0.108335276 0.106900000 -0.066163703
v 0.108390180 0.106987868 -0.066368607
v 0.108911913 0.107412132 -0.066191503
v 0.108945539 0.107200000 -0.066272682
v 0.108830734 0.107500000 -0.065995518
v 0.108749554 0.107412132 -0.065799534
v 0.108715929 0.107200000 -0.065718354
v 0.108749554 0.106987868 -0.065799534
v 0.108830734 0.106900000 -0.065995518
v 0.108911913 0.106987868 -0.066191503
v 0.109406066 0.107412132 -0.065947813
v 0.109450000 0.107200000 -0.066023909
v 0.109300000 0.107500000 -0.065764102
v 0.109193934 0.107412132 -0.065580390
v 0.109150000 0.107200000 -0.065504294
v 0.109193934 0.106987868 -0.065580390
v 0.109300000 0.106900000 -0.065764102
v 0.109406066 0.106987868 -0.065947813
v 0.109864184 0.107412132 -0.065641709
v 0.109917674 0.107200000 -0.065711419
v 0.109735046 0.107500000 -0.065473413
v 0.109605908 0.107412132 -0.065305118
v 0.109552417 0.107200000 -0.065235407
v 0.109605908 0.106987868 -0.065305118
v 0.109735046 0.106900000 -0.065473413
v 0.109864184 0.106987868 -0.065641709
v 0.110278427 0.107412132 -0.065278427
v 0.110340559 0.107200000 -0.065340559
v 0.110128427 0.107500000 -0.065128427
v 0.109978427 0.107412132 -0.064978427
v 0.109916295 0.107200000 -0.064916295
v 0.109978427 0.106987868 -0.064978427
v 0.110128427 0.106900000 -0.065128427
v 0.110278427 0.106987868 -0.065278427
v 0.110641709 0.107412132 -0.064864184
v 0.110711419 0.107200000 -0.064917674
v 0.110473413 0.107500000 -0.064735046
v 0.110305118 0.107412132 -0.064605908
v 0.110235407 0.107200000 -0.064552417
v 0.110305118 0.106987868 -0.064605908
v 0.110473413 0.106900000 -0.064735046
v 0.110641709 0.106987868 -0.064864184
v 0.110947813 0.107412132 -0.064406066
v 0.111023909 0.107200000 -0.064450000
v 0.110764102 0.107500000 -0.064300000
v 0.110580390 0.107412132 -0.064193934
v 0.110504294 0.107200000 -0.064150000
v 0.110580390 0.106987868 -0.064193934
v 0.110764102 0.106900000 -0.064300000
v 0.110947813 0.106987868 -0.064406066
v 0.111191503 0.107412132 -0.063911913
v 0.111272682 0.107200000 -0.063945539
v 0.110995518 0.107500000 -0.063830734
v 0.110799534 0.107412132 -0.063749554
v 0.110718354 0.107200000 -0.063715929
v 0.110799534 0.106987868 -0.063749554
v 0.110995518 0.106900000 -0.063830734
v 0.111191503 0.106987868 -0.063911913
v 0.111368607 0.107412132 -0.063390180
v 0.111453481 0.107200000 -0.063412922
v 0.111163703 0.107500000 -0.063335276
v 0.110958799 0.107412132 -0.063280372
v 0.110873926 0.107200000 -0.063257630
v 0.110958799 0.106987868 -0.063280372
v 0.111163703 0.106900000 -0.063335276
v 0.111368607 0.106987868 -0.063390180
v 0.111476097 0.107412132 -0.062849794
v 0.111563213 0.107200000 -0.062861263
v 0.111265779 0.107500000 -0.062822105
v 0.111055462 0.107412132 -0.062794416
v 0.110968346 0.107200000 -0.062782947
v 0.111055462 0.106987868 -0.062794416
v 0.111265779 0.106900000 -0.062822105
v 0.111476097 0.106987868 -0.062849794
v 0.111512132 0.107412132 -0.062300058
v 0.111600000 0.107200000 -0.062300082
v 0.111300000 0.107500000 -0.062300000
v 0.111087868 0.107412132 -0.062299942
v 0.111000000 0.107200000 -0.062299918
v 0.111087868 0.106987868 -0.062299942
v 0.111300000 0.106900000 -0.062300000
v 0.111512132 0.106987868 -0.062300058
v -0.105000000 0.004500000 -0.068750000
v -0.105000000 0.004040381 -0.068559619
v -0.110164283 0.004040381 -0.068529256
v -0.110232332 0.004500000 -0.068707060
v -0.105000000 0.003850000 -0.068100000
v -0.110000000 0.003850000 -0.068100000
v -0.105000000 0.004040381 -0.067640381
v -0.109835717 0.004040381 -0.067670744
v -0.105000000 0.004500000 -0.067450000
v -0.109767668 0.004500000 -0.067492940
v -0.105000000 0.004959619 -0.067640381
v -0.109835717 0.004959619 -0.067670744
v -0.105000000 0.005150000 -0.068100000
v -0.110000000 0.005150000 -0.068100000
v -0.105000000 0.004959619 -0.068559619
v -0.110164283 0.004959619 -0.068529256
v -0.113529256 0.004040381 -0.065164283
v -0.113707060 0.004500000 -0.065232332
v -0.113100000 0.003850000 -0.065000000
v -0.112670744 0.004040381 -0.064835717
v -0.112492940 0.004500000 -0.064767668
v -0.112670744 0.004959619 -0.064835717
v -0.113100000 0.005150000 -0.065000000
v -0.113529256 0.004959619 -0.065164283
v -0.113559619 0.004040381 -0.060000000
v -0.113750000 0.004500000 -0.060000000
v -0.113100000 0.003850000 -0.060000000
v -0.112640381 0.004040381 -0.060000000
v -0.112450000 0.004500000 -0.060000000
v -0.112640381 0.004959619 -0.060000000
v -0.113100000 0.005150000 -0.060000000
v -0.113559619 0.004959619 -0.060000000
v -0.105000000 0.004500000 -0.068100000
v -0.113100000 0.004500000 -0.060000000
v -0.105000000 0.105500000 -0.068750000
v -0.105000000 0.105040381 -0.068559619
v -0.110164283 0.105040381 -0.068529256
v -0.110232332 0.105500000 -0.068707060
v -0.105000000 0.104850000 -0.068100000
v -0.110000000 0.104850000 -0.068100000
v -0.105000000 0.105040381 -0.067640381
v -0.109835717 0.105040381 -0.067670744
v -0.105000000 0.105500000 -0.067450000
v -0.109767668 0.105500000 -0.067492940
v -0.105000000 0.105959619 -0.067640381
v -0.109835717 0.105959619 -0.067670744
v -0.105000000 0.106150000 -0.068100000
v -0.110000000 0.106150000 -0.068100000
v -0.105000000 0.105959619 -0.068559619
v -0.110164283 0.105959619 -0.068529256
v -0.113529256 0.105040381 -0.065164283
v -0.113707060 0.105500000 -0.065232332
v -0.113100000 0.104850000 -0.065000000
v -0.112670744 0.105040381 -0.064835717
v -0.112492940 0.105500000 -0.064767668
v -0.112670744 0.105959619 -0.064835717
v -0.113100000 0.106150000 -0.065000000
v -0.113529256 0.105959619 -0.065164283
v -0.113559619 0.105040381 -0.060000000
v -0.113750000 0.105500000 -0.060000000
v -0.113100000 0.104850000 -0.060000000
v -0.112640381 0.105040381 -0.060000000
v -0.112450000 0.105500000 -0.060000000
v -0.112640381 0.105959619 -0.060000000
v -0.113100000 0.106150000 -0.060000000
v -0.113559619 0.105959619 -0.060000000
v -0.105000000 0.105500000 -0.068100000
v -0.113100000 0.105500000 -0.060000000
v -0.105000000 0.004500000 0.067450000
v -0.105000000 0.004040381 0.067640381
v -0.109835717 0.004040381 0.067670744
v -0.109767668 0.004500000 0.067492940
v -0.105000000 0.003850000 0.068100000
v -0.110000000 0.003850000 0.068100000
v -0.105000000 0.004040381 0.068559619
v -0.110164283 0.004040381 0.068529256
v -0.105000000 0.004500000 0.068750000
v -0.110232332 0.004500000 0.068707060
v -0.105000000 0.004959619 0.068559619
v -0.110164283 0.004959619 0.068529256
v -0.105000000 0.005150000 0.068100000
v -0.110000000 0.005150000 0.068100000
v -0.105000000 0.004959619 0.067640381
v -0.109835717 0.004959619 0.067670744
v -0.112670744 0.004040381 0.064835717
v -0.112492940 0.004500000 0.064767668
v -0.113100000 0.003850000 0.065000000
v -0.113529256 0.004040381 0.065164283
v -0.113707060 0.004500000 0.065232332
v -0.113529256 0.004959619 0.065164283
v -0.113100000 0.005150000 0.065000000
v -0.112670744 0.004959619 0.064835717
v -0.112640381 0.004040381 0.060000000
v -0.112450000 0.004500000 0.060000000
v -0.113100000 0.003850000 0.060000000
v -0.113559619 0.004040381 0.060000000
v -0.113750000 0.004500000 0.060000000
v -0.113559619 0.004959619 0.060000000
v -0.113100000 0.005150000 0.060000000
v -0.112640381 0.004959619 0.060000000
v -0.105000000 0.004500000 0.068100000
v -0.113100000 0.004500000 0.060000000
v -0.105000000 0.105500000 0.067450000
v -0.105000000 0.105040381 0.067640381
v -0.109835717 0.105040381 0.067670744
v -0.109767668 0.105500000 0.067492940
v -0.105000000 0.104850000 0.068100000
v -0.110000000 0.104850000 0.068100000
v -0.105000000 0.105040381 0.068559619
v -0.110164283 0.105040381 0.068529256
v -0.105000000 0.105500000 0.068750000
v -0.110232332 0.105500000 0.068707060
v -0.105000000 0.105959619 0.068559619
v -0.110164283 0.105959619 0.068529256
v -0.105000000 0.106150000 0.068100000
v -0.110000000 0.106150000 0.068100000
v -0.105000000 0.105959619 0.067640381
v -0.109835717 0.105959619 0.067670744
v -0.112670744 0.105040381 0.064835717
v -0.112492940 0.105500000 0.064767668
v -0.113100000 0.104850000 0.065000000
v -0.113529256 0.105040381 0.065164283
v -0.113707060 0.105500000 0.065232332
v -0.113529256 0.105959619 0.065164283
v -0.113100000 0.106150000 0.065000000
v -0.112670744 0.105959619 0.064835717
v -0.112640381 0.105040381 0.060000000
v -0.112450000 0.105500000 0.060000000
v -0.113100000 0.104850000 0.060000000
v -0.113559619 0.105040381 0.060000000
v -0.113750000 0.105500000 0.060000000
v -0.113559619 0.105959619 0.060000000
v -0.113100000 0.106150000 0.060000000
v -0.112640381 0.105959619 0.060000000
v -0.105000000 0.105500000 0.068100000
v -0.113100000 0.105500000 0.060000000
v 0.105000000 0.004500000 -0.067450000
v 0.105000000 0.004040381 -0.067640381
v 0.109835717 0.004040381 -0.067670744
v 0.109767668 0.004500000 -0.067492940
v 0.105000000 0.003850000 -0.068100000
v 0.110000000 0.003850000 -0.068100000
v 0.105000000 0.004040381 -0.068559619
v 0.110164283 0.004040381 -0.068529256
v 0.105000000 0.004500000 -0.068750000
v 0.110232332 0.004500000 -0.068707060
v 0.105000000 0.004959619 -0.068559619
v 0.110164283 0.004959619 -0.068529256
v 0.105000000 0.005150000 -0.068100000
v 0.110000000 0.005150000 -0.068100000
v 0.105000000 0.004959619 -0.067640381
v 0.109835717 0.004959619 -0.067670744
v 0.112670744 0.004040381 -0.064835717
v 0.112492940 0.004500000 -0.064767668
v 0.113100000 0.003850000 -0.065000000
v 0.113529256 0.004040381 -0.065164283
v 0.113707060 0.004500000 -0.065232332
v 0.113529256 0.004959619 -0.065164283
v 0.113100000 0.005150000 -0.065000000
v 0.112670744 0.004959619 -0.064835717
v 0.112640381 0.004040381 -0.060000000
v 0.112450000 0.004500000 -0.060000000
v 0.113100000 0.003850000 -0.060000000
v 0.113559619 0.004040381 -0.060000000
v 0.113750000 0.004500000 -0.060000000
v 0.113559619 0.004959619 -0.060000000
v 0.113100000 0.005150000 -0.060000000
v 0.112640381 0.004959619 -0.060000000
v 0.105000000 0.004500000 -0.068100000
v 0.113100000 0.004500000 -0.060000000
v 0.105000000 0.105500000 -0.067450000
v 0.105000000 0.105040381 -0.067640381
v 0.109835717 0.105040381 -0.067670744
v 0.109767668 0.105500000 -0.067492940
v 0.105000000 0.104850000 -0.068100000
v 0.110000000 0.104850000 -0.068100000
v 0.105000000 0.105040381 -0.068559619
v 0.110164283 0.105040381 -0.068529256
v 0.105000000 0.105500000 -0.068750000
v 0.110232332 0.105500000 -0.068707060
v 0.105000000 0.105959619 -0.068559619
v 0.110164283 0.105959619 -0.068529256
v 0.105000000 0.106150000 -0.068100000
v 0.110000000 0.106150000 -0.068100000
v 0.105000000 0.105959619 -0.067640381
v 0.109835717 0.105959619 -0.067670744
v 0.112670744 0.105040381 -0.064835717
v 0.112492940 0.105500000 -0.064767668
v 0.113100000 0.104850000 -0.065000000
v 0.113529256 0.105040381 -0.065164283
v 0.113707060 0.105500000 -0.065232332
v 0.113529256 0.105959619 -0.065164283
v 0.113100000 0.106150000 -0.065000000
v 0.112670744 0.105959619 -0.064835717
v 0.112640381 0.105040381 -0.060000000
v 0.112450000 0.105500000 -0.060000000
v 0.113100000 0.104850000 -0.060000000
v 0.113559619 0.105040381 -0.060000000
v 0.113750000 0.105500000 -0.060000000
v 0.113559619 0.105959619 -0.060000000
v 0.113100000 0.106150000 -0.060000000
v 0.112640381 0.105959619 -0.060000000
v 0.105000000 0.105500000 -0.068100000
v 0.113100000 0.105500000 -0.060000000
v 0.105000000 0.004500000 0.068750000
v 0.105000000 0.004040381 0.068559619
v 0.110164283 0.004040381 0.068529256
v 0.110232332 0.004500000 0.068707060
v 0.105000000 0.003850000 0.068100000
v 0.110000000 0.003850000 0.068100000
v 0.105000000 0.004040381 0.067640381
v 0.109835717 0.004040381 0.067670744
v 0.105000000 0.004500000 0.067450000
v 0.109767668 0.004500000 0.067492940
v 0.105000000 0.004959619 0.067640381
v 0.109835717 0.004959619 0.067670744
v 0.105000000 0.005150000 0.068100000
v 0.110000000 0.005150000 0.068100000
v 0.105000000 0.004959619 0.068559619
v 0.110164283 0.004959619 0.068529256
v 0.113529256 0.004040381 0.065164283
v 0.113707060 0.004500000 0.065232332
v 0.113100000 0.003850000 0.065000000
v 0.112670744 0.004040381 0.064835717
v 0.112492940 0.004500000 0.064767668
v 0.112670744 0.004959619 0.064835717
v 0.113100000 0.005150000 0.065000000
v 0.113529256 0.004959619 0.065164283
v 0.113559619 0.004040381 0.060000000
v 0.113750000 0.004500000 0.060000000
v 0.113100000 0.003850000 0.060000000
v 0.112640381 0.004040381 0.060000000
v 0.112450000 0.004500000 0.060000000
v 0.112640381 0.004959619 0.060000000
v 0.113100000 0.005150000 0.060000000
v 0.113559619 0.004959619 0.060000000
v 0.105000000 0.004500000 0.068100000
v 0.113100000 0.004500000 0.060000000
v 0.105000000 0.105500000 0.068750000
v 0.105000000 0.105040381 0.068559619
v 0.110164283 0.105040381 0.068529256
v 0.110232332 0.105500000 0.068707060
v 0.105000000 0.104850000 0.068100000
v 0.110000000 0.104850000 0.068100000
v 0.105000000 0.105040381 0.067640381
v 0.109835717 0.105040381 0.067670744
v 0.105000000 0.105500000 0.067450000
v 0.109767668 0.105500000 0.067492940
v 0.105000000 0.105959619 0.067640381
v 0.109835717 0.105959619 0.067670744
v 0.105000000 0.106150000 0.068100000
v 0.110000000 0.106150000 0.068100000
v 0.105000000 0.105959619 0.068559619
v 0.110164283 0.105959619 0.068529256
v 0.113529256 0.105040381 0.065164283
v 0.113707060 0.105500000 0.065232332
v 0.113100000 0.104850000 0.065000000
v 0.112670744 0.105040381 0.064835717
v 0.112492940 0.105500000 0.064767668
v 0.112670744 0.105959619 0.064835717
v 0.113100000 0.106150000 0.065000000
v 0.113529256 0.105959619 0.065164283
v 0.113559619 0.105040381 0.060000000
v 0.113750000 0.105500000 0.060000000
v 0.113100000 0.104850000 0.060000000
v 0.112640381 0.105040381 0.060000000
v 0.112450000 0.105500000 0.060000000
v 0.112640381 0.105959619 0.060000000
v 0.113100000 0.106150000 0.060000000
v 0.113559619 0.105959619 0.060000000
v 0.105000000 0.105500000 0.068100000
v 0.113100000 0.105500000 0.060000000
vt 0.000000000 0.000000000
vt 1.000000000 0.000000000
vt 1.000000000 1.000000000
vt 0.000000000 1.000000000
vt 0.125000000 0.000000000
vt 0.125000000 0.500000000
vt 0.000000000 0.500000000
vt 0.250000000 0.000000000
vt 0.250000000 0.500000000
vt 0.375000000 0.000000000
vt 0.375000000 0.500000000
vt 0.500000000 0.000000000
vt 0.500000000 0.500000000
vt 0.625000000 0.000000000
vt 0.625000000 0.500000000
vt 0.750000000 0.000000000
vt 0.750000000 0.500000000
vt 0.875000000 0.000000000
vt 0.875000000 0.500000000
vt 1.000000000 0.500000000
vt 0.008043478 0.007727273
vt 0.010502980 0.007727273
vt 0.011521739 0.007727273
vt 0.005583976 0.007727273
vt 0.004565217 0.007727273
vt 0.008043478 0.992272727
vt 0.011521739 0.992272727
vt 0.010502980 0.992272727
vt 0.005583976 0.992272727
vt 0.004565217 0.992272727
vt 0.991956522 0.007727273
vt 0.994416024 0.007727273
vt 0.995434783 0.007727273
vt 0.989497020 0.007727273
vt 0.988478261 0.007727273
vt 0.991956522 0.992272727
vt 0.995434783 0.992272727
vt 0.994416024 0.992272727
vt 0.989497020 0.992272727
vt 0.988478261 0.992272727
vt 0.125000000 0.250000000
vt 0.000000000 0.250000000
vt 0.250000000 0.250000000
vt 0.375000000 0.250000000
vt 0.500000000 0.250000000
vt 0.625000000 0.250000000
vt 0.750000000 0.250000000
vt 0.875000000 0.250000000
vt 1.000000000 0.250000000
vt 0.125000000 0.750000000
vt 0.000000000 0.750000000
vt 0.250000000 0.750000000
vt 0.375000000 0.750000000
vt 0.500000000 0.750000000
vt 0.625000000 0.750000000
vt 0.750000000 0.750000000
vt 0.875000000 0.750000000
vt 1.000000000 0.750000000
vt 0.043478261 0.040909091
vt 0.043478261 0.036730733
vt 0.043478261 0.035000000
vt 0.043478261 0.045087449
vt 0.043478261 0.046818182
vt 0.008260870 0.040909091
vt 0.005434783 0.040909091
vt 0.006262524 0.036730733
vt 0.008260870 0.035000000
vt 0.010259215 0.036730733
vt 0.011086957 0.040909091
vt 0.010259215 0.045087449
vt 0.008260870 0.046818182
vt 0.006262524 0.045087449
vt 0.043478261 0.959090909
vt 0.043478261 0.954912551
vt 0.043478261 0.953181818
vt 0.043478261 0.963269267
vt 0.043478261 0.965000000
vt 0.008260870 0.959090909
vt 0.005434783 0.959090909
vt 0.006262524 0.954912551
vt 0.008260870 0.953181818
vt 0.010259215 0.954912551
vt 0.011086957 0.959090909
vt 0.010259215 0.963269267
vt 0.008260870 0.965000000
vt 0.006262524 0.963269267
vt 0.956521739 0.040909091
vt 0.956521739 0.036730733
vt 0.956521739 0.035000000
vt 0.956521739 0.045087449
vt 0.956521739 0.046818182
vt 0.991739130 0.040909091
vt 0.988913043 0.040909091
vt 0.989740785 0.036730733
vt 0.991739130 0.035000000
vt 0.993737476 0.036730733
vt 0.994565217 0.040909091
vt 0.993737476 0.045087449
vt 0.991739130 0.046818182
vt 0.989740785 0.045087449
vt 0.956521739 0.959090909
vt 0.956521739 0.954912551
vt 0.956521739 0.953181818
vt 0.956521739 0.963269267
vt 0.956521739 0.965000000
vt 0.991739130 0.959090909
vt 0.988913043 0.959090909
vt 0.989740785 0.954912551
vt 0.991739130 0.953181818
vt 0.993737476 0.954912551
vt 0.994565217 0.959090909
vt 0.993737476 0.963269267
vt 0.991739130 0.965000000
vt 0.989740785 0.963269267
vn 0.922187532 0.381988094 0.060458678
vn 0.922188802 0.381984211 0.060463837
vn 0.382558404 0.923591009 0.025074203
vn 0.382562343 0.923589198 0.025080813
vn -0.382558492 0.923591219 -0.025065133
vn -0.382563111 0.923589051 -0.025074511
vn -0.922190279 0.381989228 -0.060409592
vn -0.922191963 0.381983235 -0.060421778
vn -0.922189606 -0.381988950 -0.060421623
vn -0.922192866 -0.381982956 -0.060409761
vn -0.382558404 -0.923591009 -0.025074203
vn -0.382564208 -0.923588841 -0.025065507
vn 0.382558342 -0.923590862 0.025080551
vn 0.382563111 -0.923589051 0.025074511
vn 0.922187249 -0.381987977 0.060463735
vn 0.922189182 -0.381984094 0.060458786
vn 0.906411395 0.381983741 0.180296436
vn 0.376017350 0.923589051 0.074794501
vn -0.376017350 0.923589051 -0.074794501
vn -0.906411395 0.381983741 -0.180296436
vn -0.906411395 -0.381983741 -0.180296436
vn -0.376017350 -0.923589051 -0.074794501
vn 0.376017350 -0.923589051 0.074794501
vn 0.906411395 -0.381983741 0.180296436
vn 0.875123513 0.381983741 0.297064403
vn 0.363037828 0.923589051 0.123234737
vn -0.363037828 0.923589051 -0.123234737
vn -0.875123513 0.381983741 -0.297064403
vn -0.875123513 -0.381983741 -0.297064403
vn -0.363037828 -0.923589051 -0.123234737
vn 0.363037828 -0.923589051 0.123234737
vn 0.875123513 -0.381983741 0.297064403
vn 0.828862024 0.381983741 0.408749516
vn 0.343846628 0.923589051 0.169566392
vn -0.343846628 0.923589051 -0.169566392
vn -0.828862024 0.381983741 -0.408749516
vn -0.828862024 -0.381983741 -0.408749516
vn -0.343846628 -0.923589051 -0.169566392
vn 0.343846628 -0.923589051 0.169566392
vn 0.828862024 -0.381983741 0.408749516
vn 0.768418477 0.381983741 0.513440811
vn 0.318772117 0.923589051 0.212996719
vn -0.318772117 0.923589051 -0.212996719
vn -0.768418477 0.381983741 -0.513440811
vn -0.768418477 -0.381983741 -0.513440811
vn -0.318772117 -0.923589051 -0.212996719
vn 0.318772117 -0.923589051 0.212996719
vn 0.768418477 -0.381983741 0.513440811
vn 0.694827076 0.381983741 0.609346992
vn 0.288243327 0.923589051 0.252782613
vn -0.288243327 0.923589051 -0.252782613
vn -0.694827076 0.381983741 -0.609346992
vn -0.694827076 -0.381983741 -0.609346992
vn -0.288243327 -0.923589051 -0.252782613
vn 0.288243327 -0.923589051 0.252782613
vn 0.694827076 -0.381983741 0.609346992
vn 0.609346992 0.381983741 0.694827076
vn 0.252782613 0.923589051 0.288243327
vn -0.252782613 0.923589051 -0.288243327
vn -0.609346992 0.381983741 -0.694827076
vn -0.609346992 -0.381983741 -0.694827076
vn -0.252782613 -0.923589051 -0.288243327
vn 0.252782613 -0.923589051 0.288243327
vn 0.609346992 -0.381983741 0.694827076
vn 0.513440811 0.381983741 0.768418477
vn 0.212996719 0.923589051 0.318772117
vn -0.212996719 0.923589051 -0.318772117
vn -0.513440811 0.381983741 -0.768418477
vn -0.513440811 -0.381983741 -0.768418477
vn -0.212996719 -0.923589051 -0.318772117
vn 0.212996719 -0.923589051 0.318772117
vn 0.513440811 -0.381983741 0.768418477
vn 0.408749516 0.381983741 0.828862024
vn 0.169566392 0.923589051 0.343846628
vn -0.169566392 0.923589051 -0.343846628
vn -0.408749516 0.381983741 -0.828862024
vn -0.408749516 -0.381983741 -0.828862024
vn -0.169566392 -0.923589051 -0.343846628
vn 0.169566392 -0.923589051 0.343846628
vn 0.408749516 -0.381983741 0.828862024
vn 0.297064403 0.381983741 0.875123513
vn 0.123234737 0.923589051 0.363037828
vn -0.123234737 0.923589051 -0.363037828
vn -0.297064403 0.381983741 -0.875123513
vn -0.297064403 -0.381983741 -0.875123513
vn -0.123234737 -0.923589051 -0.363037828
vn 0.123234737 -0.923589051 0.363037828
vn 0.297064403 -0.381983741 0.875123513
vn 0.180296436 0.381983741 0.906411395
vn 0.074794501 0.923589051 0.376017350
vn -0.074794501 0.923589051 -0.376017350
vn -0.180296436 0.381983741 -0.906411395
vn -0.180296436 -0.381983741 -0.906411395
vn -0.074794501 -0.923589051 -0.376017350
vn 0.074794501 -0.923589051 0.376017350
vn 0.180296436 -0.381983741 0.906411395
vn 0.060452612 0.381983951 0.922189646
vn 0.060455556 0.381986261 0.922188496
vn 0.025074511 0.923589051 0.382563111
vn 0.025078104 0.923590129 0.382560274
vn -0.025069154 0.923588926 -0.382563764
vn -0.025074327 0.923590216 -0.382560311
vn -0.060423443 0.381983274 -0.922191838
vn -0.060430503 0.381986840 -0.922189898
vn -0.060430595 -0.381983440 -0.922191301
vn -0.060423343 -0.381987006 -0.922190299
vn -0.025074511 -0.923589051 -0.382563111
vn -0.025068931 -0.923590341 -0.382560363
vn 0.025078260 -0.923589138 0.382562654
vn 0.025074327 -0.923590216 0.382560311
vn 0.060455616 -0.381984021 0.922189420
vn 0.060452548 -0.381986330 0.922188664
vn 0.000000000 0.382683430 0.923879534
vn 0.000000000 0.923879531 0.382683435
vn 0.000000000 0.923879531 -0.382683435
vn 0.000000000 0.382683430 -0.923879534
vn 0.000000000 -0.382683430 -0.923879534
vn 0.000000000 -0.923879531 -0.382683435
vn 0.000000000 -0.923879531 0.382683435
vn 0.000000000 -0.382683430 0.923879534
vn -0.060452548 0.381986330 0.922188664
vn -0.060455616 0.381984021 0.922189420
vn -0.025074327 0.923590216 0.382560311
vn -0.025078260 0.923589138 0.382562654
vn 0.025068931 0.923590341 -0.382560363
vn 0.025074511 0.923589051 -0.382563111
vn 0.060423343 0.381987006 -0.922190299
vn 0.060430595 0.381983440 -0.922191301
vn 0.060430503 -0.381986840 -0.922189898
vn 0.060423443 -0.381983274 -0.922191838
vn 0.025074327 -0.923590216 -0.382560311
vn 0.025069154 -0.923588926 -0.382563764
vn -0.025078104 -0.923590129 0.382560274
vn -0.025074511 -0.923589051 0.382563111
vn -0.060455556 -0.381986261 0.922188496
vn -0.060452612 -0.381983951 0.922189646
vn -0.180296436 0.381983741 0.906411395
vn -0.074794501 0.923589051 0.376017350
vn 0.074794501 0.923589051 -0.376017350
vn 0.180296436 0.381983741 -0.906411395
vn 0.180296436 -0.381983741 -0.906411395
vn 0.074794501 -0.923589051 -0.376017350
vn -0.074794501 -0.923589051 0.376017350
vn -0.180296436 -0.381983741 0.906411395
vn -0.297064403 0.381983741 0.875123513
vn -0.123234737 0.923589051 0.363037828
vn 0.123234737 0.923589051 -0.363037828
vn 0.297064403 0.381983741 -0.875123513
vn 0.297064403 -0.381983741 -0.875123513
vn 0.123234737 -0.923589051 -0.363037828
vn -0.123234737 -0.923589051 0.363037828
vn -0.297064403 -0.381983741 0.875123513
vn -0.408749516 0.381983741 0.828862024
vn -0.169566392 0.923589051 0.343846628
vn 0.169566392 0.923589051 -0.343846628
vn 0.408749516 0.381983741 -0.828862024
vn 0.408749516 -0.381983741 -0.828862024
vn 0.169566392 -0.923589051 -0.343846628
vn -0.169566392 -0.923589051 0.343846628
vn -0.408749516 -0.381983741 0.828862024
vn -0.513440811 0.381983741 0.768418477
vn -0.212996719 0.923589051 0.318772117
vn 0.212996719 0.923589051 -0.318772117
vn 0.513440811 0.381983741 -0.768418477
vn 0.513440811 -0.381983741 -0.768418477
vn 0.212996719 -0.923589051 -0.318772117
vn -0.212996719 -0.923589051 0.318772117
vn -0.513440811 -0.381983741 0.768418477
vn -0.609346992 0.381983741 0.694827076
vn -0.252782613 0.923589051 0.288243327
vn 0.252782613 0.923589051 -0.288243327
vn 0.609346992 0.381983741 -0.694827076
vn 0.609346992 -0.381983741 -0.694827076
vn 0.252782613 -0.923589051 -0.288243327
vn -0.252782613 -0.923589051 0.288243327
vn -0.609346992 -0.381983741 0.694827076
vn -0.694827076 0.381983741 0.609346992
vn -0.288243327 0.923589051 0.252782613
vn 0.288243327 0.923589051 -0.252782613
vn 0.694827076 0.381983741 -0.609346992
vn 0.694827076 -0.381983741 -0.609346992
vn 0.288243327 -0.923589051 -0.252782613
vn -0.288243327 -0.923589051 0.252782613
vn -0.694827076 -0.381983741 0.609346992
vn -0.768418477 0.381983741 0.513440811
vn -0.318772117 0.923589051 0.212996719
vn 0.318772117 0.923589051 -0.212996719
vn 0.768418477 0.381983741 -0.513440811
vn 0.768418477 -0.381983741 -0.513440811
vn 0.318772117 -0.923589051 -0.212996719
vn -0.318772117 -0.923589051 0.212996719
vn -0.768418477 -0.381983741 0.513440811
vn -0.828862024 0.381983741 0.408749516
vn -0.343846628 0.923589051 0.169566392
vn 0.343846628 0.923589051 -0.169566392
vn 0.828862024 0.381983741 -0.408749516
vn 0.828862024 -0.381983741 -0.408749516
vn 0.343846628 -0.923589051 -0.169566392
vn -0.343846628 -0.923589051 0.169566392
vn -0.828862024 -0.381983741 0.408749516
vn -0.875123513 0.381983741 0.297064403
vn -0.363037828 0.923589051 0.123234737
vn 0.363037828 0.923589051 -0.123234737
vn 0.875123513 0.381983741 -0.297064403
vn 0.875123513 -0.381983741 -0.297064403
vn 0.363037828 -0.923589051 -0.123234737
vn -0.363037828 -0.923589051 0.123234737
vn -0.875123513 -0.381983741 0.297064403
vn -0.906411395 0.381983741 0.180296436
vn -0.376017350 0.923589051 0.074794501
vn 0.376017350 0.923589051 -0.074794501
vn 0.906411395 0.381983741 -0.180296436
vn 0.906411395 -0.381983741 -0.180296436
vn 0.376017350 -0.923589051 -0.074794501
vn -0.376017350 -0.923589051 0.074794501
vn -0.906411395 -0.381983741 0.180296436
vn -0.922189182 0.381984094 0.060458786
vn -0.922187249 0.381987977 0.060463735
vn -0.382563111 0.923589051 0.025074511
vn -0.382558342 0.923590862 0.025080551
vn 0.382564208 0.923588841 -0.025065507
vn 0.382558404 0.923591009 -0.025074203
vn 0.922192866 0.381982956 -0.060409761
vn 0.922189606 0.381988950 -0.060421623
vn 0.922191963 -0.381983235 -0.060421778
vn 0.922190279 -0.381989228 -0.060409592
vn 0.382563111 -0.923589051 -0.025074511
vn 0.382558492 -0.923591219 -0.025065133
vn -0.382562343 -0.923589198 0.025080813
vn -0.382558404 -0.923591009 0.025074203
vn -0.922188802 -0.381984211 0.060463837
vn -0.922187532 -0.381988094 0.060458678
vn -0.923879536 0.382683424 0.000000000
vn -0.382683440 0.923879529 0.000000000
vn 0.382683440 0.923879529 0.000000000
vn 0.923879536 0.382683424 0.000000000
vn 0.923879536 -0.382683424 0.000000000
vn 0.382683440 -0.923879529 0.000000000
vn -0.382683440 -0.923879529 0.000000000
vn -0.923879536 -0.382683424 0.000000000
vn -0.922187532 0.381988094 -0.060458678
vn -0.922188802 0.381984211 -0.060463837
vn -0.382558404 0.923591009 -0.025074203
vn -0.382562343 0.923589198 -0.025080813
vn 0.382558492 0.923591219 0.025065133
vn 0.382563111 0.923589051 0.025074511
vn 0.922190279 0.381989228 0.060409592
vn 0.922191963 0.381983235 0.060421778
vn 0.922189606 -0.381988950 0.060421623
vn 0.922192866 -0.381982956 0.060409761
vn 0.382558404 -0.923591009 0.025074203
vn 0.382564208 -0.923588841 0.025065507
vn -0.382558342 -0.923590862 -0.025080551
vn -0.382563111 -0.923589051 -0.025074511
vn -0.922187249 -0.381987977 -0.060463735
vn -0.922189182 -0.381984094 -0.060458786
vn -0.060452612 0.381983951 -0.922189646
vn -0.060455556 0.381986261 -0.922188496
vn -0.025074511 0.923589051 -0.382563111
vn -0.025078104 0.923590129 -0.382560274
vn 0.025069154 0.923588926 0.382563764
vn 0.025074327 0.923590216 0.382560311
vn 0.060423443 0.381983274 0.922191838
vn 0.060430503 0.381986840 0.922189898
vn 0.060430595 -0.381983440 0.922191301
vn 0.060423343 -0.381987006 0.922190299
vn 0.025074511 -0.923589051 0.382563111
vn 0.025068931 -0.923590341 0.382560363
vn -0.025078260 -0.923589138 -0.382562654
vn -0.025074327 -0.923590216 -0.382560311
vn -0.060455616 -0.381984021 -0.922189420
vn -0.060452548 -0.381986330 -0.922188664
vn 0.060452548 0.381986330 -0.922188664
vn 0.060455616 0.381984021 -0.922189420
vn 0.025074327 0.923590216 -0.382560311
vn 0.025078260 0.923589138 -0.382562654
vn -0.025068931 0.923590341 0.382560363
vn -0.025074511 0.923589051 0.382563111
vn -0.060423343 0.381987006 0.922190299
vn -0.060430595 0.381983440 0.922191301
vn -0.060430503 -0.381986840 0.922189898
vn -0.060423443 -0.381983274 0.922191838
vn -0.025074327 -0.923590216 0.382560311
vn -0.025069154 -0.923588926 0.382563764
vn 0.025078104 -0.923590129 -0.382560274
vn 0.025074511 -0.923589051 -0.382563111
vn 0.060455556 -0.381986261 -0.922188496
vn 0.060452612 -0.381983951 -0.922189646
vn 0.922189182 0.381984094 -0.060458786
vn 0.922187249 0.381987977 -0.060463735
vn 0.382563111 0.923589051 -0.025074511
vn 0.382558342 0.923590862 -0.025080551
vn -0.382564208 0.923588841 0.025065507
vn -0.382558404 0.923591009 0.025074203
vn -0.922192866 0.381982956 0.060409761
vn -0.922189606 0.381988950 0.060421623
vn -0.922191963 -0.381983235 0.060421778
vn -0.922190279 -0.381989228 0.060409592
vn -0.382563111 -0.923589051 0.025074511
vn -0.382558492 -0.923591219 0.025065133
vn 0.382562343 -0.923589198 -0.025080813
vn 0.382558404 -0.923591009 -0.025074203
vn 0.922188802 -0.381984211 -0.060463837
vn 0.922187532 -0.381988094 -0.060458678
vn 0.923879533 0.000000000 -0.382683432
vn 0.382683432 0.000000000 -0.923879533
vn -0.382683432 0.000000000 -0.923879533
vn -0.923879533 0.000000000 -0.382683432
vn -0.923879533 0.000000000 0.382683432
vn -0.382683432 0.000000000 0.923879533
vn 0.382683432 0.000000000 0.923879533
vn 0.923879533 0.000000000 0.382683432
vn 0.000000000 -1.000000000 0.000000000
vn -0.000000000 1.000000000 0.000000000
vn 0.922187565 0.381989430 0.060449732
vn 0.922189668 0.381983944 0.060452323
vn 0.382557273 0.923591479 0.025074128
vn 0.382562792 0.923589112 0.025077131
vn -0.382557302 0.923591547 -0.025071194
vn -0.922188492 0.381989812 -0.060433181
vn -0.922190856 0.381983577 -0.060436505
vn -0.922188315 -0.381989739 -0.060436338
vn -0.922191093 -0.381983504 -0.060433352
vn -0.382557273 -0.923591479 -0.025074128
vn -0.382563466 -0.923588983 -0.025071598
vn 0.382557247 -0.923591418 0.025076767
vn 0.922187428 -0.381989374 0.060452176
vn 0.922189851 -0.381983888 0.060449882
vn 0.060447235 0.381983826 0.922190050
vn 0.060448570 0.381987020 0.922188640
vn 0.025075825 0.923590429 0.382559698
vn -0.025072815 0.923589011 -0.382563318
vn -0.025074288 0.923590465 -0.382559713
vn -0.060437612 0.381983603 -0.922190773
vn -0.060439351 0.381987233 -0.922189156
vn -0.060439448 -0.381983645 -0.922190635
vn -0.060437512 -0.381987275 -0.922189259
vn -0.025072580 -0.923590504 -0.382559729
vn 0.025076036 -0.923589087 0.382562925
vn 0.025074288 -0.923590465 0.382559713
vn 0.060448656 -0.381983859 0.922189943
vn 0.060447148 -0.381987053 0.922188719
vn 0.000000000 0.382683428 0.923879534
vn 0.000000000 0.923879531 0.382683436
vn 0.000000000 0.923879531 -0.382683436
vn 0.000000000 0.382683428 -0.923879534
vn 0.000000000 -0.382683428 -0.923879534
vn 0.000000000 -0.923879531 -0.382683436
vn 0.000000000 -0.923879531 0.382683436
vn 0.000000000 -0.382683428 0.923879534
vn -0.060447148 0.381987053 0.922188719
vn -0.060448656 0.381983859 0.922189943
vn -0.025074288 0.923590465 0.382559713
vn -0.025076036 0.923589087 0.382562925
vn 0.025072580 0.923590504 -0.382559729
vn 0.060437512 0.381987275 -0.922189259
vn 0.060439448 0.381983645 -0.922190635
vn 0.060439351 -0.381987233 -0.922189156
vn 0.060437612 -0.381983603 -0.922190773
vn 0.025074288 -0.923590465 -0.382559713
vn 0.025072815 -0.923589011 -0.382563318
vn -0.025075825 -0.923590429 0.382559698
vn -0.060448570 -0.381987020 0.922188640
vn -0.060447235 -0.381983826 0.922190050
vn -0.922189851 0.381983888 0.060449882
vn -0.922187428 0.381989374 0.060452176
vn -0.382557247 0.923591418 0.025076767
vn 0.382563466 0.923588983 -0.025071598
vn 0.382557273 0.923591479 -0.025074128
vn 0.922191093 0.381983504 -0.060433352
vn 0.922188315 0.381989739 -0.060436338
vn 0.922190856 -0.381983577 -0.060436505
vn 0.922188492 -0.381989812 -0.060433181
vn 0.382557302 -0.923591547 -0.025071194
vn -0.382562792 -0.923589112 0.025077131
vn -0.382557273 -0.923591479 0.025074128
vn -0.922189668 -0.381983944 0.060452323
vn -0.922187565 -0.381989430 0.060449732
vn -0.923879538 0.382683420 0.000000000
vn -0.382683445 0.923879527 0.000000000
vn 0.382683445 0.923879527 0.000000000
vn 0.923879538 0.382683420 0.000000000
vn 0.923879538 -0.382683420 0.000000000
vn 0.382683445 -0.923879527 0.000000000
vn -0.382683445 -0.923879527 0.000000000
vn -0.923879538 -0.382683420 0.000000000
vn -0.922187565 0.381989430 -0.060449732
vn -0.922189668 0.381983944 -0.060452323
vn -0.382557273 0.923591479 -0.025074128
vn -0.382562792 0.923589112 -0.025077131
vn 0.382557302 0.923591547 0.025071194
vn 0.922188492 0.381989812 0.060433181
vn 0.922190856 0.381983577 0.060436505
vn 0.922188315 -0.381989739 0.060436338
vn 0.922191093 -0.381983504 0.060433352
vn 0.382557273 -0.923591479 0.025074128
vn 0.382563466 -0.923588983 0.025071598
vn -0.382557247 -0.923591418 -0.025076767
vn -0.922187428 -0.381989374 -0.060452176
vn -0.922189851 -0.381983888 -0.060449882
vn -0.060447235 0.381983826 -0.922190050
vn -0.060448570 0.381987020 -0.922188640
vn -0.025075825 0.923590429 -0.382559698
vn 0.025072815 0.923589011 0.382563318
vn 0.025074288 0.923590465 0.382559713
vn 0.060437612 0.381983603 0.922190773
vn 0.060439351 0.381987233 0.922189156
vn 0.060439448 -0.381983645 0.922190635
vn 0.060437512 -0.381987275 0.922189259
vn 0.025072580 -0.923590504 0.382559729
vn -0.025076036 -0.923589087 -0.382562925
vn -0.025074288 -0.923590465 -0.382559713
vn -0.060448656 -0.381983859 -0.922189943
vn -0.060447148 -0.381987053 -0.922188719
vn 0.060447148 0.381987053 -0.922188719
vn 0.060448656 0.381983859 -0.922189943
vn 0.025074288 0.923590465 -0.382559713
vn 0.025076036 0.923589087 -0.382562925
vn -0.025072580 0.923590504 0.382559729
vn -0.060437512 0.381987275 0.922189259
vn -0.060439448 0.381983645 0.922190635
vn -0.060439351 -0.381987233 0.922189156
vn -0.060437612 -0.381983603 0.922190773
vn -0.025074288 -0.923590465 0.382559713
vn -0.025072815 -0.923589011 0.382563318
vn 0.025075825 -0.923590429 -0.382559698
vn 0.060448570 -0.381987020 -0.922188640
vn 0.060447235 -0.381983826 -0.922190050
vn 0.922189851 0.381983888 -0.060449882
vn 0.922187428 0.381989374 -0.060452176
vn 0.382557247 0.923591418 -0.025076767
vn -0.382563466 0.923588983 0.025071598
vn -0.382557273 0.923591479 0.025074128
vn -0.922191093 0.381983504 0.060433352
vn -0.922188315 0.381989739 0.060436338
vn -0.922190856 -0.381983577 0.060436505
vn -0.922188492 -0.381989812 0.060433181
vn -0.382557302 -0.923591547 0.025071194
vn 0.382562792 -0.923589112 -0.025077131
vn 0.382557273 -0.923591479 -0.025074128
vn 0.922189668 -0.381983944 -0.060452323
vn 0.922187565 -0.381989430 -0.060449732
vn -0.005431810 -0.382677787 -0.923865903
vn -0.007650531 -0.361768468 -0.932236582
vn 0.000000000 -0.923879533 -0.382683432
vn -0.002379201 -0.914461973 -0.404664847
vn -0.002402831 -0.923876865 0.382682328
vn 0.000000000 -0.914127414 0.405427024
vn -0.008320607 -0.382670185 0.923847551
vn -0.005857736 -0.360033309 0.932921060
vn -0.005800867 0.382676994 0.923863988
vn -0.008403314 0.359698812 0.933030626
vn 0.000000000 0.923879533 0.382683432
vn -0.002550756 0.913762279 0.406241297
vn -0.002249957 0.923877194 -0.382682464
vn 0.000000000 0.914127414 -0.405427024
vn -0.007581730 0.382672433 -0.923852979
vn -0.005481740 0.361494404 -0.932358164
vn -0.661378835 -0.353774043 -0.661378835
vn -0.292106515 -0.910685219 -0.292106515
vn 0.292106515 -0.910685219 0.292106515
vn 0.661378835 -0.353774043 0.661378835
vn 0.661378835 0.353774043 0.661378835
vn 0.292106515 0.910685219 0.292106515
vn -0.292106515 0.910685219 -0.292106515
vn -0.661378835 0.353774043 -0.661378835
vn -0.932358164 -0.361494404 -0.005481740
vn -0.923852979 -0.382672433 -0.007581730
vn -0.405427024 -0.914127414 0.000000000
vn -0.382682464 -0.923877194 -0.002249957
vn 0.406241297 -0.913762279 -0.002550756
vn 0.382683432 -0.923879533 0.000000000
vn 0.933030626 -0.359698812 -0.008403314
vn 0.923863988 -0.382676994 -0.005800867
vn 0.932921060 0.360033309 -0.005857736
vn 0.923847551 0.382670185 -0.008320607
vn 0.405427024 0.914127414 0.000000000
vn 0.382682328 0.923876865 -0.002402831
vn -0.404664847 0.914461973 -0.002379201
vn -0.382683432 0.923879533 0.000000000
vn -0.932236582 0.361768468 -0.007650531
vn -0.923865903 0.382677787 -0.005431810
vn 1.000000000 0.000000000 0.000000000
vn 0.000000000 0.000000000 1.000000000
vn -0.005800867 -0.382676994 -0.923863988
vn -0.008403314 -0.359698812 -0.933030626
vn -0.002550756 -0.913762279 -0.406241297
vn -0.002249957 -0.923877194 0.382682464
vn -0.007581730 -0.382672433 0.923852979
vn -0.005481740 -0.361494404 0.932358164
vn -0.005431810 0.382677787 0.923865903
vn -0.007650531 0.361768468 0.932236582
vn -0.002379201 0.914461973 0.404664847
vn -0.002402831 0.923876865 -0.382682328
vn -0.008320607 0.382670185 -0.923847551
vn -0.005857736 0.360033309 -0.932921060
vn 0.661378835 -0.353774043 -0.661378835
vn 0.292106515 -0.910685219 -0.292106515
vn -0.292106515 -0.910685219 0.292106515
vn -0.661378835 -0.353774043 0.661378835
vn -0.661378835 0.353774043 0.661378835
vn -0.292106515 0.910685219 0.292106515
vn 0.292106515 0.910685219 -0.292106515
vn 0.661378835 0.353774043 -0.661378835
vn 0.932921060 -0.360033309 0.005857736
vn 0.923847551 -0.382670185 0.008320607
vn 0.405427024 -0.914127414 0.000000000
vn 0.382682328 -0.923876865 0.002402831
vn -0.404664847 -0.914461973 0.002379201
vn -0.382683432 -0.923879533 -0.000000000
vn -0.932236582 -0.361768468 0.007650531
vn -0.923865903 -0.382677787 0.005431810
vn -0.932358164 0.361494404 0.005481740
vn -0.923852979 0.382672433 0.007581730
vn -0.405427024 0.914127414 0.000000000
vn -0.382682464 0.923877194 0.002249957
vn 0.406241297 0.913762279 0.002550756
vn 0.382683432 0.923879533 0.000000000
vn 0.933030626 0.359698812 0.008403314
vn 0.923863988 0.382676994 0.005800867
vn 0.000000000 0.000000000 -1.000000000
vn 0.005800867 -0.382676994 0.923863988
vn 0.008403314 -0.359698812 0.933030626
vn 0.000000000 -0.923879533 0.382683432
vn 0.002550756 -0.913762279 0.406241297
vn 0.002249957 -0.923877194 -0.382682464
vn 0.000000000 -0.914127414 -0.405427024
vn 0.007581730 -0.382672433 -0.923852979
vn 0.005481740 -0.361494404 -0.932358164
vn 0.005431810 0.382677787 -0.923865903
vn 0.007650531 0.361768468 -0.932236582
vn 0.000000000 0.923879533 -0.382683432
vn 0.002379201 0.914461973 -0.404664847
vn 0.002402831 0.923876865 0.382682328
vn -0.000000000 0.914127414 0.405427024
vn 0.008320607 0.382670185 0.923847551
vn 0.005857736 0.360033309 0.932921060
vn -0.932921060 -0.360033309 -0.005857736
vn -0.923847551 -0.382670185 -0.008320607
vn -0.382682328 -0.923876865 -0.002402831
vn 0.404664847 -0.914461973 -0.002379201
vn 0.932236582 -0.361768468 -0.007650531
vn 0.923865903 -0.382677787 -0.005431810
vn 0.932358164 0.361494404 -0.005481740
vn 0.923852979 0.382672433 -0.007581730
vn 0.382682464 0.923877194 -0.002249957
vn -0.406241297 0.913762279 -0.002550756
vn -0.933030626 0.359698812 -0.008403314
vn -0.923863988 0.382676994 -0.005800867
vn -1.000000000 0.000000000 0.000000000
vn 0.005431810 -0.382677787 0.923865903
vn 0.007650531 -0.361768468 0.932236582
vn 0.002379201 -0.914461973 0.404664847
vn 0.002402831 -0.923876865 -0.382682328
vn 0.008320607 -0.382670185 -0.923847551
vn 0.005857736 -0.360033309 -0.932921060
vn 0.005800867 0.382676994 -0.923863988
vn 0.008403314 0.359698812 -0.933030626
vn 0.002550756 0.913762279 -0.406241297
vn 0.002249957 0.923877194 0.382682464
vn 0.007581730 0.382672433 0.923852979
vn 0.005481740 0.361494404 0.932358164
vn 0.932358164 -0.361494404 0.005481740
vn 0.923852979 -0.382672433 0.007581730
vn 0.382682464 -0.923877194 0.002249957
vn -0.406241297 -0.913762279 0.002550756
vn -0.933030626 -0.359698812 0.008403314
vn -0.923863988 -0.382676994 0.005800867
vn -0.932921060 0.360033309 0.005857736
vn -0.923847551 0.382670185 0.008320607
vn -0.382682328 0.923876865 0.002402831
vn 0.404664847 0.914461973 0.002379201
vn 0.932236582 0.361768468 0.007650531
vn 0.923865903 0.382677787 0.005431810
g lower_chamfered_rim
f 1/1/1 2/2/1 3/3/1
f 1/1/2 3/3/2 4/4/2
f 2/1/3 5/2/3 6/3/3
f 2/1/4 6/3/4 3/4/4
f 5/1/5 7/2/5 8/3/5
f 5/1/6 8/3/6 6/4/6
f 7/1/7 9/2/7 10/3/7
f 7/1/8 10/3/8 8/4/8
f 9/1/9 11/2/9 12/3/9
f 9/1/10 12/3/10 10/4/10
f 11/1/11 13/2/11 14/3/11
f 11/1/12 14/3/12 12/4/12
f 13/1/13 15/2/13 16/3/13
f 13/1/14 16/3/14 14/4/14
f 15/1/15 1/2/15 4/3/15
f 15/1/16 4/3/16 16/4/16
f 4/1/17 3/2/17 17/3/17
f 4/1/17 17/3/17 18/4/17
f 3/1/18 6/2/18 19/3/18
f 3/1/18 19/3/18 17/4/18
f 6/1/19 8/2/19 20/3/19
f 6/1/19 20/3/19 19/4/19
f 8/1/20 10/2/20 21/3/20
f 8/1/20 21/3/20 20/4/20
f 10/1/21 12/2/21 22/3/21
f 10/1/21 22/3/21 21/4/21
f 12/1/22 14/2/22 23/3/22
f 12/1/22 23/3/22 22/4/22
f 14/1/23 16/2/23 24/3/23
f 14/1/23 24/3/23 23/4/23
f 16/1/24 4/2/24 18/3/24
f 16/1/24 18/3/24 24/4/24
f 18/1/25 17/2/25 25/3/25
f 18/1/25 25/3/25 26/4/25
f 17/1/26 19/2/26 27/3/26
f 17/1/26 27/3/26 25/4/26
f 19/1/27 20/2/27 28/3/27
f 19/1/27 28/3/27 27/4/27
f 20/1/28 21/2/28 29/3/28
f 20/1/28 29/3/28 28/4/28
f 21/1/29 22/2/29 30/3/29
f 21/1/29 30/3/29 29/4/29
f 22/1/30 23/2/30 31/3/30
f 22/1/30 31/3/30 30/4/30
f 23/1/31 24/2/31 32/3/31
f 23/1/31 32/3/31 31/4/31
f 24/1/32 18/2/32 26/3/32
f 24/1/32 26/3/32 32/4/32
f 26/1/33 25/2/33 33/3/33
f 26/1/33 33/3/33 34/4/33
f 25/1/34 27/2/34 35/3/34
f 25/1/34 35/3/34 33/4/34
f 27/1/35 28/2/35 36/3/35
f 27/1/35 36/3/35 35/4/35
f 28/1/36 29/2/36 37/3/36
f 28/1/36 37/3/36 36/4/36
f 29/1/37 30/2/37 38/3/37
f 29/1/37 38/3/37 37/4/37
f 30/1/38 31/2/38 39/3/38
f 30/1/38 39/3/38 38/4/38
f 31/1/39 32/2/39 40/3/39
f 31/1/39 40/3/39 39/4/39
f 32/1/40 26/2/40 34/3/40
f 32/1/40 34/3/40 40/4/40
f 34/1/41 33/2/41 41/3/41
f 34/1/41 41/3/41 42/4/41
f 33/1/42 35/2/42 43/3/42
f 33/1/42 43/3/42 41/4/42
f 35/1/43 36/2/43 44/3/43
f 35/1/43 44/3/43 43/4/43
f 36/1/44 37/2/44 45/3/44
f 36/1/44 45/3/44 44/4/44
f 37/1/45 38/2/45 46/3/45
f 37/1/45 46/3/45 45/4/45
f 38/1/46 39/2/46 47/3/46
f 38/1/46 47/3/46 46/4/46
f 39/1/47 40/2/47 48/3/47
f 39/1/47 48/3/47 47/4/47
f 40/1/48 34/2/48 42/3/48
f 40/1/48 42/3/48 48/4/48
f 42/1/49 41/2/49 49/3/49
f 42/1/49 49/3/49 50/4/49
f 41/1/50 43/2/50 51/3/50
f 41/1/50 51/3/50 49/4/50
f 43/1/51 44/2/51 52/3/51
f 43/1/51 52/3/51 51/4/51
f 44/1/52 45/2/52 53/3/52
f 44/1/52 53/3/52 52/4/52
f 45/1/53 46/2/53 54/3/53
f 45/1/53 54/3/53 53/4/53
f 46/1/54 47/2/54 55/3/54
f 46/1/54 55/3/54 54/4/54
f 47/1/55 48/2/55 56/3/55
f 47/1/55 56/3/55 55/4/55
f 48/1/56 42/2/56 50/3/56
f 48/1/56 50/3/56 56/4/56
f 50/1/57 49/2/57 57/3/57
f 50/1/57 57/3/57 58/4/57
f 49/1/58 51/2/58 59/3/58
f 49/1/58 59/3/58 57/4/58
f 51/1/59 52/2/59 60/3/59
f 51/1/59 60/3/59 59/4/59
f 52/1/60 53/2/60 61/3/60
f 52/1/60 61/3/60 60/4/60
f 53/1/61 54/2/61 62/3/61
f 53/1/61 62/3/61 61/4/61
f 54/1/62 55/2/62 63/3/62
f 54/1/62 63/3/62 62/4/62
f 55/1/63 56/2/63 64/3/63
f 55/1/63 64/3/63 63/4/63
f 56/1/64 50/2/64 58/3/64
f 56/1/64 58/3/64 64/4/64
f 58/1/65 57/2/65 65/3/65
f 58/1/65 65/3/65 66/4/65
f 57/1/66 59/2/66 67/3/66
f 57/1/66 67/3/66 65/4/66
f 59/1/67 60/2/67 68/3/67
f 59/1/67 68/3/67 67/4/67
f 60/1/68 61/2/68 69/3/68
f 60/1/68 69/3/68 68/4/68
f 61/1/69 62/2/69 70/3/69
f 61/1/69 70/3/69 69/4/69
f 62/1/70 63/2/70 71/3/70
f 62/1/70 71/3/70 70/4/70
f 63/1/71 64/2/71 72/3/71
f 63/1/71 72/3/71 71/4/71
f 64/1/72 58/2/72 66/3/72
f 64/1/72 66/3/72 72/4/72
f 66/1/73 65/2/73 73/3/73
f 66/1/73 73/3/73 74/4/73
f 65/1/74 67/2/74 75/3/74
f 65/1/74 75/3/74 73/4/74
f 67/1/75 68/2/75 76/3/75
f 67/1/75 76/3/75 75/4/75
f 68/1/76 69/2/76 77/3/76
f 68/1/76 77/3/76 76/4/76
f 69/1/77 70/2/77 78/3/77
f 69/1/77 78/3/77 77/4/77
f 70/1/78 71/2/78 79/3/78
f 70/1/78 79/3/78 78/4/78
f 71/1/79 72/2/79 80/3/79
f 71/1/79 80/3/79 79/4/79
f 72/1/80 66/2/80 74/3/80
f 72/1/80 74/3/80 80/4/80
f 74/1/81 73/2/81 81/3/81
f 74/1/81 81/3/81 82/4/81
f 73/1/82 75/2/82 83/3/82
f 73/1/82 83/3/82 81/4/82
f 75/1/83 76/2/83 84/3/83
f 75/1/83 84/3/83 83/4/83
f 76/1/84 77/2/84 85/3/84
f 76/1/84 85/3/84 84/4/84
f 77/1/85 78/2/85 86/3/85
f 77/1/85 86/3/85 85/4/85
f 78/1/86 79/2/86 87/3/86
f 78/1/86 87/3/86 86/4/86
f 79/1/87 80/2/87 88/3/87
f 79/1/87 88/3/87 87/4/87
f 80/1/88 74/2/88 82/3/88
f 80/1/88 82/3/88 88/4/88
f 82/1/89 81/2/89 89/3/89
f 82/1/89 89/3/89 90/4/89
f 81/1/90 83/2/90 91/3/90
f 81/1/90 91/3/90 89/4/90
f 83/1/91 84/2/91 92/3/91
f 83/1/91 92/3/91 91/4/91
f 84/1/92 85/2/92 93/3/92
f 84/1/92 93/3/92 92/4/92
f 85/1/93 86/2/93 94/3/93
f 85/1/93 94/3/93 93/4/93
f 86/1/94 87/2/94 95/3/94
f 86/1/94 95/3/94 94/4/94
f 87/1/95 88/2/95 96/3/95
f 87/1/95 96/3/95 95/4/95
f 88/1/96 82/2/96 90/3/96
f 88/1/96 90/3/96 96/4/96
f 90/1/97 89/2/97 97/3/97
f 90/1/98 97/3/98 98/4/98
f 89/1/99 91/2/99 99/3/99
f 89/1/100 99/3/100 97/4/100
f 91/1/101 92/2/101 100/3/101
f 91/1/102 100/3/102 99/4/102
f 92/1/103 93/2/103 101/3/103
f 92/1/104 101/3/104 100/4/104
f 93/1/105 94/2/105 102/3/105
f 93/1/106 102/3/106 101/4/106
f 94/1/107 95/2/107 103/3/107
f 94/1/108 103/3/108 102/4/108
f 95/1/109 96/2/109 104/3/109
f 95/1/110 104/3/110 103/4/110
f 96/1/111 90/2/111 98/3/111
f 96/1/112 98/3/112 104/4/112
f 98/1/113 97/2/113 105/3/113
f 98/1/113 105/3/113 106/4/113
f 97/1/114 99/2/114 107/3/114
f 97/1/114 107/3/114 105/4/114
f 99/1/115 100/2/115 108/3/115
f 99/1/115 108/3/115 107/4/115
f 100/1/116 101/2/116 109/3/116
f 100/1/116 109/3/116 108/4/116
f 101/1/117 102/2/117 110/3/117
f 101/1/117 110/3/117 109/4/117
f 102/1/118 103/2/118 111/3/118
f 102/1/118 111/3/118 110/4/118
f 103/1/119 104/2/119 112/3/119
f 103/1/119 112/3/119 111/4/119
f 104/1/120 98/2/120 106/3/120
f 104/1/120 106/3/120 112/4/120
f 106/1/121 105/2/121 113/3/121
f 106/1/122 113/3/122 114/4/122
f 105/1/123 107/2/123 115/3/123
f 105/1/124 115/3/124 113/4/124
f 107/1/125 108/2/125 116/3/125
f 107/1/126 116/3/126 115/4/126
f 108/1/127 109/2/127 117/3/127
f 108/1/128 117/3/128 116/4/128
f 109/1/129 110/2/129 118/3/129
f 109/1/130 118/3/130 117/4/130
f 110/1/131 111/2/131 119/3/131
f 110/1/132 119/3/132 118/4/132
f 111/1/133 112/2/133 120/3/133
f 111/1/134 120/3/134 119/4/134
f 112/1/135 106/2/135 114/3/135
f 112/1/136 114/3/136 120/4/136
f 114/1/137 113/2/137 121/3/137
f 114/1/137 121/3/137 122/4/137
f 113/1/138 115/2/138 123/3/138
f 113/1/138 123/3/138 121/4/138
f 115/1/139 116/2/139 124/3/139
f 115/1/139 124/3/139 123/4/139
f 116/1/140 117/2/140 125/3/140
f 116/1/140 125/3/140 124/4/140
f 117/1/141 118/2/141 126/3/141
f 117/1/141 126/3/141 125/4/141
f 118/1/142 119/2/142 127/3/142
f 118/1/142 127/3/142 126/4/142
f 119/1/143 120/2/143 128/3/143
f 119/1/143 128/3/143 127/4/143
f 120/1/144 114/2/144 122/3/144
f 120/1/144 122/3/144 128/4/144
f 122/1/145 121/2/145 129/3/145
f 122/1/145 129/3/145 130/4/145
f 121/1/146 123/2/146 131/3/146
f 121/1/146 131/3/146 129/4/146
f 123/1/147 124/2/147 132/3/147
f 123/1/147 132/3/147 131/4/147
f 124/1/148 125/2/148 133/3/148
f 124/1/148 133/3/148 132/4/148
f 125/1/149 126/2/149 134/3/149
f 125/1/149 134/3/149 133/4/149
f 126/1/150 127/2/150 135/3/150
f 126/1/150 135/3/150 134/4/150
f 127/1/151 128/2/151 136/3/151
f 127/1/151 136/3/151 135/4/151
f 128/1/152 122/2/152 130/3/152
f 128/1/152 130/3/152 136/4/152
f 130/1/153 129/2/153 137/3/153
f 130/1/153 137/3/153 138/4/153
f 129/1/154 131/2/154 139/3/154
f 129/1/154 139/3/154 137/4/154
f 131/1/155 132/2/155 140/3/155
f 131/1/155 140/3/155 139/4/155
f 132/1/156 133/2/156 141/3/156
f 132/1/156 141/3/156 140/4/156
f 133/1/157 134/2/157 142/3/157
f 133/1/157 142/3/157 141/4/157
f 134/1/158 135/2/158 143/3/158
f 134/1/158 143/3/158 142/4/158
f 135/1/159 136/2/159 144/3/159
f 135/1/159 144/3/159 143/4/159
f 136/1/160 130/2/160 138/3/160
f 136/1/160 138/3/160 144/4/160
f 138/1/161 137/2/161 145/3/161
f 138/1/161 145/3/161 146/4/161
f 137/1/162 139/2/162 147/3/162
f 137/1/162 147/3/162 145/4/162
f 139/1/163 140/2/163 148/3/163
f 139/1/163 148/3/163 147/4/163
f 140/1/164 141/2/164 149/3/164
f 140/1/164 149/3/164 148/4/164
f 141/1/165 142/2/165 150/3/165
f 141/1/165 150/3/165 149/4/165
f 142/1/166 143/2/166 151/3/166
f 142/1/166 151/3/166 150/4/166
f 143/1/167 144/2/167 152/3/167
f 143/1/167 152/3/167 151/4/167
f 144/1/168 138/2/168 146/3/168
f 144/1/168 146/3/168 152/4/168
f 146/1/169 145/2/169 153/3/169
f 146/1/169 153/3/169 154/4/169
f 145/1/170 147/2/170 155/3/170
f 145/1/170 155/3/170 153/4/170
f 147/1/171 148/2/171 156/3/171
f 147/1/171 156/3/171 155/4/171
f 148/1/172 149/2/172 157/3/172
f 148/1/172 157/3/172 156/4/172
f 149/1/173 150/2/173 158/3/173
f 149/1/173 158/3/173 157/4/173
f 150/1/174 151/2/174 159/3/174
f 150/1/174 159/3/174 158/4/174
f 151/1/175 152/2/175 160/3/175
f 151/1/175 160/3/175 159/4/175
f 152/1/176 146/2/176 154/3/176
f 152/1/176 154/3/176 160/4/176
f 154/1/177 153/2/177 161/3/177
f 154/1/177 161/3/177 162/4/177
f 153/1/178 155/2/178 163/3/178
f 153/1/178 163/3/178 161/4/178
f 155/1/179 156/2/179 164/3/179
f 155/1/179 164/3/179 163/4/179
f 156/1/180 157/2/180 165/3/180
f 156/1/180 165/3/180 164/4/180
f 157/1/181 158/2/181 166/3/181
f 157/1/181 166/3/181 165/4/181
f 158/1/182 159/2/182 167/3/182
f 158/1/182 167/3/182 166/4/182
f 159/1/183 160/2/183 168/3/183
f 159/1/183 168/3/183 167/4/183
f 160/1/184 154/2/184 162/3/184
f 160/1/184 162/3/184 168/4/184
f 162/1/185 161/2/185 169/3/185
f 162/1/185 169/3/185 170/4/185
f 161/1/186 163/2/186 171/3/186
f 161/1/186 171/3/186 169/4/186
f 163/1/187 164/2/187 172/3/187
f 163/1/187 172/3/187 171/4/187
f 164/1/188 165/2/188 173/3/188
f 164/1/188 173/3/188 172/4/188
f 165/1/189 166/2/189 174/3/189
f 165/1/189 174/3/189 173/4/189
f 166/1/190 167/2/190 175/3/190
f 166/1/190 175/3/190 174/4/190
f 167/1/191 168/2/191 176/3/191
f 167/1/191 176/3/191 175/4/191
f 168/1/192 162/2/192 170/3/192
f 168/1/192 170/3/192 176/4/192
f 170/1/193 169/2/193 177/3/193
f 170/1/193 177/3/193 178/4/193
f 169/1/194 171/2/194 179/3/194
f 169/1/194 179/3/194 177/4/194
f 171/1/195 172/2/195 180/3/195
f 171/1/195 180/3/195 179/4/195
f 172/1/196 173/2/196 181/3/196
f 172/1/196 181/3/196 180/4/196
f 173/1/197 174/2/197 182/3/197
f 173/1/197 182/3/197 181/4/197
f 174/1/198 175/2/198 183/3/198
f 174/1/198 183/3/198 182/4/198
f 175/1/199 176/2/199 184/3/199
f 175/1/199 184/3/199 183/4/199
f 176/1/200 170/2/200 178/3/200
f 176/1/200 178/3/200 184/4/200
f 178/1/201 177/2/201 185/3/201
f 178/1/201 185/3/201 186/4/201
f 177/1/202 179/2/202 187/3/202
f 177/1/202 187/3/202 185/4/202
f 179/1/203 180/2/203 188/3/203
f 179/1/203 188/3/203 187/4/203
f 180/1/204 181/2/204 189/3/204
f 180/1/204 189/3/204 188/4/204
f 181/1/205 182/2/205 190/3/205
f 181/1/205 190/3/205 189/4/205
f 182/1/206 183/2/206 191/3/206
f 182/1/206 191/3/206 190/4/206
f 183/1/207 184/2/207 192/3/207
f 183/1/207 192/3/207 191/4/207
f 184/1/208 178/2/208 186/3/208
f 184/1/208 186/3/208 192/4/208
f 186/1/209 185/2/209 193/3/209
f 186/1/209 193/3/209 194/4/209
f 185/1/210 187/2/210 195/3/210
f 185/1/210 195/3/210 193/4/210
f 187/1/211 188/2/211 196/3/211
f 187/1/211 196/3/211 195/4/211
f 188/1/212 189/2/212 197/3/212
f 188/1/212 197/3/212 196/4/212
f 189/1/213 190/2/213 198/3/213
f 189/1/213 198/3/213 197/4/213
f 190/1/214 191/2/214 199/3/214
f 190/1/214 199/3/214 198/4/214
f 191/1/215 192/2/215 200/3/215
f 191/1/215 200/3/215 199/4/215
f 192/1/216 186/2/216 194/3/216
f 192/1/216 194/3/216 200/4/216
f 194/1/217 193/2/217 201/3/217
f 194/1/218 201/3/218 202/4/218
f 193/1/219 195/2/219 203/3/219
f 193/1/220 203/3/220 201/4/220
f 195/1/221 196/2/221 204/3/221
f 195/1/222 204/3/222 203/4/222
f 196/1/223 197/2/223 205/3/223
f 196/1/224 205/3/224 204/4/224
f 197/1/225 198/2/225 206/3/225
f 197/1/226 206/3/226 205/4/226
f 198/1/227 199/2/227 207/3/227
f 198/1/228 207/3/228 206/4/228
f 199/1/229 200/2/229 208/3/229
f 199/1/230 208/3/230 207/4/230
f 200/1/231 194/2/231 202/3/231
f 200/1/232 202/3/232 208/4/232
f 202/1/233 201/2/233 209/3/233
f 202/1/233 209/3/233 210/4/233
f 201/1/234 203/2/234 211/3/234
f 201/1/234 211/3/234 209/4/234
f 203/1/235 204/2/235 212/3/235
f 203/1/235 212/3/235 211/4/235
f 204/1/236 205/2/236 213/3/236
f 204/1/236 213/3/236 212/4/236
f 205/1/237 206/2/237 214/3/237
f 205/1/237 214/3/237 213/4/237
f 206/1/238 207/2/238 215/3/238
f 206/1/238 215/3/238 214/4/238
f 207/1/239 208/2/239 216/3/239
f 207/1/239 216/3/239 215/4/239
f 208/1/240 202/2/240 210/3/240
f 208/1/240 210/3/240 216/4/240
f 210/1/241 209/2/241 217/3/241
f 210/1/242 217/3/242 218/4/242
f 209/1/243 211/2/243 219/3/243
f 209/1/244 219/3/244 217/4/244
f 211/1/245 212/2/245 220/3/245
f 211/1/246 220/3/246 219/4/246
f 212/1/247 213/2/247 221/3/247
f 212/1/248 221/3/248 220/4/248
f 213/1/249 214/2/249 222/3/249
f 213/1/250 222/3/250 221/4/250
f 214/1/251 215/2/251 223/3/251
f 214/1/252 223/3/252 222/4/252
f 215/1/253 216/2/253 224/3/253
f 215/1/254 224/3/254 223/4/254
f 216/1/255 210/2/255 218/3/255
f 216/1/256 218/3/256 224/4/256
f 218/1/20 217/2/20 225/3/20
f 218/1/20 225/3/20 226/4/20
f 217/1/19 219/2/19 227/3/19
f 217/1/19 227/3/19 225/4/19
f 219/1/18 220/2/18 228/3/18
f 219/1/18 228/3/18 227/4/18
f 220/1/17 221/2/17 229/3/17
f 220/1/17 229/3/17 228/4/17
f 221/1/24 222/2/24 230/3/24
f 221/1/24 230/3/24 229/4/24
f 222/1/23 223/2/23 231/3/23
f 222/1/23 231/3/23 230/4/23
f 223/1/22 224/2/22 232/3/22
f 223/1/22 232/3/22 231/4/22
f 224/1/21 218/2/21 226/3/21
f 224/1/21 226/3/21 232/4/21
f 226/1/28 225/2/28 233/3/28
f 226/1/28 233/3/28 234/4/28
f 225/1/27 227/2/27 235/3/27
f 225/1/27 235/3/27 233/4/27
f 227/1/26 228/2/26 236/3/26
f 227/1/26 236/3/26 235/4/26
f 228/1/25 229/2/25 237/3/25
f 228/1/25 237/3/25 236/4/25
f 229/1/32 230/2/32 238/3/32
f 229/1/32 238/3/32 237/4/32
f 230/1/31 231/2/31 239/3/31
f 230/1/31 239/3/31 238/4/31
f 231/1/30 232/2/30 240/3/30
f 231/1/30 240/3/30 239/4/30
f 232/1/29 226/2/29 234/3/29
f 232/1/29 234/3/29 240/4/29
f 234/1/36 233/2/36 241/3/36
f 234/1/36 241/3/36 242/4/36
f 233/1/35 235/2/35 243/3/35
f 233/1/35 243/3/35 241/4/35
f 235/1/34 236/2/34 244/3/34
f 235/1/34 244/3/34 243/4/34
f 236/1/33 237/2/33 245/3/33
f 236/1/33 245/3/33 244/4/33
f 237/1/40 238/2/40 246/3/40
f 237/1/40 246/3/40 245/4/40
f 238/1/39 239/2/39 247/3/39
f 238/1/39 247/3/39 246/4/39
f 239/1/38 240/2/38 248/3/38
f 239/1/38 248/3/38 247/4/38
f 240/1/37 234/2/37 242/3/37
f 240/1/37 242/3/37 248/4/37
f 242/1/44 241/2/44 249/3/44
f 242/1/44 249/3/44 250/4/44
f 241/1/43 243/2/43 251/3/43
f 241/1/43 251/3/43 249/4/43
f 243/1/42 244/2/42 252/3/42
f 243/1/42 252/3/42 251/4/42
f 244/1/41 245/2/41 253/3/41
f 244/1/41 253/3/41 252/4/41
f 245/1/48 246/2/48 254/3/48
f 245/1/48 254/3/48 253/4/48
f 246/1/47 247/2/47 255/3/47
f 246/1/47 255/3/47 254/4/47
f 247/1/46 248/2/46 256/3/46
f 247/1/46 256/3/46 255/4/46
f 248/1/45 242/2/45 250/3/45
f 248/1/45 250/3/45 256/4/45
f 250/1/52 249/2/52 257/3/52
f 250/1/52 257/3/52 258/4/52
f 249/1/51 251/2/51 259/3/51
f 249/1/51 259/3/51 257/4/51
f 251/1/50 252/2/50 260/3/50
f 251/1/50 260/3/50 259/4/50
f 252/1/49 253/2/49 261/3/49
f 252/1/49 261/3/49 260/4/49
f 253/1/56 254/2/56 262/3/56
f 253/1/56 262/3/56 261/4/56
f 254/1/55 255/2/55 263/3/55
f 254/1/55 263/3/55 262/4/55
f 255/1/54 256/2/54 264/3/54
f 255/1/54 264/3/54 263/4/54
f 256/1/53 250/2/53 258/3/53
f 256/1/53 258/3/53 264/4/53
f 258/1/60 257/2/60 265/3/60
f 258/1/60 265/3/60 266/4/60
f 257/1/59 259/2/59 267/3/59
f 257/1/59 267/3/59 265/4/59
f 259/1/58 260/2/58 268/3/58
f 259/1/58 268/3/58 267/4/58
f 260/1/57 261/2/57 269/3/57
f 260/1/57 269/3/57 268/4/57
f 261/1/64 262/2/64 270/3/64
f 261/1/64 270/3/64 269/4/64
f 262/1/63 263/2/63 271/3/63
f 262/1/63 271/3/63 270/4/63
f 263/1/62 264/2/62 272/3/62
f 263/1/62 272/3/62 271/4/62
f 264/1/61 258/2/61 266/3/61
f 264/1/61 266/3/61 272/4/61
f 266/1/68 265/2/68 273/3/68
f 266/1/68 273/3/68 274/4/68
f 265/1/67 267/2/67 275/3/67
f 265/1/67 275/3/67 273/4/67
f 267/1/66 268/2/66 276/3/66
f 267/1/66 276/3/66 275/4/66
f 268/1/65 269/2/65 277/3/65
f 268/1/65 277/3/65 276/4/65
f 269/1/72 270/2/72 278/3/72
f 269/1/72 278/3/72 277/4/72
f 270/1/71 271/2/71 279/3/71
f 270/1/71 279/3/71 278/4/71
f 271/1/70 272/2/70 280/3/70
f 271/1/70 280/3/70 279/4/70
f 272/1/69 266/2/69 274/3/69
f 272/1/69 274/3/69 280/4/69
f 274/1/76 273/2/76 281/3/76
f 274/1/76 281/3/76 282/4/76
f 273/1/75 275/2/75 283/3/75
f 273/1/75 283/3/75 281/4/75
f 275/1/74 276/2/74 284/3/74
f 275/1/74 284/3/74 283/4/74
f 276/1/73 277/2/73 285/3/73
f 276/1/73 285/3/73 284/4/73
f 277/1/80 278/2/80 286/3/80
f 277/1/80 286/3/80 285/4/80
f 278/1/79 279/2/79 287/3/79
f 278/1/79 287/3/79 286/4/79
f 279/1/78 280/2/78 288/3/78
f 279/1/78 288/3/78 287/4/78
f 280/1/77 274/2/77 282/3/77
f 280/1/77 282/3/77 288/4/77
f 282/1/84 281/2/84 289/3/84
f 282/1/84 289/3/84 290/4/84
f 281/1/83 283/2/83 291/3/83
f 281/1/83 291/3/83 289/4/83
f 283/1/82 284/2/82 292/3/82
f 283/1/82 292/3/82 291/4/82
f 284/1/81 285/2/81 293/3/81
f 284/1/81 293/3/81 292/4/81
f 285/1/88 286/2/88 294/3/88
f 285/1/88 294/3/88 293/4/88
f 286/1/87 287/2/87 295/3/87
f 286/1/87 295/3/87 294/4/87
f 287/1/86 288/2/86 296/3/86
f 287/1/86 296/3/86 295/4/86
f 288/1/85 282/2/85 290/3/85
f 288/1/85 290/3/85 296/4/85
f 290/1/92 289/2/92 297/3/92
f 290/1/92 297/3/92 298/4/92
f 289/1/91 291/2/91 299/3/91
f 289/1/91 299/3/91 297/4/91
f 291/1/90 292/2/90 300/3/90
f 291/1/90 300/3/90 299/4/90
f 292/1/89 293/2/89 301/3/89
f 292/1/89 301/3/89 300/4/89
f 293/1/96 294/2/96 302/3/96
f 293/1/96 302/3/96 301/4/96
f 294/1/95 295/2/95 303/3/95
f 294/1/95 303/3/95 302/4/95
f 295/1/94 296/2/94 304/3/94
f 295/1/94 304/3/94 303/4/94
f 296/1/93 290/2/93 298/3/93
f 296/1/93 298/3/93 304/4/93
f 298/1/257 297/2/257 305/3/257
f 298/1/258 305/3/258 306/4/258
f 297/1/259 299/2/259 307/3/259
f 297/1/260 307/3/260 305/4/260
f 299/1/261 300/2/261 308/3/261
f 299/1/262 308/3/262 307/4/262
f 300/1/263 301/2/263 309/3/263
f 300/1/264 309/3/264 308/4/264
f 301/1/265 302/2/265 310/3/265
f 301/1/266 310/3/266 309/4/266
f 302/1/267 303/2/267 311/3/267
f 302/1/268 311/3/268 310/4/268
f 303/1/269 304/2/269 312/3/269
f 303/1/270 312/3/270 311/4/270
f 304/1/271 298/2/271 306/3/271
f 304/1/272 306/3/272 312/4/272
f 306/1/116 305/2/116 313/3/116
f 306/1/116 313/3/116 314/4/116
f 305/1/115 307/2/115 315/3/115
f 305/1/115 315/3/115 313/4/115
f 307/1/114 308/2/114 316/3/114
f 307/1/114 316/3/114 315/4/114
f 308/1/113 309/2/113 317/3/113
f 308/1/113 317/3/113 316/4/113
f 309/1/120 310/2/120 318/3/120
f 309/1/120 318/3/120 317/4/120
f 310/1/119 311/2/119 319/3/119
f 310/1/119 319/3/119 318/4/119
f 311/1/118 312/2/118 320/3/118
f 311/1/118 320/3/118 319/4/118
f 312/1/117 306/2/117 314/3/117
f 312/1/117 314/3/117 320/4/117
f 314/1/273 313/2/273 321/3/273
f 314/1/274 321/3/274 322/4/274
f 313/1/275 315/2/275 323/3/275
f 313/1/276 323/3/276 321/4/276
f 315/1/277 316/2/277 324/3/277
f 315/1/278 324/3/278 323/4/278
f 316/1/279 317/2/279 325/3/279
f 316/1/280 325/3/280 324/4/280
f 317/1/281 318/2/281 326/3/281
f 317/1/282 326/3/282 325/4/282
f 318/1/283 319/2/283 327/3/283
f 318/1/284 327/3/284 326/4/284
f 319/1/285 320/2/285 328/3/285
f 319/1/286 328/3/286 327/4/286
f 320/1/287 314/2/287 322/3/287
f 320/1/288 322/3/288 328/4/288
f 322/1/140 321/2/140 329/3/140
f 322/1/140 329/3/140 330/4/140
f 321/1/139 323/2/139 331/3/139
f 321/1/139 331/3/139 329/4/139
f 323/1/138 324/2/138 332/3/138
f 323/1/138 332/3/138 331/4/138
f 324/1/137 325/2/137 333/3/137
f 324/1/137 333/3/137 332/4/137
f 325/1/144 326/2/144 334/3/144
f 325/1/144 334/3/144 333/4/144
f 326/1/143 327/2/143 335/3/143
f 326/1/143 335/3/143 334/4/143
f 327/1/142 328/2/142 336/3/142
f 327/1/142 336/3/142 335/4/142
f 328/1/141 322/2/141 330/3/141
f 328/1/141 330/3/141 336/4/141
f 330/1/148 329/2/148 337/3/148
f 330/1/148 337/3/148 338/4/148
f 329/1/147 331/2/147 339/3/147
f 329/1/147 339/3/147 337/4/147
f 331/1/146 332/2/146 340/3/146
f 331/1/146 340/3/146 339/4/146
f 332/1/145 333/2/145 341/3/145
f 332/1/145 341/3/145 340/4/145
f 333/1/152 334/2/152 342/3/152
f 333/1/152 342/3/152 341/4/152
f 334/1/151 335/2/151 343/3/151
f 334/1/151 343/3/151 342/4/151
f 335/1/150 336/2/150 344/3/150
f 335/1/150 344/3/150 343/4/150
f 336/1/149 330/2/149 338/3/149
f 336/1/149 338/3/149 344/4/149
f 338/1/156 337/2/156 345/3/156
f 338/1/156 345/3/156 346/4/156
f 337/1/155 339/2/155 347/3/155
f 337/1/155 347/3/155 345/4/155
f 339/1/154 340/2/154 348/3/154
f 339/1/154 348/3/154 347/4/154
f 340/1/153 341/2/153 349/3/153
f 340/1/153 349/3/153 348/4/153
f 341/1/160 342/2/160 350/3/160
f 341/1/160 350/3/160 349/4/160
f 342/1/159 343/2/159 351/3/159
f 342/1/159 351/3/159 350/4/159
f 343/1/158 344/2/158 352/3/158
f 343/1/158 352/3/158 351/4/158
f 344/1/157 338/2/157 346/3/157
f 344/1/157 346/3/157 352/4/157
f 346/1/164 345/2/164 353/3/164
f 346/1/164 353/3/164 354/4/164
f 345/1/163 347/2/163 355/3/163
f 345/1/163 355/3/163 353/4/163
f 347/1/162 348/2/162 356/3/162
f 347/1/162 356/3/162 355/4/162
f 348/1/161 349/2/161 357/3/161
f 348/1/161 357/3/161 356/4/161
f 349/1/168 350/2/168 358/3/168
f 349/1/168 358/3/168 357/4/168
f 350/1/167 351/2/167 359/3/167
f 350/1/167 359/3/167 358/4/167
f 351/1/166 352/2/166 360/3/166
f 351/1/166 360/3/166 359/4/166
f 352/1/165 346/2/165 354/3/165
f 352/1/165 354/3/165 360/4/165
f 354/1/172 353/2/172 361/3/172
f 354/1/172 361/3/172 362/4/172
f 353/1/171 355/2/171 363/3/171
f 353/1/171 363/3/171 361/4/171
f 355/1/170 356/2/170 364/3/170
f 355/1/170 364/3/170 363/4/170
f 356/1/169 357/2/169 365/3/169
f 356/1/169 365/3/169 364/4/169
f 357/1/176 358/2/176 366/3/176
f 357/1/176 366/3/176 365/4/176
f 358/1/175 359/2/175 367/3/175
f 358/1/175 367/3/175 366/4/175
f 359/1/174 360/2/174 368/3/174
f 359/1/174 368/3/174 367/4/174
f 360/1/173 354/2/173 362/3/173
f 360/1/173 362/3/173 368/4/173
f 362/1/180 361/2/180 369/3/180
f 362/1/180 369/3/180 370/4/180
f 361/1/179 363/2/179 371/3/179
f 361/1/179 371/3/179 369/4/179
f 363/1/178 364/2/178 372/3/178
f 363/1/178 372/3/178 371/4/178
f 364/1/177 365/2/177 373/3/177
f 364/1/177 373/3/177 372/4/177
f 365/1/184 366/2/184 374/3/184
f 365/1/184 374/3/184 373/4/184
f 366/1/183 367/2/183 375/3/183
f 366/1/183 375/3/183 374/4/183
f 367/1/182 368/2/182 376/3/182
f 367/1/182 376/3/182 375/4/182
f 368/1/181 362/2/181 370/3/181
f 368/1/181 370/3/181 376/4/181
f 370/1/188 369/2/188 377/3/188
f 370/1/188 377/3/188 378/4/188
f 369/1/187 371/2/187 379/3/187
f 369/1/187 379/3/187 377/4/187
f 371/1/186 372/2/186 380/3/186
f 371/1/186 380/3/186 379/4/186
f 372/1/185 373/2/185 381/3/185
f 372/1/185 381/3/185 380/4/185
f 373/1/192 374/2/192 382/3/192
f 373/1/192 382/3/192 381/4/192
f 374/1/191 375/2/191 383/3/191
f 374/1/191 383/3/191 382/4/191
f 375/1/190 376/2/190 384/3/190
f 375/1/190 384/3/190 383/4/190
f 376/1/189 370/2/189 378/3/189
f 376/1/189 378/3/189 384/4/189
f 378/1/196 377/2/196 385/3/196
f 378/1/196 385/3/196 386/4/196
f 377/1/195 379/2/195 387/3/195
f 377/1/195 387/3/195 385/4/195
f 379/1/194 380/2/194 388/3/194
f 379/1/194 388/3/194 387/4/194
f 380/1/193 381/2/193 389/3/193
f 380/1/193 389/3/193 388/4/193
f 381/1/200 382/2/200 390/3/200
f 381/1/200 390/3/200 389/4/200
f 382/1/199 383/2/199 391/3/199
f 382/1/199 391/3/199 390/4/199
f 383/1/198 384/2/198 392/3/198
f 383/1/198 392/3/198 391/4/198
f 384/1/197 378/2/197 386/3/197
f 384/1/197 386/3/197 392/4/197
f 386/1/204 385/2/204 393/3/204
f 386/1/204 393/3/204 394/4/204
f 385/1/203 387/2/203 395/3/203
f 385/1/203 395/3/203 393/4/203
f 387/1/202 388/2/202 396/3/202
f 387/1/202 396/3/202 395/4/202
f 388/1/201 389/2/201 397/3/201
f 388/1/201 397/3/201 396/4/201
f 389/1/208 390/2/208 398/3/208
f 389/1/208 398/3/208 397/4/208
f 390/1/207 391/2/207 399/3/207
f 390/1/207 399/3/207 398/4/207
f 391/1/206 392/2/206 400/3/206
f 391/1/206 400/3/206 399/4/206
f 392/1/205 386/2/205 394/3/205
f 392/1/205 394/3/205 400/4/205
f 394/1/212 393/2/212 401/3/212
f 394/1/212 401/3/212 402/4/212
f 393/1/211 395/2/211 403/3/211
f 393/1/211 403/3/211 401/4/211
f 395/1/210 396/2/210 404/3/210
f 395/1/210 404/3/210 403/4/210
f 396/1/209 397/2/209 405/3/209
f 396/1/209 405/3/209 404/4/209
f 397/1/216 398/2/216 406/3/216
f 397/1/216 406/3/216 405/4/216
f 398/1/215 399/2/215 407/3/215
f 398/1/215 407/3/215 406/4/215
f 399/1/214 400/2/214 408/3/214
f 399/1/214 408/3/214 407/4/214
f 400/1/213 394/2/213 402/3/213
f 400/1/213 402/3/213 408/4/213
f 402/1/289 401/2/289 409/3/289
f 402/1/290 409/3/290 410/4/290
f 401/1/291 403/2/291 411/3/291
f 401/1/292 411/3/292 409/4/292
f 403/1/293 404/2/293 412/3/293
f 403/1/294 412/3/294 411/4/294
f 404/1/295 405/2/295 413/3/295
f 404/1/296 413/3/296 412/4/296
f 405/1/297 406/2/297 414/3/297
f 405/1/298 414/3/298 413/4/298
f 406/1/299 407/2/299 415/3/299
f 406/1/300 415/3/300 414/4/300
f 407/1/301 408/2/301 416/3/301
f 407/1/302 416/3/302 415/4/302
f 408/1/303 402/2/303 410/3/303
f 408/1/304 410/3/304 416/4/304
f 410/1/236 409/2/236 2/3/236
f 410/1/236 2/3/236 1/4/236
f 409/1/235 411/2/235 5/3/235
f 409/1/235 5/3/235 2/4/235
f 411/1/234 412/2/234 7/3/234
f 411/1/234 7/3/234 5/4/234
f 412/1/233 413/2/233 9/3/233
f 412/1/233 9/3/233 7/4/233
f 413/1/240 414/2/240 11/3/240
f 413/1/240 11/3/240 9/4/240
f 414/1/239 415/2/239 13/3/239
f 414/1/239 13/3/239 11/4/239
f 415/1/238 416/2/238 15/3/238
f 415/1/238 15/3/238 13/4/238
f 416/1/237 410/2/237 1/3/237
f 416/1/237 1/3/237 15/4/237
g upper_chamfered_rim
f 417/1/1 418/2/1 419/3/1
f 417/1/2 419/3/2 420/4/2
f 418/1/3 421/2/3 422/3/3
f 418/1/4 422/3/4 419/4/4
f 421/1/5 423/2/5 424/3/5
f 421/1/6 424/3/6 422/4/6
f 423/1/7 425/2/7 426/3/7
f 423/1/8 426/3/8 424/4/8
f 425/1/9 427/2/9 428/3/9
f 425/1/10 428/3/10 426/4/10
f 427/1/11 429/2/11 430/3/11
f 427/1/12 430/3/12 428/4/12
f 429/1/13 431/2/13 432/3/13
f 429/1/14 432/3/14 430/4/14
f 431/1/15 417/2/15 420/3/15
f 431/1/16 420/3/16 432/4/16
f 420/1/17 419/2/17 433/3/17
f 420/1/17 433/3/17 434/4/17
f 419/1/18 422/2/18 435/3/18
f 419/1/18 435/3/18 433/4/18
f 422/1/19 424/2/19 436/3/19
f 422/1/19 436/3/19 435/4/19
f 424/1/20 426/2/20 437/3/20
f 424/1/20 437/3/20 436/4/20
f 426/1/21 428/2/21 438/3/21
f 426/1/21 438/3/21 437/4/21
f 428/1/22 430/2/22 439/3/22
f 428/1/22 439/3/22 438/4/22
f 430/1/23 432/2/23 440/3/23
f 430/1/23 440/3/23 439/4/23
f 432/1/24 420/2/24 434/3/24
f 432/1/24 434/3/24 440/4/24
f 434/1/25 433/2/25 441/3/25
f 434/1/25 441/3/25 442/4/25
f 433/1/26 435/2/26 443/3/26
f 433/1/26 443/3/26 441/4/26
f 435/1/27 436/2/27 444/3/27
f 435/1/27 444/3/27 443/4/27
f 436/1/28 437/2/28 445/3/28
f 436/1/28 445/3/28 444/4/28
f 437/1/29 438/2/29 446/3/29
f 437/1/29 446/3/29 445/4/29
f 438/1/30 439/2/30 447/3/30
f 438/1/30 447/3/30 446/4/30
f 439/1/31 440/2/31 448/3/31
f 439/1/31 448/3/31 447/4/31
f 440/1/32 434/2/32 442/3/32
f 440/1/32 442/3/32 448/4/32
f 442/1/33 441/2/33 449/3/33
f 442/1/33 449/3/33 450/4/33
f 441/1/34 443/2/34 451/3/34
f 441/1/34 451/3/34 449/4/34
f 443/1/35 444/2/35 452/3/35
f 443/1/35 452/3/35 451/4/35
f 444/1/36 445/2/36 453/3/36
f 444/1/36 453/3/36 452/4/36
f 445/1/37 446/2/37 454/3/37
f 445/1/37 454/3/37 453/4/37
f 446/1/38 447/2/38 455/3/38
f 446/1/38 455/3/38 454/4/38
f 447/1/39 448/2/39 456/3/39
f 447/1/39 456/3/39 455/4/39
f 448/1/40 442/2/40 450/3/40
f 448/1/40 450/3/40 456/4/40
f 450/1/41 449/2/41 457/3/41
f 450/1/41 457/3/41 458/4/41
f 449/1/42 451/2/42 459/3/42
f 449/1/42 459/3/42 457/4/42
f 451/1/43 452/2/43 460/3/43
f 451/1/43 460/3/43 459/4/43
f 452/1/44 453/2/44 461/3/44
f 452/1/44 461/3/44 460/4/44
f 453/1/45 454/2/45 462/3/45
f 453/1/45 462/3/45 461/4/45
f 454/1/46 455/2/46 463/3/46
f 454/1/46 463/3/46 462/4/46
f 455/1/47 456/2/47 464/3/47
f 455/1/47 464/3/47 463/4/47
f 456/1/48 450/2/48 458/3/48
f 456/1/48 458/3/48 464/4/48
f 458/1/49 457/2/49 465/3/49
f 458/1/49 465/3/49 466/4/49
f 457/1/50 459/2/50 467/3/50
f 457/1/50 467/3/50 465/4/50
f 459/1/51 460/2/51 468/3/51
f 459/1/51 468/3/51 467/4/51
f 460/1/52 461/2/52 469/3/52
f 460/1/52 469/3/52 468/4/52
f 461/1/53 462/2/53 470/3/53
f 461/1/53 470/3/53 469/4/53
f 462/1/54 463/2/54 471/3/54
f 462/1/54 471/3/54 470/4/54
f 463/1/55 464/2/55 472/3/55
f 463/1/55 472/3/55 471/4/55
f 464/1/56 458/2/56 466/3/56
f 464/1/56 466/3/56 472/4/56
f 466/1/57 465/2/57 473/3/57
f 466/1/57 473/3/57 474/4/57
f 465/1/58 467/2/58 475/3/58
f 465/1/58 475/3/58 473/4/58
f 467/1/59 468/2/59 476/3/59
f 467/1/59 476/3/59 475/4/59
f 468/1/60 469/2/60 477/3/60
f 468/1/60 477/3/60 476/4/60
f 469/1/61 470/2/61 478/3/61
f 469/1/61 478/3/61 477/4/61
f 470/1/62 471/2/62 479/3/62
f 470/1/62 479/3/62 478/4/62
f 471/1/63 472/2/63 480/3/63
f 471/1/63 480/3/63 479/4/63
f 472/1/64 466/2/64 474/3/64
f 472/1/64 474/3/64 480/4/64
f 474/1/65 473/2/65 481/3/65
f 474/1/65 481/3/65 482/4/65
f 473/1/66 475/2/66 483/3/66
f 473/1/66 483/3/66 481/4/66
f 475/1/67 476/2/67 484/3/67
f 475/1/67 484/3/67 483/4/67
f 476/1/68 477/2/68 485/3/68
f 476/1/68 485/3/68 484/4/68
f 477/1/69 478/2/69 486/3/69
f 477/1/69 486/3/69 485/4/69
f 478/1/70 479/2/70 487/3/70
f 478/1/70 487/3/70 486/4/70
f 479/1/71 480/2/71 488/3/71
f 479/1/71 488/3/71 487/4/71
f 480/1/72 474/2/72 482/3/72
f 480/1/72 482/3/72 488/4/72
f 482/1/73 481/2/73 489/3/73
f 482/1/73 489/3/73 490/4/73
f 481/1/74 483/2/74 491/3/74
f 481/1/74 491/3/74 489/4/74
f 483/1/75 484/2/75 492/3/75
f 483/1/75 492/3/75 491/4/75
f 484/1/76 485/2/76 493/3/76
f 484/1/76 493/3/76 492/4/76
f 485/1/77 486/2/77 494/3/77
f 485/1/77 494/3/77 493/4/77
f 486/1/78 487/2/78 495/3/78
f 486/1/78 495/3/78 494/4/78
f 487/1/79 488/2/79 496/3/79
f 487/1/79 496/3/79 495/4/79
f 488/1/80 482/2/80 490/3/80
f 488/1/80 490/3/80 496/4/80
f 490/1/81 489/2/81 497/3/81
f 490/1/81 497/3/81 498/4/81
f 489/1/82 491/2/82 499/3/82
f 489/1/82 499/3/82 497/4/82
f 491/1/83 492/2/83 500/3/83
f 491/1/83 500/3/83 499/4/83
f 492/1/84 493/2/84 501/3/84
f 492/1/84 501/3/84 500/4/84
f 493/1/85 494/2/85 502/3/85
f 493/1/85 502/3/85 501/4/85
f 494/1/86 495/2/86 503/3/86
f 494/1/86 503/3/86 502/4/86
f 495/1/87 496/2/87 504/3/87
f 495/1/87 504/3/87 503/4/87
f 496/1/88 490/2/88 498/3/88
f 496/1/88 498/3/88 504/4/88
f 498/1/89 497/2/89 505/3/89
f 498/1/89 505/3/89 506/4/89
f 497/1/90 499/2/90 507/3/90
f 497/1/90 507/3/90 505/4/90
f 499/1/91 500/2/91 508/3/91
f 499/1/91 508/3/91 507/4/91
f 500/1/92 501/2/92 509/3/92
f 500/1/92 509/3/92 508/4/92
f 501/1/93 502/2/93 510/3/93
f 501/1/93 510/3/93 509/4/93
f 502/1/94 503/2/94 511/3/94
f 502/1/94 511/3/94 510/4/94
f 503/1/95 504/2/95 512/3/95
f 503/1/95 512/3/95 511/4/95
f 504/1/96 498/2/96 506/3/96
f 504/1/96 506/3/96 512/4/96
f 506/1/97 505/2/97 513/3/97
f 506/1/98 513/3/98 514/4/98
f 505/1/99 507/2/99 515/3/99
f 505/1/100 515/3/100 513/4/100
f 507/1/101 508/2/101 516/3/101
f 507/1/102 516/3/102 515/4/102
f 508/1/103 509/2/103 517/3/103
f 508/1/104 517/3/104 516/4/104
f 509/1/105 510/2/105 518/3/105
f 509/1/106 518/3/106 517/4/106
f 510/1/107 511/2/107 519/3/107
f 510/1/108 519/3/108 518/4/108
f 511/1/109 512/2/109 520/3/109
f 511/1/110 520/3/110 519/4/110
f 512/1/111 506/2/111 514/3/111
f 512/1/112 514/3/112 520/4/112
f 514/1/113 513/2/113 521/3/113
f 514/1/113 521/3/113 522/4/113
f 513/1/114 515/2/114 523/3/114
f 513/1/114 523/3/114 521/4/114
f 515/1/115 516/2/115 524/3/115
f 515/1/115 524/3/115 523/4/115
f 516/1/116 517/2/116 525/3/116
f 516/1/116 525/3/116 524/4/116
f 517/1/117 518/2/117 526/3/117
f 517/1/117 526/3/117 525/4/117
f 518/1/118 519/2/118 527/3/118
f 518/1/118 527/3/118 526/4/118
f 519/1/119 520/2/119 528/3/119
f 519/1/119 528/3/119 527/4/119
f 520/1/120 514/2/120 522/3/120
f 520/1/120 522/3/120 528/4/120
f 522/1/121 521/2/121 529/3/121
f 522/1/122 529/3/122 530/4/122
f 521/1/123 523/2/123 531/3/123
f 521/1/124 531/3/124 529/4/124
f 523/1/125 524/2/125 532/3/125
f 523/1/126 532/3/126 531/4/126
f 524/1/127 525/2/127 533/3/127
f 524/1/128 533/3/128 532/4/128
f 525/1/129 526/2/129 534/3/129
f 525/1/130 534/3/130 533/4/130
f 526/1/131 527/2/131 535/3/131
f 526/1/132 535/3/132 534/4/132
f 527/1/133 528/2/133 536/3/133
f 527/1/134 536/3/134 535/4/134
f 528/1/135 522/2/135 530/3/135
f 528/1/136 530/3/136 536/4/136
f 530/1/137 529/2/137 537/3/137
f 530/1/137 537/3/137 538/4/137
f 529/1/138 531/2/138 539/3/138
f 529/1/138 539/3/138 537/4/138
f 531/1/139 532/2/139 540/3/139
f 531/1/139 540/3/139 539/4/139
f 532/1/140 533/2/140 541/3/140
f 532/1/140 541/3/140 540/4/140
f 533/1/141 534/2/141 542/3/141
f 533/1/141 542/3/141 541/4/141
f 534/1/142 535/2/142 543/3/142
f 534/1/142 543/3/142 542/4/142
f 535/1/143 536/2/143 544/3/143
f 535/1/143 544/3/143 543/4/143
f 536/1/144 530/2/144 538/3/144
f 536/1/144 538/3/144 544/4/144
f 538/1/145 537/2/145 545/3/145
f 538/1/145 545/3/145 546/4/145
f 537/1/146 539/2/146 547/3/146
f 537/1/146 547/3/146 545/4/146
f 539/1/147 540/2/147 548/3/147
f 539/1/147 548/3/147 547/4/147
f 540/1/148 541/2/148 549/3/148
f 540/1/148 549/3/148 548/4/148
f 541/1/149 542/2/149 550/3/149
f 541/1/149 550/3/149 549/4/149
f 542/1/150 543/2/150 551/3/150
f 542/1/150 551/3/150 550/4/150
f 543/1/151 544/2/151 552/3/151
f 543/1/151 552/3/151 551/4/151
f 544/1/152 538/2/152 546/3/152
f 544/1/152 546/3/152 552/4/152
f 546/1/153 545/2/153 553/3/153
f 546/1/153 553/3/153 554/4/153
f 545/1/154 547/2/154 555/3/154
f 545/1/154 555/3/154 553/4/154
f 547/1/155 548/2/155 556/3/155
f 547/1/155 556/3/155 555/4/155
f 548/1/156 549/2/156 557/3/156
f 548/1/156 557/3/156 556/4/156
f 549/1/157 550/2/157 558/3/157
f 549/1/157 558/3/157 557/4/157
f 550/1/158 551/2/158 559/3/158
f 550/1/158 559/3/158 558/4/158
f 551/1/159 552/2/159 560/3/159
f 551/1/159 560/3/159 559/4/159
f 552/1/160 546/2/160 554/3/160
f 552/1/160 554/3/160 560/4/160
f 554/1/161 553/2/161 561/3/161
f 554/1/161 561/3/161 562/4/161
f 553/1/162 555/2/162 563/3/162
f 553/1/162 563/3/162 561/4/162
f 555/1/163 556/2/163 564/3/163
f 555/1/163 564/3/163 563/4/163
f 556/1/164 557/2/164 565/3/164
f 556/1/164 565/3/164 564/4/164
f 557/1/165 558/2/165 566/3/165
f 557/1/165 566/3/165 565/4/165
f 558/1/166 559/2/166 567/3/166
f 558/1/166 567/3/166 566/4/166
f 559/1/167 560/2/167 568/3/167
f 559/1/167 568/3/167 567/4/167
f 560/1/168 554/2/168 562/3/168
f 560/1/168 562/3/168 568/4/168
f 562/1/169 561/2/169 569/3/169
f 562/1/169 569/3/169 570/4/169
f 561/1/170 563/2/170 571/3/170
f 561/1/170 571/3/170 569/4/170
f 563/1/171 564/2/171 572/3/171
f 563/1/171 572/3/171 571/4/171
f 564/1/172 565/2/172 573/3/172
f 564/1/172 573/3/172 572/4/172
f 565/1/173 566/2/173 574/3/173
f 565/1/173 574/3/173 573/4/173
f 566/1/174 567/2/174 575/3/174
f 566/1/174 575/3/174 574/4/174
f 567/1/175 568/2/175 576/3/175
f 567/1/175 576/3/175 575/4/175
f 568/1/176 562/2/176 570/3/176
f 568/1/176 570/3/176 576/4/176
f 570/1/177 569/2/177 577/3/177
f 570/1/177 577/3/177 578/4/177
f 569/1/178 571/2/178 579/3/178
f 569/1/178 579/3/178 577/4/178
f 571/1/179 572/2/179 580/3/179
f 571/1/179 580/3/179 579/4/179
f 572/1/180 573/2/180 581/3/180
f 572/1/180 581/3/180 580/4/180
f 573/1/181 574/2/181 582/3/181
f 573/1/181 582/3/181 581/4/181
f 574/1/182 575/2/182 583/3/182
f 574/1/182 583/3/182 582/4/182
f 575/1/183 576/2/183 584/3/183
f 575/1/183 584/3/183 583/4/183
f 576/1/184 570/2/184 578/3/184
f 576/1/184 578/3/184 584/4/184
f 578/1/185 577/2/185 585/3/185
f 578/1/185 585/3/185 586/4/185
f 577/1/186 579/2/186 587/3/186
f 577/1/186 587/3/186 585/4/186
f 579/1/187 580/2/187 588/3/187
f 579/1/187 588/3/187 587/4/187
f 580/1/188 581/2/188 589/3/188
f 580/1/188 589/3/188 588/4/188
f 581/1/189 582/2/189 590/3/189
f 581/1/189 590/3/189 589/4/189
f 582/1/190 583/2/190 591/3/190
f 582/1/190 591/3/190 590/4/190
f 583/1/191 584/2/191 592/3/191
f 583/1/191 592/3/191 591/4/191
f 584/1/192 578/2/192 586/3/192
f 584/1/192 586/3/192 592/4/192
f 586/1/193 585/2/193 593/3/193
f 586/1/193 593/3/193 594/4/193
f 585/1/194 587/2/194 595/3/194
f 585/1/194 595/3/194 593/4/194
f 587/1/195 588/2/195 596/3/195
f 587/1/195 596/3/195 595/4/195
f 588/1/196 589/2/196 597/3/196
f 588/1/196 597/3/196 596/4/196
f 589/1/197 590/2/197 598/3/197
f 589/1/197 598/3/197 597/4/197
f 590/1/198 591/2/198 599/3/198
f 590/1/198 599/3/198 598/4/198
f 591/1/199 592/2/199 600/3/199
f 591/1/199 600/3/199 599/4/199
f 592/1/200 586/2/200 594/3/200
f 592/1/200 594/3/200 600/4/200
f 594/1/201 593/2/201 601/3/201
f 594/1/201 601/3/201 602/4/201
f 593/1/202 595/2/202 603/3/202
f 593/1/202 603/3/202 601/4/202
f 595/1/203 596/2/203 604/3/203
f 595/1/203 604/3/203 603/4/203
f 596/1/204 597/2/204 605/3/204
f 596/1/204 605/3/204 604/4/204
f 597/1/205 598/2/205 606/3/205
f 597/1/205 606/3/205 605/4/205
f 598/1/206 599/2/206 607/3/206
f 598/1/206 607/3/206 606/4/206
f 599/1/207 600/2/207 608/3/207
f 599/1/207 608/3/207 607/4/207
f 600/1/208 594/2/208 602/3/208
f 600/1/208 602/3/208 608/4/208
f 602/1/209 601/2/209 609/3/209
f 602/1/209 609/3/209 610/4/209
f 601/1/210 603/2/210 611/3/210
f 601/1/210 611/3/210 609/4/210
f 603/1/211 604/2/211 612/3/211
f 603/1/211 612/3/211 611/4/211
f 604/1/212 605/2/212 613/3/212
f 604/1/212 613/3/212 612/4/212
f 605/1/213 606/2/213 614/3/213
f 605/1/213 614/3/213 613/4/213
f 606/1/214 607/2/214 615/3/214
f 606/1/214 615/3/214 614/4/214
f 607/1/215 608/2/215 616/3/215
f 607/1/215 616/3/215 615/4/215
f 608/1/216 602/2/216 610/3/216
f 608/1/216 610/3/216 616/4/216
f 610/1/217 609/2/217 617/3/217
f 610/1/218 617/3/218 618/4/218
f 609/1/219 611/2/219 619/3/219
f 609/1/220 619/3/220 617/4/220
f 611/1/221 612/2/221 620/3/221
f 611/1/222 620/3/222 619/4/222
f 612/1/223 613/2/223 621/3/223
f 612/1/224 621/3/224 620/4/224
f 613/1/225 614/2/225 622/3/225
f 613/1/226 622/3/226 621/4/226
f 614/1/227 615/2/227 623/3/227
f 614/1/228 623/3/228 622/4/228
f 615/1/229 616/2/229 624/3/229
f 615/1/230 624/3/230 623/4/230
f 616/1/231 610/2/231 618/3/231
f 616/1/232 618/3/232 624/4/232
f 618/1/233 617/2/233 625/3/233
f 618/1/233 625/3/233 626/4/233
f 617/1/234 619/2/234 627/3/234
f 617/1/234 627/3/234 625/4/234
f 619/1/235 620/2/235 628/3/235
f 619/1/235 628/3/235 627/4/235
f 620/1/236 621/2/236 629/3/236
f 620/1/236 629/3/236 628/4/236
f 621/1/237 622/2/237 630/3/237
f 621/1/237 630/3/237 629/4/237
f 622/1/238 623/2/238 631/3/238
f 622/1/238 631/3/238 630/4/238
f 623/1/239 624/2/239 632/3/239
f 623/1/239 632/3/239 631/4/239
f 624/1/240 618/2/240 626/3/240
f 624/1/240 626/3/240 632/4/240
f 626/1/241 625/2/241 633/3/241
f 626/1/242 633/3/242 634/4/242
f 625/1/243 627/2/243 635/3/243
f 625/1/244 635/3/244 633/4/244
f 627/1/245 628/2/245 636/3/245
f 627/1/246 636/3/246 635/4/246
f 628/1/247 629/2/247 637/3/247
f 628/1/248 637/3/248 636/4/248
f 629/1/249 630/2/249 638/3/249
f 629/1/250 638/3/250 637/4/250
f 630/1/251 631/2/251 639/3/251
f 630/1/252 639/3/252 638/4/252
f 631/1/253 632/2/253 640/3/253
f 631/1/254 640/3/254 639/4/254
f 632/1/255 626/2/255 634/3/255
f 632/1/256 634/3/256 640/4/256
f 634/1/20 633/2/20 641/3/20
f 634/1/20 641/3/20 642/4/20
f 633/1/19 635/2/19 643/3/19
f 633/1/19 643/3/19 641/4/19
f 635/1/18 636/2/18 644/3/18
f 635/1/18 644/3/18 643/4/18
f 636/1/17 637/2/17 645/3/17
f 636/1/17 645/3/17 644/4/17
f 637/1/24 638/2/24 646/3/24
f 637/1/24 646/3/24 645/4/24
f 638/1/23 639/2/23 647/3/23
f 638/1/23 647/3/23 646/4/23
f 639/1/22 640/2/22 648/3/22
f 639/1/22 648/3/22 647/4/22
f 640/1/21 634/2/21 642/3/21
f 640/1/21 642/3/21 648/4/21
f 642/1/28 641/2/28 649/3/28
f 642/1/28 649/3/28 650/4/28
f 641/1/27 643/2/27 651/3/27
f 641/1/27 651/3/27 649/4/27
f 643/1/26 644/2/26 652/3/26
f 643/1/26 652/3/26 651/4/26
f 644/1/25 645/2/25 653/3/25
f 644/1/25 653/3/25 652/4/25
f 645/1/32 646/2/32 654/3/32
f 645/1/32 654/3/32 653/4/32
f 646/1/31 647/2/31 655/3/31
f 646/1/31 655/3/31 654/4/31
f 647/1/30 648/2/30 656/3/30
f 647/1/30 656/3/30 655/4/30
f 648/1/29 642/2/29 650/3/29
f 648/1/29 650/3/29 656/4/29
f 650/1/36 649/2/36 657/3/36
f 650/1/36 657/3/36 658/4/36
f 649/1/35 651/2/35 659/3/35
f 649/1/35 659/3/35 657/4/35
f 651/1/34 652/2/34 660/3/34
f 651/1/34 660/3/34 659/4/34
f 652/1/33 653/2/33 661/3/33
f 652/1/33 661/3/33 660/4/33
f 653/1/40 654/2/40 662/3/40
f 653/1/40 662/3/40 661/4/40
f 654/1/39 655/2/39 663/3/39
f 654/1/39 663/3/39 662/4/39
f 655/1/38 656/2/38 664/3/38
f 655/1/38 664/3/38 663/4/38
f 656/1/37 650/2/37 658/3/37
f 656/1/37 658/3/37 664/4/37
f 658/1/44 657/2/44 665/3/44
f 658/1/44 665/3/44 666/4/44
f 657/1/43 659/2/43 667/3/43
f 657/1/43 667/3/43 665/4/43
f 659/1/42 660/2/42 668/3/42
f 659/1/42 668/3/42 667/4/42
f 660/1/41 661/2/41 669/3/41
f 660/1/41 669/3/41 668/4/41
f 661/1/48 662/2/48 670/3/48
f 661/1/48 670/3/48 669/4/48
f 662/1/47 663/2/47 671/3/47
f 662/1/47 671/3/47 670/4/47
f 663/1/46 664/2/46 672/3/46
f 663/1/46 672/3/46 671/4/46
f 664/1/45 658/2/45 666/3/45
f 664/1/45 666/3/45 672/4/45
f 666/1/52 665/2/52 673/3/52
f 666/1/52 673/3/52 674/4/52
f 665/1/51 667/2/51 675/3/51
f 665/1/51 675/3/51 673/4/51
f 667/1/50 668/2/50 676/3/50
f 667/1/50 676/3/50 675/4/50
f 668/1/49 669/2/49 677/3/49
f 668/1/49 677/3/49 676/4/49
f 669/1/56 670/2/56 678/3/56
f 669/1/56 678/3/56 677/4/56
f 670/1/55 671/2/55 679/3/55
f 670/1/55 679/3/55 678/4/55
f 671/1/54 672/2/54 680/3/54
f 671/1/54 680/3/54 679/4/54
f 672/1/53 666/2/53 674/3/53
f 672/1/53 674/3/53 680/4/53
f 674/1/60 673/2/60 681/3/60
f 674/1/60 681/3/60 682/4/60
f 673/1/59 675/2/59 683/3/59
f 673/1/59 683/3/59 681/4/59
f 675/1/58 676/2/58 684/3/58
f 675/1/58 684/3/58 683/4/58
f 676/1/57 677/2/57 685/3/57
f 676/1/57 685/3/57 684/4/57
f 677/1/64 678/2/64 686/3/64
f 677/1/64 686/3/64 685/4/64
f 678/1/63 679/2/63 687/3/63
f 678/1/63 687/3/63 686/4/63
f 679/1/62 680/2/62 688/3/62
f 679/1/62 688/3/62 687/4/62
f 680/1/61 674/2/61 682/3/61
f 680/1/61 682/3/61 688/4/61
f 682/1/68 681/2/68 689/3/68
f 682/1/68 689/3/68 690/4/68
f 681/1/67 683/2/67 691/3/67
f 681/1/67 691/3/67 689/4/67
f 683/1/66 684/2/66 692/3/66
f 683/1/66 692/3/66 691/4/66
f 684/1/65 685/2/65 693/3/65
f 684/1/65 693/3/65 692/4/65
f 685/1/72 686/2/72 694/3/72
f 685/1/72 694/3/72 693/4/72
f 686/1/71 687/2/71 695/3/71
f 686/1/71 695/3/71 694/4/71
f 687/1/70 688/2/70 696/3/70
f 687/1/70 696/3/70 695/4/70
f 688/1/69 682/2/69 690/3/69
f 688/1/69 690/3/69 696/4/69
f 690/1/76 689/2/76 697/3/76
f 690/1/76 697/3/76 698/4/76
f 689/1/75 691/2/75 699/3/75
f 689/1/75 699/3/75 697/4/75
f 691/1/74 692/2/74 700/3/74
f 691/1/74 700/3/74 699/4/74
f 692/1/73 693/2/73 701/3/73
f 692/1/73 701/3/73 700/4/73
f 693/1/80 694/2/80 702/3/80
f 693/1/80 702/3/80 701/4/80
f 694/1/79 695/2/79 703/3/79
f 694/1/79 703/3/79 702/4/79
f 695/1/78 696/2/78 704/3/78
f 695/1/78 704/3/78 703/4/78
f 696/1/77 690/2/77 698/3/77
f 696/1/77 698/3/77 704/4/77
f 698/1/84 697/2/84 705/3/84
f 698/1/84 705/3/84 706/4/84
f 697/1/83 699/2/83 707/3/83
f 697/1/83 707/3/83 705/4/83
f 699/1/82 700/2/82 708/3/82
f 699/1/82 708/3/82 707/4/82
f 700/1/81 701/2/81 709/3/81
f 700/1/81 709/3/81 708/4/81
f 701/1/88 702/2/88 710/3/88
f 701/1/88 710/3/88 709/4/88
f 702/1/87 703/2/87 711/3/87
f 702/1/87 711/3/87 710/4/87
f 703/1/86 704/2/86 712/3/86
f 703/1/86 712/3/86 711/4/86
f 704/1/85 698/2/85 706/3/85
f 704/1/85 706/3/85 712/4/85
f 706/1/92 705/2/92 713/3/92
f 706/1/92 713/3/92 714/4/92
f 705/1/91 707/2/91 715/3/91
f 705/1/91 715/3/91 713/4/91
f 707/1/90 708/2/90 716/3/90
f 707/1/90 716/3/90 715/4/90
f 708/1/89 709/2/89 717/3/89
f 708/1/89 717/3/89 716/4/89
f 709/1/96 710/2/96 718/3/96
f 709/1/96 718/3/96 717/4/96
f 710/1/95 711/2/95 719/3/95
f 710/1/95 719/3/95 718/4/95
f 711/1/94 712/2/94 720/3/94
f 711/1/94 720/3/94 719/4/94
f 712/1/93 706/2/93 714/3/93
f 712/1/93 714/3/93 720/4/93
f 714/1/257 713/2/257 721/3/257
f 714/1/258 721/3/258 722/4/258
f 713/1/259 715/2/259 723/3/259
f 713/1/260 723/3/260 721/4/260
f 715/1/261 716/2/261 724/3/261
f 715/1/262 724/3/262 723/4/262
f 716/1/263 717/2/263 725/3/263
f 716/1/264 725/3/264 724/4/264
f 717/1/265 718/2/265 726/3/265
f 717/1/266 726/3/266 725/4/266
f 718/1/267 719/2/267 727/3/267
f 718/1/268 727/3/268 726/4/268
f 719/1/269 720/2/269 728/3/269
f 719/1/270 728/3/270 727/4/270
f 720/1/271 714/2/271 722/3/271
f 720/1/272 722/3/272 728/4/272
f 722/1/116 721/2/116 729/3/116
f 722/1/116 729/3/116 730/4/116
f 721/1/115 723/2/115 731/3/115
f 721/1/115 731/3/115 729/4/115
f 723/1/114 724/2/114 732/3/114
f 723/1/114 732/3/114 731/4/114
f 724/1/113 725/2/113 733/3/113
f 724/1/113 733/3/113 732/4/113
f 725/1/120 726/2/120 734/3/120
f 725/1/120 734/3/120 733/4/120
f 726/1/119 727/2/119 735/3/119
f 726/1/119 735/3/119 734/4/119
f 727/1/118 728/2/118 736/3/118
f 727/1/118 736/3/118 735/4/118
f 728/1/117 722/2/117 730/3/117
f 728/1/117 730/3/117 736/4/117
f 730/1/273 729/2/273 737/3/273
f 730/1/274 737/3/274 738/4/274
f 729/1/275 731/2/275 739/3/275
f 729/1/276 739/3/276 737/4/276
f 731/1/277 732/2/277 740/3/277
f 731/1/278 740/3/278 739/4/278
f 732/1/279 733/2/279 741/3/279
f 732/1/280 741/3/280 740/4/280
f 733/1/281 734/2/281 742/3/281
f 733/1/282 742/3/282 741/4/282
f 734/1/283 735/2/283 743/3/283
f 734/1/284 743/3/284 742/4/284
f 735/1/285 736/2/285 744/3/285
f 735/1/286 744/3/286 743/4/286
f 736/1/287 730/2/287 738/3/287
f 736/1/288 738/3/288 744/4/288
f 738/1/140 737/2/140 745/3/140
f 738/1/140 745/3/140 746/4/140
f 737/1/139 739/2/139 747/3/139
f 737/1/139 747/3/139 745/4/139
f 739/1/138 740/2/138 748/3/138
f 739/1/138 748/3/138 747/4/138
f 740/1/137 741/2/137 749/3/137
f 740/1/137 749/3/137 748/4/137
f 741/1/144 742/2/144 750/3/144
f 741/1/144 750/3/144 749/4/144
f 742/1/143 743/2/143 751/3/143
f 742/1/143 751/3/143 750/4/143
f 743/1/142 744/2/142 752/3/142
f 743/1/142 752/3/142 751/4/142
f 744/1/141 738/2/141 746/3/141
f 744/1/141 746/3/141 752/4/141
f 746/1/148 745/2/148 753/3/148
f 746/1/148 753/3/148 754/4/148
f 745/1/147 747/2/147 755/3/147
f 745/1/147 755/3/147 753/4/147
f 747/1/146 748/2/146 756/3/146
f 747/1/146 756/3/146 755/4/146
f 748/1/145 749/2/145 757/3/145
f 748/1/145 757/3/145 756/4/145
f 749/1/152 750/2/152 758/3/152
f 749/1/152 758/3/152 757/4/152
f 750/1/151 751/2/151 759/3/151
f 750/1/151 759/3/151 758/4/151
f 751/1/150 752/2/150 760/3/150
f 751/1/150 760/3/150 759/4/150
f 752/1/149 746/2/149 754/3/149
f 752/1/149 754/3/149 760/4/149
f 754/1/156 753/2/156 761/3/156
f 754/1/156 761/3/156 762/4/156
f 753/1/155 755/2/155 763/3/155
f 753/1/155 763/3/155 761/4/155
f 755/1/154 756/2/154 764/3/154
f 755/1/154 764/3/154 763/4/154
f 756/1/153 757/2/153 765/3/153
f 756/1/153 765/3/153 764/4/153
f 757/1/160 758/2/160 766/3/160
f 757/1/160 766/3/160 765/4/160
f 758/1/159 759/2/159 767/3/159
f 758/1/159 767/3/159 766/4/159
f 759/1/158 760/2/158 768/3/158
f 759/1/158 768/3/158 767/4/158
f 760/1/157 754/2/157 762/3/157
f 760/1/157 762/3/157 768/4/157
f 762/1/164 761/2/164 769/3/164
f 762/1/164 769/3/164 770/4/164
f 761/1/163 763/2/163 771/3/163
f 761/1/163 771/3/163 769/4/163
f 763/1/162 764/2/162 772/3/162
f 763/1/162 772/3/162 771/4/162
f 764/1/161 765/2/161 773/3/161
f 764/1/161 773/3/161 772/4/161
f 765/1/168 766/2/168 774/3/168
f 765/1/168 774/3/168 773/4/168
f 766/1/167 767/2/167 775/3/167
f 766/1/167 775/3/167 774/4/167
f 767/1/166 768/2/166 776/3/166
f 767/1/166 776/3/166 775/4/166
f 768/1/165 762/2/165 770/3/165
f 768/1/165 770/3/165 776/4/165
f 770/1/172 769/2/172 777/3/172
f 770/1/172 777/3/172 778/4/172
f 769/1/171 771/2/171 779/3/171
f 769/1/171 779/3/171 777/4/171
f 771/1/170 772/2/170 780/3/170
f 771/1/170 780/3/170 779/4/170
f 772/1/169 773/2/169 781/3/169
f 772/1/169 781/3/169 780/4/169
f 773/1/176 774/2/176 782/3/176
f 773/1/176 782/3/176 781/4/176
f 774/1/175 775/2/175 783/3/175
f 774/1/175 783/3/175 782/4/175
f 775/1/174 776/2/174 784/3/174
f 775/1/174 784/3/174 783/4/174
f 776/1/173 770/2/173 778/3/173
f 776/1/173 778/3/173 784/4/173
f 778/1/180 777/2/180 785/3/180
f 778/1/180 785/3/180 786/4/180
f 777/1/179 779/2/179 787/3/179
f 777/1/179 787/3/179 785/4/179
f 779/1/178 780/2/178 788/3/178
f 779/1/178 788/3/178 787/4/178
f 780/1/177 781/2/177 789/3/177
f 780/1/177 789/3/177 788/4/177
f 781/1/184 782/2/184 790/3/184
f 781/1/184 790/3/184 789/4/184
f 782/1/183 783/2/183 791/3/183
f 782/1/183 791/3/183 790/4/183
f 783/1/182 784/2/182 792/3/182
f 783/1/182 792/3/182 791/4/182
f 784/1/181 778/2/181 786/3/181
f 784/1/181 786/3/181 792/4/181
f 786/1/188 785/2/188 793/3/188
f 786/1/188 793/3/188 794/4/188
f 785/1/187 787/2/187 795/3/187
f 785/1/187 795/3/187 793/4/187
f 787/1/186 788/2/186 796/3/186
f 787/1/186 796/3/186 795/4/186
f 788/1/185 789/2/185 797/3/185
f 788/1/185 797/3/185 796/4/185
f 789/1/192 790/2/192 798/3/192
f 789/1/192 798/3/192 797/4/192
f 790/1/191 791/2/191 799/3/191
f 790/1/191 799/3/191 798/4/191
f 791/1/190 792/2/190 800/3/190
f 791/1/190 800/3/190 799/4/190
f 792/1/189 786/2/189 794/3/189
f 792/1/189 794/3/189 800/4/189
f 794/1/196 793/2/196 801/3/196
f 794/1/196 801/3/196 802/4/196
f 793/1/195 795/2/195 803/3/195
f 793/1/195 803/3/195 801/4/195
f 795/1/194 796/2/194 804/3/194
f 795/1/194 804/3/194 803/4/194
f 796/1/193 797/2/193 805/3/193
f 796/1/193 805/3/193 804/4/193
f 797/1/200 798/2/200 806/3/200
f 797/1/200 806/3/200 805/4/200
f 798/1/199 799/2/199 807/3/199
f 798/1/199 807/3/199 806/4/199
f 799/1/198 800/2/198 808/3/198
f 799/1/198 808/3/198 807/4/198
f 800/1/197 794/2/197 802/3/197
f 800/1/197 802/3/197 808/4/197
f 802/1/204 801/2/204 809/3/204
f 802/1/204 809/3/204 810/4/204
f 801/1/203 803/2/203 811/3/203
f 801/1/203 811/3/203 809/4/203
f 803/1/202 804/2/202 812/3/202
f 803/1/202 812/3/202 811/4/202
f 804/1/201 805/2/201 813/3/201
f 804/1/201 813/3/201 812/4/201
f 805/1/208 806/2/208 814/3/208
f 805/1/208 814/3/208 813/4/208
f 806/1/207 807/2/207 815/3/207
f 806/1/207 815/3/207 814/4/207
f 807/1/206 808/2/206 816/3/206
f 807/1/206 816/3/206 815/4/206
f 808/1/205 802/2/205 810/3/205
f 808/1/205 810/3/205 816/4/205
f 810/1/212 809/2/212 817/3/212
f 810/1/212 817/3/212 818/4/212
f 809/1/211 811/2/211 819/3/211
f 809/1/211 819/3/211 817/4/211
f 811/1/210 812/2/210 820/3/210
f 811/1/210 820/3/210 819/4/210
f 812/1/209 813/2/209 821/3/209
f 812/1/209 821/3/209 820/4/209
f 813/1/216 814/2/216 822/3/216
f 813/1/216 822/3/216 821/4/216
f 814/1/215 815/2/215 823/3/215
f 814/1/215 823/3/215 822/4/215
f 815/1/214 816/2/214 824/3/214
f 815/1/214 824/3/214 823/4/214
f 816/1/213 810/2/213 818/3/213
f 816/1/213 818/3/213 824/4/213
f 818/1/289 817/2/289 825/3/289
f 818/1/290 825/3/290 826/4/290
f 817/1/291 819/2/291 827/3/291
f 817/1/292 827/3/292 825/4/292
f 819/1/293 820/2/293 828/3/293
f 819/1/294 828/3/294 827/4/294
f 820/1/295 821/2/295 829/3/295
f 820/1/296 829/3/296 828/4/296
f 821/1/297 822/2/297 830/3/297
f 821/1/298 830/3/298 829/4/298
f 822/1/299 823/2/299 831/3/299
f 822/1/300 831/3/300 830/4/300
f 823/1/301 824/2/301 832/3/301
f 823/1/302 832/3/302 831/4/302
f 824/1/303 818/2/303 826/3/303
f 824/1/304 826/3/304 832/4/304
f 826/1/236 825/2/236 418/3/236
f 826/1/236 418/3/236 417/4/236
f 825/1/235 827/2/235 421/3/235
f 825/1/235 421/3/235 418/4/235
f 827/1/234 828/2/234 423/3/234
f 827/1/234 423/3/234 421/4/234
f 828/1/233 829/2/233 425/3/233
f 828/1/233 425/3/233 423/4/233
f 829/1/240 830/2/240 427/3/240
f 829/1/240 427/3/240 425/4/240
f 830/1/239 831/2/239 429/3/239
f 830/1/239 429/3/239 427/4/239
f 831/1/238 832/2/238 431/3/238
f 831/1/238 431/3/238 429/4/238
f 832/1/237 826/2/237 417/3/237
f 832/1/237 417/3/237 431/4/237
g corner_columns
f 833/1/305 834/5/305 835/6/305
f 833/1/305 835/6/305 836/7/305
f 834/5/306 837/8/306 838/9/306
f 834/5/306 838/9/306 835/6/306
f 837/8/307 839/10/307 840/11/307
f 837/8/307 840/11/307 838/9/307
f 839/10/308 841/12/308 842/13/308
f 839/10/308 842/13/308 840/11/308
f 841/12/309 843/14/309 844/15/309
f 841/12/309 844/15/309 842/13/309
f 843/14/310 845/16/310 846/17/310
f 843/14/310 846/17/310 844/15/310
f 845/16/311 847/18/311 848/19/311
f 845/16/311 848/19/311 846/17/311
f 847/18/312 833/2/312 836/20/312
f 847/18/312 836/20/312 848/19/312
f 849/21/313 834/22/313 833/23/313
f 849/21/313 837/21/313 834/22/313
f 849/21/313 839/24/313 837/21/313
f 849/21/313 841/25/313 839/24/313
f 849/21/313 843/24/313 841/25/313
f 849/21/313 845/21/313 843/24/313
f 849/21/313 847/22/313 845/21/313
f 849/21/313 833/23/313 847/22/313
f 850/26/314 836/27/314 835/28/314
f 850/26/314 835/28/314 838/26/314
f 850/26/314 838/26/314 840/29/314
f 850/26/314 840/29/314 842/30/314
f 850/26/314 842/30/314 844/29/314
f 850/26/314 844/29/314 846/26/314
f 850/26/314 846/26/314 848/28/314
f 850/26/314 848/28/314 836/27/314
f 851/1/305 852/5/305 853/6/305
f 851/1/305 853/6/305 854/7/305
f 852/5/306 855/8/306 856/9/306
f 852/5/306 856/9/306 853/6/306
f 855/8/307 857/10/307 858/11/307
f 855/8/307 858/11/307 856/9/307
f 857/10/308 859/12/308 860/13/308
f 857/10/308 860/13/308 858/11/308
f 859/12/309 861/14/309 862/15/309
f 859/12/309 862/15/309 860/13/309
f 861/14/310 863/16/310 864/17/310
f 861/14/310 864/17/310 862/15/310
f 863/16/311 865/18/311 866/19/311
f 863/16/311 866/19/311 864/17/311
f 865/18/312 851/2/312 854/20/312
f 865/18/312 854/20/312 866/19/312
f 867/21/313 852/22/313 851/23/313
f 867/21/313 855/21/313 852/22/313
f 867/21/313 857/24/313 855/21/313
f 867/21/313 859/25/313 857/24/313
f 867/21/313 861/24/313 859/25/313
f 867/21/313 863/21/313 861/24/313
f 867/21/313 865/22/313 863/21/313
f 867/21/313 851/23/313 865/22/313
f 868/26/314 854/27/314 853/28/314
f 868/26/314 853/28/314 856/26/314
f 868/26/314 856/26/314 858/29/314
f 868/26/314 858/29/314 860/30/314
f 868/26/314 860/30/314 862/29/314
f 868/26/314 862/29/314 864/26/314
f 868/26/314 864/26/314 866/28/314
f 868/26/314 866/28/314 854/27/314
f 869/1/305 870/5/305 871/6/305
f 869/1/305 871/6/305 872/7/305
f 870/5/306 873/8/306 874/9/306
f 870/5/306 874/9/306 871/6/306
f 873/8/307 875/10/307 876/11/307
f 873/8/307 876/11/307 874/9/307
f 875/10/308 877/12/308 878/13/308
f 875/10/308 878/13/308 876/11/308
f 877/12/309 879/14/309 880/15/309
f 877/12/309 880/15/309 878/13/309
f 879/14/310 881/16/310 882/17/310
f 879/14/310 882/17/310 880/15/310
f 881/16/311 883/18/311 884/19/311
f 881/16/311 884/19/311 882/17/311
f 883/18/312 869/2/312 872/20/312
f 883/18/312 872/20/312 884/19/312
f 885/31/313 870/32/313 869/33/313
f 885/31/313 873/31/313 870/32/313
f 885/31/313 875/34/313 873/31/313
f 885/31/313 877/35/313 875/34/313
f 885/31/313 879/34/313 877/35/313
f 885/31/313 881/31/313 879/34/313
f 885/31/313 883/32/313 881/31/313
f 885/31/313 869/33/313 883/32/313
f 886/36/314 872/37/314 871/38/314
f 886/36/314 871/38/314 874/36/314
f 886/36/314 874/36/314 876/39/314
f 886/36/314 876/39/314 878/40/314
f 886/36/314 878/40/314 880/39/314
f 886/36/314 880/39/314 882/36/314
f 886/36/314 882/36/314 884/38/314
f 886/36/314 884/38/314 872/37/314
f 887/1/305 888/5/305 889/6/305
f 887/1/305 889/6/305 890/7/305
f 888/5/306 891/8/306 892/9/306
f 888/5/306 892/9/306 889/6/306
f 891/8/307 893/10/307 894/11/307
f 891/8/307 894/11/307 892/9/307
f 893/10/308 895/12/308 896/13/308
f 893/10/308 896/13/308 894/11/308
f 895/12/309 897/14/309 898/15/309
f 895/12/309 898/15/309 896/13/309
f 897/14/310 899/16/310 900/17/310
f 897/14/310 900/17/310 898/15/310
f 899/16/311 901/18/311 902/19/311
f 899/16/311 902/19/311 900/17/311
f 901/18/312 887/2/312 890/20/312
f 901/18/312 890/20/312 902/19/312
f 903/31/313 888/32/313 887/33/313
f 903/31/313 891/31/313 888/32/313
f 903/31/313 893/34/313 891/31/313
f 903/31/313 895/35/313 893/34/313
f 903/31/313 897/34/313 895/35/313
f 903/31/313 899/31/313 897/34/313
f 903/31/313 901/32/313 899/31/313
f 903/31/313 887/33/313 901/32/313
f 904/36/314 890/37/314 889/38/314
f 904/36/314 889/38/314 892/36/314
f 904/36/314 892/36/314 894/39/314
f 904/36/314 894/39/314 896/40/314
f 904/36/314 896/40/314 898/39/314
f 904/36/314 898/39/314 900/36/314
f 904/36/314 900/36/314 902/38/314
f 904/36/314 902/38/314 890/37/314
g inset_precision_trim
f 905/1/315 906/2/315 907/3/315
f 905/1/316 907/3/316 908/4/316
f 906/1/317 909/2/317 910/3/317
f 906/1/318 910/3/318 907/4/318
f 909/1/319 911/2/319 912/3/319
f 909/1/6 912/3/6 910/4/6
f 911/1/320 913/2/320 914/3/320
f 911/1/321 914/3/321 912/4/321
f 913/1/322 915/2/322 916/3/322
f 913/1/323 916/3/323 914/4/323
f 915/1/324 917/2/324 918/3/324
f 915/1/325 918/3/325 916/4/325
f 917/1/326 919/2/326 920/3/326
f 917/1/14 920/3/14 918/4/14
f 919/1/327 905/2/327 908/3/327
f 919/1/328 908/3/328 920/4/328
f 908/1/17 907/2/17 921/3/17
f 908/1/17 921/3/17 922/4/17
f 907/1/18 910/2/18 923/3/18
f 907/1/18 923/3/18 921/4/18
f 910/1/19 912/2/19 924/3/19
f 910/1/19 924/3/19 923/4/19
f 912/1/20 914/2/20 925/3/20
f 912/1/20 925/3/20 924/4/20
f 914/1/21 916/2/21 926/3/21
f 914/1/21 926/3/21 925/4/21
f 916/1/22 918/2/22 927/3/22
f 916/1/22 927/3/22 926/4/22
f 918/1/23 920/2/23 928/3/23
f 918/1/23 928/3/23 927/4/23
f 920/1/24 908/2/24 922/3/24
f 920/1/24 922/3/24 928/4/24
f 922/1/25 921/2/25 929/3/25
f 922/1/25 929/3/25 930/4/25
f 921/1/26 923/2/26 931/3/26
f 921/1/26 931/3/26 929/4/26
f 923/1/27 924/2/27 932/3/27
f 923/1/27 932/3/27 931/4/27
f 924/1/28 925/2/28 933/3/28
f 924/1/28 933/3/28 932/4/28
f 925/1/29 926/2/29 934/3/29
f 925/1/29 934/3/29 933/4/29
f 926/1/30 927/2/30 935/3/30
f 926/1/30 935/3/30 934/4/30
f 927/1/31 928/2/31 936/3/31
f 927/1/31 936/3/31 935/4/31
f 928/1/32 922/2/32 930/3/32
f 928/1/32 930/3/32 936/4/32
f 930/1/33 929/2/33 937/3/33
f 930/1/33 937/3/33 938/4/33
f 929/1/34 931/2/34 939/3/34
f 929/1/34 939/3/34 937/4/34
f 931/1/35 932/2/35 940/3/35
f 931/1/35 940/3/35 939/4/35
f 932/1/36 933/2/36 941/3/36
f 932/1/36 941/3/36 940/4/36
f 933/1/37 934/2/37 942/3/37
f 933/1/37 942/3/37 941/4/37
f 934/1/38 935/2/38 943/3/38
f 934/1/38 943/3/38 942/4/38
f 935/1/39 936/2/39 944/3/39
f 935/1/39 944/3/39 943/4/39
f 936/1/40 930/2/40 938/3/40
f 936/1/40 938/3/40 944/4/40
f 938/1/41 937/2/41 945/3/41
f 938/1/41 945/3/41 946/4/41
f 937/1/42 939/2/42 947/3/42
f 937/1/42 947/3/42 945/4/42
f 939/1/43 940/2/43 948/3/43
f 939/1/43 948/3/43 947/4/43
f 940/1/44 941/2/44 949/3/44
f 940/1/44 949/3/44 948/4/44
f 941/1/45 942/2/45 950/3/45
f 941/1/45 950/3/45 949/4/45
f 942/1/46 943/2/46 951/3/46
f 942/1/46 951/3/46 950/4/46
f 943/1/47 944/2/47 952/3/47
f 943/1/47 952/3/47 951/4/47
f 944/1/48 938/2/48 946/3/48
f 944/1/48 946/3/48 952/4/48
f 946/1/49 945/2/49 953/3/49
f 946/1/49 953/3/49 954/4/49
f 945/1/50 947/2/50 955/3/50
f 945/1/50 955/3/50 953/4/50
f 947/1/51 948/2/51 956/3/51
f 947/1/51 956/3/51 955/4/51
f 948/1/52 949/2/52 957/3/52
f 948/1/52 957/3/52 956/4/52
f 949/1/53 950/2/53 958/3/53
f 949/1/53 958/3/53 957/4/53
f 950/1/54 951/2/54 959/3/54
f 950/1/54 959/3/54 958/4/54
f 951/1/55 952/2/55 960/3/55
f 951/1/55 960/3/55 959/4/55
f 952/1/56 946/2/56 954/3/56
f 952/1/56 954/3/56 960/4/56
f 954/1/57 953/2/57 961/3/57
f 954/1/57 961/3/57 962/4/57
f 953/1/58 955/2/58 963/3/58
f 953/1/58 963/3/58 961/4/58
f 955/1/59 956/2/59 964/3/59
f 955/1/59 964/3/59 963/4/59
f 956/1/60 957/2/60 965/3/60
f 956/1/60 965/3/60 964/4/60
f 957/1/61 958/2/61 966/3/61
f 957/1/61 966/3/61 965/4/61
f 958/1/62 959/2/62 967/3/62
f 958/1/62 967/3/62 966/4/62
f 959/1/63 960/2/63 968/3/63
f 959/1/63 968/3/63 967/4/63
f 960/1/64 954/2/64 962/3/64
f 960/1/64 962/3/64 968/4/64
f 962/1/65 961/2/65 969/3/65
f 962/1/65 969/3/65 970/4/65
f 961/1/66 963/2/66 971/3/66
f 961/1/66 971/3/66 969/4/66
f 963/1/67 964/2/67 972/3/67
f 963/1/67 972/3/67 971/4/67
f 964/1/68 965/2/68 973/3/68
f 964/1/68 973/3/68 972/4/68
f 965/1/69 966/2/69 974/3/69
f 965/1/69 974/3/69 973/4/69
f 966/1/70 967/2/70 975/3/70
f 966/1/70 975/3/70 974/4/70
f 967/1/71 968/2/71 976/3/71
f 967/1/71 976/3/71 975/4/71
f 968/1/72 962/2/72 970/3/72
f 968/1/72 970/3/72 976/4/72
f 970/1/73 969/2/73 977/3/73
f 970/1/73 977/3/73 978/4/73
f 969/1/74 971/2/74 979/3/74
f 969/1/74 979/3/74 977/4/74
f 971/1/75 972/2/75 980/3/75
f 971/1/75 980/3/75 979/4/75
f 972/1/76 973/2/76 981/3/76
f 972/1/76 981/3/76 980/4/76
f 973/1/77 974/2/77 982/3/77
f 973/1/77 982/3/77 981/4/77
f 974/1/78 975/2/78 983/3/78
f 974/1/78 983/3/78 982/4/78
f 975/1/79 976/2/79 984/3/79
f 975/1/79 984/3/79 983/4/79
f 976/1/80 970/2/80 978/3/80
f 976/1/80 978/3/80 984/4/80
f 978/1/81 977/2/81 985/3/81
f 978/1/81 985/3/81 986/4/81
f 977/1/82 979/2/82 987/3/82
f 977/1/82 987/3/82 985/4/82
f 979/1/83 980/2/83 988/3/83
f 979/1/83 988/3/83 987/4/83
f 980/1/84 981/2/84 989/3/84
f 980/1/84 989/3/84 988/4/84
f 981/1/85 982/2/85 990/3/85
f 981/1/85 990/3/85 989/4/85
f 982/1/86 983/2/86 991/3/86
f 982/1/86 991/3/86 990/4/86
f 983/1/87 984/2/87 992/3/87
f 983/1/87 992/3/87 991/4/87
f 984/1/88 978/2/88 986/3/88
f 984/1/88 986/3/88 992/4/88
f 986/1/89 985/2/89 993/3/89
f 986/1/89 993/3/89 994/4/89
f 985/1/90 987/2/90 995/3/90
f 985/1/90 995/3/90 993/4/90
f 987/1/91 988/2/91 996/3/91
f 987/1/91 996/3/91 995/4/91
f 988/1/92 989/2/92 997/3/92
f 988/1/92 997/3/92 996/4/92
f 989/1/93 990/2/93 998/3/93
f 989/1/93 998/3/93 997/4/93
f 990/1/94 991/2/94 999/3/94
f 990/1/94 999/3/94 998/4/94
f 991/1/95 992/2/95 1000/3/95
f 991/1/95 1000/3/95 999/4/95
f 992/1/96 986/2/96 994/3/96
f 992/1/96 994/3/96 1000/4/96
f 994/1/329 993/2/329 1001/3/329
f 994/1/330 1001/3/330 1002/4/330
f 993/1/99 995/2/99 1003/3/99
f 993/1/331 1003/3/331 1001/4/331
f 995/1/332 996/2/332 1004/3/332
f 995/1/333 1004/3/333 1003/4/333
f 996/1/334 997/2/334 1005/3/334
f 996/1/335 1005/3/335 1004/4/335
f 997/1/336 998/2/336 1006/3/336
f 997/1/337 1006/3/337 1005/4/337
f 998/1/107 999/2/107 1007/3/107
f 998/1/338 1007/3/338 1006/4/338
f 999/1/339 1000/2/339 1008/3/339
f 999/1/340 1008/3/340 1007/4/340
f 1000/1/341 994/2/341 1002/3/341
f 1000/1/342 1002/3/342 1008/4/342
f 1002/1/343 1001/2/343 1009/3/343
f 1002/1/343 1009/3/343 1010/4/343
f 1001/1/344 1003/2/344 1011/3/344
f 1001/1/344 1011/3/344 1009/4/344
f 1003/1/345 1004/2/345 1012/3/345
f 1003/1/345 1012/3/345 1011/4/345
f 1004/1/346 1005/2/346 1013/3/346
f 1004/1/346 1013/3/346 1012/4/346
f 1005/1/347 1006/2/347 1014/3/347
f 1005/1/347 1014/3/347 1013/4/347
f 1006/1/348 1007/2/348 1015/3/348
f 1006/1/348 1015/3/348 1014/4/348
f 1007/1/349 1008/2/349 1016/3/349
f 1007/1/349 1016/3/349 1015/4/349
f 1008/1/350 1002/2/350 1010/3/350
f 1008/1/350 1010/3/350 1016/4/350
f 1010/1/351 1009/2/351 1017/3/351
f 1010/1/352 1017/3/352 1018/4/352
f 1009/1/353 1011/2/353 1019/3/353
f 1009/1/354 1019/3/354 1017/4/354
f 1011/1/355 1012/2/355 1020/3/355
f 1011/1/126 1020/3/126 1019/4/126
f 1012/1/356 1013/2/356 1021/3/356
f 1012/1/357 1021/3/357 1020/4/357
f 1013/1/358 1014/2/358 1022/3/358
f 1013/1/359 1022/3/359 1021/4/359
f 1014/1/360 1015/2/360 1023/3/360
f 1014/1/361 1023/3/361 1022/4/361
f 1015/1/362 1016/2/362 1024/3/362
f 1015/1/134 1024/3/134 1023/4/134
f 1016/1/363 1010/2/363 1018/3/363
f 1016/1/364 1018/3/364 1024/4/364
f 1018/1/137 1017/2/137 1025/3/137
f 1018/1/137 1025/3/137 1026/4/137
f 1017/1/138 1019/2/138 1027/3/138
f 1017/1/138 1027/3/138 1025/4/138
f 1019/1/139 1020/2/139 1028/3/139
f 1019/1/139 1028/3/139 1027/4/139
f 1020/1/140 1021/2/140 1029/3/140
f 1020/1/140 1029/3/140 1028/4/140
f 1021/1/141 1022/2/141 1030/3/141
f 1021/1/141 1030/3/141 1029/4/141
f 1022/1/142 1023/2/142 1031/3/142
f 1022/1/142 1031/3/142 1030/4/142
f 1023/1/143 1024/2/143 1032/3/143
f 1023/1/143 1032/3/143 1031/4/143
f 1024/1/144 1018/2/144 1026/3/144
f 1024/1/144 1026/3/144 1032/4/144
f 1026/1/145 1025/2/145 1033/3/145
f 1026/1/145 1033/3/145 1034/4/145
f 1025/1/146 1027/2/146 1035/3/146
f 1025/1/146 1035/3/146 1033/4/146
f 1027/1/147 1028/2/147 1036/3/147
f 1027/1/147 1036/3/147 1035/4/147
f 1028/1/148 1029/2/148 1037/3/148
f 1028/1/148 1037/3/148 1036/4/148
f 1029/1/149 1030/2/149 1038/3/149
f 1029/1/149 1038/3/149 1037/4/149
f 1030/1/150 1031/2/150 1039/3/150
f 1030/1/150 1039/3/150 1038/4/150
f 1031/1/151 1032/2/151 1040/3/151
f 1031/1/151 1040/3/151 1039/4/151
f 1032/1/152 1026/2/152 1034/3/152
f 1032/1/152 1034/3/152 1040/4/152
f 1034/1/153 1033/2/153 1041/3/153
f 1034/1/153 1041/3/153 1042/4/153
f 1033/1/154 1035/2/154 1043/3/154
f 1033/1/154 1043/3/154 1041/4/154
f 1035/1/155 1036/2/155 1044/3/155
f 1035/1/155 1044/3/155 1043/4/155
f 1036/1/156 1037/2/156 1045/3/156
f 1036/1/156 1045/3/156 1044/4/156
f 1037/1/157 1038/2/157 1046/3/157
f 1037/1/157 1046/3/157 1045/4/157
f 1038/1/158 1039/2/158 1047/3/158
f 1038/1/158 1047/3/158 1046/4/158
f 1039/1/159 1040/2/159 1048/3/159
f 1039/1/159 1048/3/159 1047/4/159
f 1040/1/160 1034/2/160 1042/3/160
f 1040/1/160 1042/3/160 1048/4/160
f 1042/1/161 1041/2/161 1049/3/161
f 1042/1/161 1049/3/161 1050/4/161
f 1041/1/162 1043/2/162 1051/3/162
f 1041/1/162 1051/3/162 1049/4/162
f 1043/1/163 1044/2/163 1052/3/163
f 1043/1/163 1052/3/163 1051/4/163
f 1044/1/164 1045/2/164 1053/3/164
f 1044/1/164 1053/3/164 1052/4/164
f 1045/1/165 1046/2/165 1054/3/165
f 1045/1/165 1054/3/165 1053/4/165
f 1046/1/166 1047/2/166 1055/3/166
f 1046/1/166 1055/3/166 1054/4/166
f 1047/1/167 1048/2/167 1056/3/167
f 1047/1/167 1056/3/167 1055/4/167
f 1048/1/168 1042/2/168 1050/3/168
f 1048/1/168 1050/3/168 1056/4/168
f 1050/1/169 1049/2/169 1057/3/169
f 1050/1/169 1057/3/169 1058/4/169
f 1049/1/170 1051/2/170 1059/3/170
f 1049/1/170 1059/3/170 1057/4/170
f 1051/1/171 1052/2/171 1060/3/171
f 1051/1/171 1060/3/171 1059/4/171
f 1052/1/172 1053/2/172 1061/3/172
f 1052/1/172 1061/3/172 1060/4/172
f 1053/1/173 1054/2/173 1062/3/173
f 1053/1/173 1062/3/173 1061/4/173
f 1054/1/174 1055/2/174 1063/3/174
f 1054/1/174 1063/3/174 1062/4/174
f 1055/1/175 1056/2/175 1064/3/175
f 1055/1/175 1064/3/175 1063/4/175
f 1056/1/176 1050/2/176 1058/3/176
f 1056/1/176 1058/3/176 1064/4/176
f 1058/1/177 1057/2/177 1065/3/177
f 1058/1/177 1065/3/177 1066/4/177
f 1057/1/178 1059/2/178 1067/3/178
f 1057/1/178 1067/3/178 1065/4/178
f 1059/1/179 1060/2/179 1068/3/179
f 1059/1/179 1068/3/179 1067/4/179
f 1060/1/180 1061/2/180 1069/3/180
f 1060/1/180 1069/3/180 1068/4/180
f 1061/1/181 1062/2/181 1070/3/181
f 1061/1/181 1070/3/181 1069/4/181
f 1062/1/182 1063/2/182 1071/3/182
f 1062/1/182 1071/3/182 1070/4/182
f 1063/1/183 1064/2/183 1072/3/183
f 1063/1/183 1072/3/183 1071/4/183
f 1064/1/184 1058/2/184 1066/3/184
f 1064/1/184 1066/3/184 1072/4/184
f 1066/1/185 1065/2/185 1073/3/185
f 1066/1/185 1073/3/185 1074/4/185
f 1065/1/186 1067/2/186 1075/3/186
f 1065/1/186 1075/3/186 1073/4/186
f 1067/1/187 1068/2/187 1076/3/187
f 1067/1/187 1076/3/187 1075/4/187
f 1068/1/188 1069/2/188 1077/3/188
f 1068/1/188 1077/3/188 1076/4/188
f 1069/1/189 1070/2/189 1078/3/189
f 1069/1/189 1078/3/189 1077/4/189
f 1070/1/190 1071/2/190 1079/3/190
f 1070/1/190 1079/3/190 1078/4/190
f 1071/1/191 1072/2/191 1080/3/191
f 1071/1/191 1080/3/191 1079/4/191
f 1072/1/192 1066/2/192 1074/3/192
f 1072/1/192 1074/3/192 1080/4/192
f 1074/1/193 1073/2/193 1081/3/193
f 1074/1/193 1081/3/193 1082/4/193
f 1073/1/194 1075/2/194 1083/3/194
f 1073/1/194 1083/3/194 1081/4/194
f 1075/1/195 1076/2/195 1084/3/195
f 1075/1/195 1084/3/195 1083/4/195
f 1076/1/196 1077/2/196 1085/3/196
f 1076/1/196 1085/3/196 1084/4/196
f 1077/1/197 1078/2/197 1086/3/197
f 1077/1/197 1086/3/197 1085/4/197
f 1078/1/198 1079/2/198 1087/3/198
f 1078/1/198 1087/3/198 1086/4/198
f 1079/1/199 1080/2/199 1088/3/199
f 1079/1/199 1088/3/199 1087/4/199
f 1080/1/200 1074/2/200 1082/3/200
f 1080/1/200 1082/3/200 1088/4/200
f 1082/1/201 1081/2/201 1089/3/201
f 1082/1/201 1089/3/201 1090/4/201
f 1081/1/202 1083/2/202 1091/3/202
f 1081/1/202 1091/3/202 1089/4/202
f 1083/1/203 1084/2/203 1092/3/203
f 1083/1/203 1092/3/203 1091/4/203
f 1084/1/204 1085/2/204 1093/3/204
f 1084/1/204 1093/3/204 1092/4/204
f 1085/1/205 1086/2/205 1094/3/205
f 1085/1/205 1094/3/205 1093/4/205
f 1086/1/206 1087/2/206 1095/3/206
f 1086/1/206 1095/3/206 1094/4/206
f 1087/1/207 1088/2/207 1096/3/207
f 1087/1/207 1096/3/207 1095/4/207
f 1088/1/208 1082/2/208 1090/3/208
f 1088/1/208 1090/3/208 1096/4/208
f 1090/1/209 1089/2/209 1097/3/209
f 1090/1/209 1097/3/209 1098/4/209
f 1089/1/210 1091/2/210 1099/3/210
f 1089/1/210 1099/3/210 1097/4/210
f 1091/1/211 1092/2/211 1100/3/211
f 1091/1/211 1100/3/211 1099/4/211
f 1092/1/212 1093/2/212 1101/3/212
f 1092/1/212 1101/3/212 1100/4/212
f 1093/1/213 1094/2/213 1102/3/213
f 1093/1/213 1102/3/213 1101/4/213
f 1094/1/214 1095/2/214 1103/3/214
f 1094/1/214 1103/3/214 1102/4/214
f 1095/1/215 1096/2/215 1104/3/215
f 1095/1/215 1104/3/215 1103/4/215
f 1096/1/216 1090/2/216 1098/3/216
f 1096/1/216 1098/3/216 1104/4/216
f 1098/1/365 1097/2/365 1105/3/365
f 1098/1/366 1105/3/366 1106/4/366
f 1097/1/219 1099/2/219 1107/3/219
f 1097/1/367 1107/3/367 1105/4/367
f 1099/1/368 1100/2/368 1108/3/368
f 1099/1/369 1108/3/369 1107/4/369
f 1100/1/370 1101/2/370 1109/3/370
f 1100/1/371 1109/3/371 1108/4/371
f 1101/1/372 1102/2/372 1110/3/372
f 1101/1/373 1110/3/373 1109/4/373
f 1102/1/227 1103/2/227 1111/3/227
f 1102/1/374 1111/3/374 1110/4/374
f 1103/1/375 1104/2/375 1112/3/375
f 1103/1/376 1112/3/376 1111/4/376
f 1104/1/377 1098/2/377 1106/3/377
f 1104/1/378 1106/3/378 1112/4/378
f 1106/1/379 1105/2/379 1113/3/379
f 1106/1/379 1113/3/379 1114/4/379
f 1105/1/380 1107/2/380 1115/3/380
f 1105/1/380 1115/3/380 1113/4/380
f 1107/1/381 1108/2/381 1116/3/381
f 1107/1/381 1116/3/381 1115/4/381
f 1108/1/382 1109/2/382 1117/3/382
f 1108/1/382 1117/3/382 1116/4/382
f 1109/1/383 1110/2/383 1118/3/383
f 1109/1/383 1118/3/383 1117/4/383
f 1110/1/384 1111/2/384 1119/3/384
f 1110/1/384 1119/3/384 1118/4/384
f 1111/1/385 1112/2/385 1120/3/385
f 1111/1/385 1120/3/385 1119/4/385
f 1112/1/386 1106/2/386 1114/3/386
f 1112/1/386 1114/3/386 1120/4/386
f 1114/1/387 1113/2/387 1121/3/387
f 1114/1/388 1121/3/388 1122/4/388
f 1113/1/389 1115/2/389 1123/3/389
f 1113/1/390 1123/3/390 1121/4/390
f 1115/1/391 1116/2/391 1124/3/391
f 1115/1/246 1124/3/246 1123/4/246
f 1116/1/392 1117/2/392 1125/3/392
f 1116/1/393 1125/3/393 1124/4/393
f 1117/1/394 1118/2/394 1126/3/394
f 1117/1/395 1126/3/395 1125/4/395
f 1118/1/396 1119/2/396 1127/3/396
f 1118/1/397 1127/3/397 1126/4/397
f 1119/1/398 1120/2/398 1128/3/398
f 1119/1/254 1128/3/254 1127/4/254
f 1120/1/399 1114/2/399 1122/3/399
f 1120/1/400 1122/3/400 1128/4/400
f 1122/1/20 1121/2/20 1129/3/20
f 1122/1/20 1129/3/20 1130/4/20
f 1121/1/19 1123/2/19 1131/3/19
f 1121/1/19 1131/3/19 1129/4/19
f 1123/1/18 1124/2/18 1132/3/18
f 1123/1/18 1132/3/18 1131/4/18
f 1124/1/17 1125/2/17 1133/3/17
f 1124/1/17 1133/3/17 1132/4/17
f 1125/1/24 1126/2/24 1134/3/24
f 1125/1/24 1134/3/24 1133/4/24
f 1126/1/23 1127/2/23 1135/3/23
f 1126/1/23 1135/3/23 1134/4/23
f 1127/1/22 1128/2/22 1136/3/22
f 1127/1/22 1136/3/22 1135/4/22
f 1128/1/21 1122/2/21 1130/3/21
f 1128/1/21 1130/3/21 1136/4/21
f 1130/1/28 1129/2/28 1137/3/28
f 1130/1/28 1137/3/28 1138/4/28
f 1129/1/27 1131/2/27 1139/3/27
f 1129/1/27 1139/3/27 1137/4/27
f 1131/1/26 1132/2/26 1140/3/26
f 1131/1/26 1140/3/26 1139/4/26
f 1132/1/25 1133/2/25 1141/3/25
f 1132/1/25 1141/3/25 1140/4/25
f 1133/1/32 1134/2/32 1142/3/32
f 1133/1/32 1142/3/32 1141/4/32
f 1134/1/31 1135/2/31 1143/3/31
f 1134/1/31 1143/3/31 1142/4/31
f 1135/1/30 1136/2/30 1144/3/30
f 1135/1/30 1144/3/30 1143/4/30
f 1136/1/29 1130/2/29 1138/3/29
f 1136/1/29 1138/3/29 1144/4/29
f 1138/1/36 1137/2/36 1145/3/36
f 1138/1/36 1145/3/36 1146/4/36
f 1137/1/35 1139/2/35 1147/3/35
f 1137/1/35 1147/3/35 1145/4/35
f 1139/1/34 1140/2/34 1148/3/34
f 1139/1/34 1148/3/34 1147/4/34
f 1140/1/33 1141/2/33 1149/3/33
f 1140/1/33 1149/3/33 1148/4/33
f 1141/1/40 1142/2/40 1150/3/40
f 1141/1/40 1150/3/40 1149/4/40
f 1142/1/39 1143/2/39 1151/3/39
f 1142/1/39 1151/3/39 1150/4/39
f 1143/1/38 1144/2/38 1152/3/38
f 1143/1/38 1152/3/38 1151/4/38
f 1144/1/37 1138/2/37 1146/3/37
f 1144/1/37 1146/3/37 1152/4/37
f 1146/1/44 1145/2/44 1153/3/44
f 1146/1/44 1153/3/44 1154/4/44
f 1145/1/43 1147/2/43 1155/3/43
f 1145/1/43 1155/3/43 1153/4/43
f 1147/1/42 1148/2/42 1156/3/42
f 1147/1/42 1156/3/42 1155/4/42
f 1148/1/41 1149/2/41 1157/3/41
f 1148/1/41 1157/3/41 1156/4/41
f 1149/1/48 1150/2/48 1158/3/48
f 1149/1/48 1158/3/48 1157/4/48
f 1150/1/47 1151/2/47 1159/3/47
f 1150/1/47 1159/3/47 1158/4/47
f 1151/1/46 1152/2/46 1160/3/46
f 1151/1/46 1160/3/46 1159/4/46
f 1152/1/45 1146/2/45 1154/3/45
f 1152/1/45 1154/3/45 1160/4/45
f 1154/1/52 1153/2/52 1161/3/52
f 1154/1/52 1161/3/52 1162/4/52
f 1153/1/51 1155/2/51 1163/3/51
f 1153/1/51 1163/3/51 1161/4/51
f 1155/1/50 1156/2/50 1164/3/50
f 1155/1/50 1164/3/50 1163/4/50
f 1156/1/49 1157/2/49 1165/3/49
f 1156/1/49 1165/3/49 1164/4/49
f 1157/1/56 1158/2/56 1166/3/56
f 1157/1/56 1166/3/56 1165/4/56
f 1158/1/55 1159/2/55 1167/3/55
f 1158/1/55 1167/3/55 1166/4/55
f 1159/1/54 1160/2/54 1168/3/54
f 1159/1/54 1168/3/54 1167/4/54
f 1160/1/53 1154/2/53 1162/3/53
f 1160/1/53 1162/3/53 1168/4/53
f 1162/1/60 1161/2/60 1169/3/60
f 1162/1/60 1169/3/60 1170/4/60
f 1161/1/59 1163/2/59 1171/3/59
f 1161/1/59 1171/3/59 1169/4/59
f 1163/1/58 1164/2/58 1172/3/58
f 1163/1/58 1172/3/58 1171/4/58
f 1164/1/57 1165/2/57 1173/3/57
f 1164/1/57 1173/3/57 1172/4/57
f 1165/1/64 1166/2/64 1174/3/64
f 1165/1/64 1174/3/64 1173/4/64
f 1166/1/63 1167/2/63 1175/3/63
f 1166/1/63 1175/3/63 1174/4/63
f 1167/1/62 1168/2/62 1176/3/62
f 1167/1/62 1176/3/62 1175/4/62
f 1168/1/61 1162/2/61 1170/3/61
f 1168/1/61 1170/3/61 1176/4/61
f 1170/1/68 1169/2/68 1177/3/68
f 1170/1/68 1177/3/68 1178/4/68
f 1169/1/67 1171/2/67 1179/3/67
f 1169/1/67 1179/3/67 1177/4/67
f 1171/1/66 1172/2/66 1180/3/66
f 1171/1/66 1180/3/66 1179/4/66
f 1172/1/65 1173/2/65 1181/3/65
f 1172/1/65 1181/3/65 1180/4/65
f 1173/1/72 1174/2/72 1182/3/72
f 1173/1/72 1182/3/72 1181/4/72
f 1174/1/71 1175/2/71 1183/3/71
f 1174/1/71 1183/3/71 1182/4/71
f 1175/1/70 1176/2/70 1184/3/70
f 1175/1/70 1184/3/70 1183/4/70
f 1176/1/69 1170/2/69 1178/3/69
f 1176/1/69 1178/3/69 1184/4/69
f 1178/1/76 1177/2/76 1185/3/76
f 1178/1/76 1185/3/76 1186/4/76
f 1177/1/75 1179/2/75 1187/3/75
f 1177/1/75 1187/3/75 1185/4/75
f 1179/1/74 1180/2/74 1188/3/74
f 1179/1/74 1188/3/74 1187/4/74
f 1180/1/73 1181/2/73 1189/3/73
f 1180/1/73 1189/3/73 1188/4/73
f 1181/1/80 1182/2/80 1190/3/80
f 1181/1/80 1190/3/80 1189/4/80
f 1182/1/79 1183/2/79 1191/3/79
f 1182/1/79 1191/3/79 1190/4/79
f 1183/1/78 1184/2/78 1192/3/78
f 1183/1/78 1192/3/78 1191/4/78
f 1184/1/77 1178/2/77 1186/3/77
f 1184/1/77 1186/3/77 1192/4/77
f 1186/1/84 1185/2/84 1193/3/84
f 1186/1/84 1193/3/84 1194/4/84
f 1185/1/83 1187/2/83 1195/3/83
f 1185/1/83 1195/3/83 1193/4/83
f 1187/1/82 1188/2/82 1196/3/82
f 1187/1/82 1196/3/82 1195/4/82
f 1188/1/81 1189/2/81 1197/3/81
f 1188/1/81 1197/3/81 1196/4/81
f 1189/1/88 1190/2/88 1198/3/88
f 1189/1/88 1198/3/88 1197/4/88
f 1190/1/87 1191/2/87 1199/3/87
f 1190/1/87 1199/3/87 1198/4/87
f 1191/1/86 1192/2/86 1200/3/86
f 1191/1/86 1200/3/86 1199/4/86
f 1192/1/85 1186/2/85 1194/3/85
f 1192/1/85 1194/3/85 1200/4/85
f 1194/1/92 1193/2/92 1201/3/92
f 1194/1/92 1201/3/92 1202/4/92
f 1193/1/91 1195/2/91 1203/3/91
f 1193/1/91 1203/3/91 1201/4/91
f 1195/1/90 1196/2/90 1204/3/90
f 1195/1/90 1204/3/90 1203/4/90
f 1196/1/89 1197/2/89 1205/3/89
f 1196/1/89 1205/3/89 1204/4/89
f 1197/1/96 1198/2/96 1206/3/96
f 1197/1/96 1206/3/96 1205/4/96
f 1198/1/95 1199/2/95 1207/3/95
f 1198/1/95 1207/3/95 1206/4/95
f 1199/1/94 1200/2/94 1208/3/94
f 1199/1/94 1208/3/94 1207/4/94
f 1200/1/93 1194/2/93 1202/3/93
f 1200/1/93 1202/3/93 1208/4/93
f 1202/1/401 1201/2/401 1209/3/401
f 1202/1/402 1209/3/402 1210/4/402
f 1201/1/259 1203/2/259 1211/3/259
f 1201/1/403 1211/3/403 1209/4/403
f 1203/1/404 1204/2/404 1212/3/404
f 1203/1/405 1212/3/405 1211/4/405
f 1204/1/406 1205/2/406 1213/3/406
f 1204/1/407 1213/3/407 1212/4/407
f 1205/1/408 1206/2/408 1214/3/408
f 1205/1/409 1214/3/409 1213/4/409
f 1206/1/267 1207/2/267 1215/3/267
f 1206/1/410 1215/3/410 1214/4/410
f 1207/1/411 1208/2/411 1216/3/411
f 1207/1/412 1216/3/412 1215/4/412
f 1208/1/413 1202/2/413 1210/3/413
f 1208/1/414 1210/3/414 1216/4/414
f 1210/1/346 1209/2/346 1217/3/346
f 1210/1/346 1217/3/346 1218/4/346
f 1209/1/345 1211/2/345 1219/3/345
f 1209/1/345 1219/3/345 1217/4/345
f 1211/1/344 1212/2/344 1220/3/344
f 1211/1/344 1220/3/344 1219/4/344
f 1212/1/343 1213/2/343 1221/3/343
f 1212/1/343 1221/3/343 1220/4/343
f 1213/1/350 1214/2/350 1222/3/350
f 1213/1/350 1222/3/350 1221/4/350
f 1214/1/349 1215/2/349 1223/3/349
f 1214/1/349 1223/3/349 1222/4/349
f 1215/1/348 1216/2/348 1224/3/348
f 1215/1/348 1224/3/348 1223/4/348
f 1216/1/347 1210/2/347 1218/3/347
f 1216/1/347 1218/3/347 1224/4/347
f 1218/1/415 1217/2/415 1225/3/415
f 1218/1/416 1225/3/416 1226/4/416
f 1217/1/417 1219/2/417 1227/3/417
f 1217/1/418 1227/3/418 1225/4/418
f 1219/1/419 1220/2/419 1228/3/419
f 1219/1/278 1228/3/278 1227/4/278
f 1220/1/420 1221/2/420 1229/3/420
f 1220/1/421 1229/3/421 1228/4/421
f 1221/1/422 1222/2/422 1230/3/422
f 1221/1/423 1230/3/423 1229/4/423
f 1222/1/424 1223/2/424 1231/3/424
f 1222/1/425 1231/3/425 1230/4/425
f 1223/1/426 1224/2/426 1232/3/426
f 1223/1/286 1232/3/286 1231/4/286
f 1224/1/427 1218/2/427 1226/3/427
f 1224/1/428 1226/3/428 1232/4/428
f 1226/1/140 1225/2/140 1233/3/140
f 1226/1/140 1233/3/140 1234/4/140
f 1225/1/139 1227/2/139 1235/3/139
f 1225/1/139 1235/3/139 1233/4/139
f 1227/1/138 1228/2/138 1236/3/138
f 1227/1/138 1236/3/138 1235/4/138
f 1228/1/137 1229/2/137 1237/3/137
f 1228/1/137 1237/3/137 1236/4/137
f 1229/1/144 1230/2/144 1238/3/144
f 1229/1/144 1238/3/144 1237/4/144
f 1230/1/143 1231/2/143 1239/3/143
f 1230/1/143 1239/3/143 1238/4/143
f 1231/1/142 1232/2/142 1240/3/142
f 1231/1/142 1240/3/142 1239/4/142
f 1232/1/141 1226/2/141 1234/3/141
f 1232/1/141 1234/3/141 1240/4/141
f 1234/1/148 1233/2/148 1241/3/148
f 1234/1/148 1241/3/148 1242/4/148
f 1233/1/147 1235/2/147 1243/3/147
f 1233/1/147 1243/3/147 1241/4/147
f 1235/1/146 1236/2/146 1244/3/146
f 1235/1/146 1244/3/146 1243/4/146
f 1236/1/145 1237/2/145 1245/3/145
f 1236/1/145 1245/3/145 1244/4/145
f 1237/1/152 1238/2/152 1246/3/152
f 1237/1/152 1246/3/152 1245/4/152
f 1238/1/151 1239/2/151 1247/3/151
f 1238/1/151 1247/3/151 1246/4/151
f 1239/1/150 1240/2/150 1248/3/150
f 1239/1/150 1248/3/150 1247/4/150
f 1240/1/149 1234/2/149 1242/3/149
f 1240/1/149 1242/3/149 1248/4/149
f 1242/1/156 1241/2/156 1249/3/156
f 1242/1/156 1249/3/156 1250/4/156
f 1241/1/155 1243/2/155 1251/3/155
f 1241/1/155 1251/3/155 1249/4/155
f 1243/1/154 1244/2/154 1252/3/154
f 1243/1/154 1252/3/154 1251/4/154
f 1244/1/153 1245/2/153 1253/3/153
f 1244/1/153 1253/3/153 1252/4/153
f 1245/1/160 1246/2/160 1254/3/160
f 1245/1/160 1254/3/160 1253/4/160
f 1246/1/159 1247/2/159 1255/3/159
f 1246/1/159 1255/3/159 1254/4/159
f 1247/1/158 1248/2/158 1256/3/158
f 1247/1/158 1256/3/158 1255/4/158
f 1248/1/157 1242/2/157 1250/3/157
f 1248/1/157 1250/3/157 1256/4/157
f 1250/1/164 1249/2/164 1257/3/164
f 1250/1/164 1257/3/164 1258/4/164
f 1249/1/163 1251/2/163 1259/3/163
f 1249/1/163 1259/3/163 1257/4/163
f 1251/1/162 1252/2/162 1260/3/162
f 1251/1/162 1260/3/162 1259/4/162
f 1252/1/161 1253/2/161 1261/3/161
f 1252/1/161 1261/3/161 1260/4/161
f 1253/1/168 1254/2/168 1262/3/168
f 1253/1/168 1262/3/168 1261/4/168
f 1254/1/167 1255/2/167 1263/3/167
f 1254/1/167 1263/3/167 1262/4/167
f 1255/1/166 1256/2/166 1264/3/166
f 1255/1/166 1264/3/166 1263/4/166
f 1256/1/165 1250/2/165 1258/3/165
f 1256/1/165 1258/3/165 1264/4/165
f 1258/1/172 1257/2/172 1265/3/172
f 1258/1/172 1265/3/172 1266/4/172
f 1257/1/171 1259/2/171 1267/3/171
f 1257/1/171 1267/3/171 1265/4/171
f 1259/1/170 1260/2/170 1268/3/170
f 1259/1/170 1268/3/170 1267/4/170
f 1260/1/169 1261/2/169 1269/3/169
f 1260/1/169 1269/3/169 1268/4/169
f 1261/1/176 1262/2/176 1270/3/176
f 1261/1/176 1270/3/176 1269/4/176
f 1262/1/175 1263/2/175 1271/3/175
f 1262/1/175 1271/3/175 1270/4/175
f 1263/1/174 1264/2/174 1272/3/174
f 1263/1/174 1272/3/174 1271/4/174
f 1264/1/173 1258/2/173 1266/3/173
f 1264/1/173 1266/3/173 1272/4/173
f 1266/1/180 1265/2/180 1273/3/180
f 1266/1/180 1273/3/180 1274/4/180
f 1265/1/179 1267/2/179 1275/3/179
f 1265/1/179 1275/3/179 1273/4/179
f 1267/1/178 1268/2/178 1276/3/178
f 1267/1/178 1276/3/178 1275/4/178
f 1268/1/177 1269/2/177 1277/3/177
f 1268/1/177 1277/3/177 1276/4/177
f 1269/1/184 1270/2/184 1278/3/184
f 1269/1/184 1278/3/184 1277/4/184
f 1270/1/183 1271/2/183 1279/3/183
f 1270/1/183 1279/3/183 1278/4/183
f 1271/1/182 1272/2/182 1280/3/182
f 1271/1/182 1280/3/182 1279/4/182
f 1272/1/181 1266/2/181 1274/3/181
f 1272/1/181 1274/3/181 1280/4/181
f 1274/1/188 1273/2/188 1281/3/188
f 1274/1/188 1281/3/188 1282/4/188
f 1273/1/187 1275/2/187 1283/3/187
f 1273/1/187 1283/3/187 1281/4/187
f 1275/1/186 1276/2/186 1284/3/186
f 1275/1/186 1284/3/186 1283/4/186
f 1276/1/185 1277/2/185 1285/3/185
f 1276/1/185 1285/3/185 1284/4/185
f 1277/1/192 1278/2/192 1286/3/192
f 1277/1/192 1286/3/192 1285/4/192
f 1278/1/191 1279/2/191 1287/3/191
f 1278/1/191 1287/3/191 1286/4/191
f 1279/1/190 1280/2/190 1288/3/190
f 1279/1/190 1288/3/190 1287/4/190
f 1280/1/189 1274/2/189 1282/3/189
f 1280/1/189 1282/3/189 1288/4/189
f 1282/1/196 1281/2/196 1289/3/196
f 1282/1/196 1289/3/196 1290/4/196
f 1281/1/195 1283/2/195 1291/3/195
f 1281/1/195 1291/3/195 1289/4/195
f 1283/1/194 1284/2/194 1292/3/194
f 1283/1/194 1292/3/194 1291/4/194
f 1284/1/193 1285/2/193 1293/3/193
f 1284/1/193 1293/3/193 1292/4/193
f 1285/1/200 1286/2/200 1294/3/200
f 1285/1/200 1294/3/200 1293/4/200
f 1286/1/199 1287/2/199 1295/3/199
f 1286/1/199 1295/3/199 1294/4/199
f 1287/1/198 1288/2/198 1296/3/198
f 1287/1/198 1296/3/198 1295/4/198
f 1288/1/197 1282/2/197 1290/3/197
f 1288/1/197 1290/3/197 1296/4/197
f 1290/1/204 1289/2/204 1297/3/204
f 1290/1/204 1297/3/204 1298/4/204
f 1289/1/203 1291/2/203 1299/3/203
f 1289/1/203 1299/3/203 1297/4/203
f 1291/1/202 1292/2/202 1300/3/202
f 1291/1/202 1300/3/202 1299/4/202
f 1292/1/201 1293/2/201 1301/3/201
f 1292/1/201 1301/3/201 1300/4/201
f 1293/1/208 1294/2/208 1302/3/208
f 1293/1/208 1302/3/208 1301/4/208
f 1294/1/207 1295/2/207 1303/3/207
f 1294/1/207 1303/3/207 1302/4/207
f 1295/1/206 1296/2/206 1304/3/206
f 1295/1/206 1304/3/206 1303/4/206
f 1296/1/205 1290/2/205 1298/3/205
f 1296/1/205 1298/3/205 1304/4/205
f 1298/1/212 1297/2/212 1305/3/212
f 1298/1/212 1305/3/212 1306/4/212
f 1297/1/211 1299/2/211 1307/3/211
f 1297/1/211 1307/3/211 1305/4/211
f 1299/1/210 1300/2/210 1308/3/210
f 1299/1/210 1308/3/210 1307/4/210
f 1300/1/209 1301/2/209 1309/3/209
f 1300/1/209 1309/3/209 1308/4/209
f 1301/1/216 1302/2/216 1310/3/216
f 1301/1/216 1310/3/216 1309/4/216
f 1302/1/215 1303/2/215 1311/3/215
f 1302/1/215 1311/3/215 1310/4/215
f 1303/1/214 1304/2/214 1312/3/214
f 1303/1/214 1312/3/214 1311/4/214
f 1304/1/213 1298/2/213 1306/3/213
f 1304/1/213 1306/3/213 1312/4/213
f 1306/1/429 1305/2/429 1313/3/429
f 1306/1/430 1313/3/430 1314/4/430
f 1305/1/291 1307/2/291 1315/3/291
f 1305/1/431 1315/3/431 1313/4/431
f 1307/1/432 1308/2/432 1316/3/432
f 1307/1/433 1316/3/433 1315/4/433
f 1308/1/434 1309/2/434 1317/3/434
f 1308/1/435 1317/3/435 1316/4/435
f 1309/1/436 1310/2/436 1318/3/436
f 1309/1/437 1318/3/437 1317/4/437
f 1310/1/299 1311/2/299 1319/3/299
f 1310/1/438 1319/3/438 1318/4/438
f 1311/1/439 1312/2/439 1320/3/439
f 1311/1/440 1320/3/440 1319/4/440
f 1312/1/441 1306/2/441 1314/3/441
f 1312/1/442 1314/3/442 1320/4/442
f 1314/1/382 1313/2/382 906/3/382
f 1314/1/382 906/3/382 905/4/382
f 1313/1/381 1315/2/381 909/3/381
f 1313/1/381 909/3/381 906/4/381
f 1315/1/380 1316/2/380 911/3/380
f 1315/1/380 911/3/380 909/4/380
f 1316/1/379 1317/2/379 913/3/379
f 1316/1/379 913/3/379 911/4/379
f 1317/1/386 1318/2/386 915/3/386
f 1317/1/386 915/3/386 913/4/386
f 1318/1/385 1319/2/385 917/3/385
f 1318/1/385 917/3/385 915/4/385
f 1319/1/384 1320/2/384 919/3/384
f 1319/1/384 919/3/384 917/4/384
f 1320/1/383 1314/2/383 905/3/383
f 1320/1/383 905/3/383 919/4/383
f 1321/1/315 1322/2/315 1323/3/315
f 1321/1/316 1323/3/316 1324/4/316
f 1322/1/317 1325/2/317 1326/3/317
f 1322/1/318 1326/3/318 1323/4/318
f 1325/1/319 1327/2/319 1328/3/319
f 1325/1/6 1328/3/6 1326/4/6
f 1327/1/320 1329/2/320 1330/3/320
f 1327/1/321 1330/3/321 1328/4/321
f 1329/1/322 1331/2/322 1332/3/322
f 1329/1/323 1332/3/323 1330/4/323
f 1331/1/324 1333/2/324 1334/3/324
f 1331/1/325 1334/3/325 1332/4/325
f 1333/1/326 1335/2/326 1336/3/326
f 1333/1/14 1336/3/14 1334/4/14
f 1335/1/327 1321/2/327 1324/3/327
f 1335/1/328 1324/3/328 1336/4/328
f 1324/1/17 1323/2/17 1337/3/17
f 1324/1/17 1337/3/17 1338/4/17
f 1323/1/18 1326/2/18 1339/3/18
f 1323/1/18 1339/3/18 1337/4/18
f 1326/1/19 1328/2/19 1340/3/19
f 1326/1/19 1340/3/19 1339/4/19
f 1328/1/20 1330/2/20 1341/3/20
f 1328/1/20 1341/3/20 1340/4/20
f 1330/1/21 1332/2/21 1342/3/21
f 1330/1/21 1342/3/21 1341/4/21
f 1332/1/22 1334/2/22 1343/3/22
f 1332/1/22 1343/3/22 1342/4/22
f 1334/1/23 1336/2/23 1344/3/23
f 1334/1/23 1344/3/23 1343/4/23
f 1336/1/24 1324/2/24 1338/3/24
f 1336/1/24 1338/3/24 1344/4/24
f 1338/1/25 1337/2/25 1345/3/25
f 1338/1/25 1345/3/25 1346/4/25
f 1337/1/26 1339/2/26 1347/3/26
f 1337/1/26 1347/3/26 1345/4/26
f 1339/1/27 1340/2/27 1348/3/27
f 1339/1/27 1348/3/27 1347/4/27
f 1340/1/28 1341/2/28 1349/3/28
f 1340/1/28 1349/3/28 1348/4/28
f 1341/1/29 1342/2/29 1350/3/29
f 1341/1/29 1350/3/29 1349/4/29
f 1342/1/30 1343/2/30 1351/3/30
f 1342/1/30 1351/3/30 1350/4/30
f 1343/1/31 1344/2/31 1352/3/31
f 1343/1/31 1352/3/31 1351/4/31
f 1344/1/32 1338/2/32 1346/3/32
f 1344/1/32 1346/3/32 1352/4/32
f 1346/1/33 1345/2/33 1353/3/33
f 1346/1/33 1353/3/33 1354/4/33
f 1345/1/34 1347/2/34 1355/3/34
f 1345/1/34 1355/3/34 1353/4/34
f 1347/1/35 1348/2/35 1356/3/35
f 1347/1/35 1356/3/35 1355/4/35
f 1348/1/36 1349/2/36 1357/3/36
f 1348/1/36 1357/3/36 1356/4/36
f 1349/1/37 1350/2/37 1358/3/37
f 1349/1/37 1358/3/37 1357/4/37
f 1350/1/38 1351/2/38 1359/3/38
f 1350/1/38 1359/3/38 1358/4/38
f 1351/1/39 1352/2/39 1360/3/39
f 1351/1/39 1360/3/39 1359/4/39
f 1352/1/40 1346/2/40 1354/3/40
f 1352/1/40 1354/3/40 1360/4/40
f 1354/1/41 1353/2/41 1361/3/41
f 1354/1/41 1361/3/41 1362/4/41
f 1353/1/42 1355/2/42 1363/3/42
f 1353/1/42 1363/3/42 1361/4/42
f 1355/1/43 1356/2/43 1364/3/43
f 1355/1/43 1364/3/43 1363/4/43
f 1356/1/44 1357/2/44 1365/3/44
f 1356/1/44 1365/3/44 1364/4/44
f 1357/1/45 1358/2/45 1366/3/45
f 1357/1/45 1366/3/45 1365/4/45
f 1358/1/46 1359/2/46 1367/3/46
f 1358/1/46 1367/3/46 1366/4/46
f 1359/1/47 1360/2/47 1368/3/47
f 1359/1/47 1368/3/47 1367/4/47
f 1360/1/48 1354/2/48 1362/3/48
f 1360/1/48 1362/3/48 1368/4/48
f 1362/1/49 1361/2/49 1369/3/49
f 1362/1/49 1369/3/49 1370/4/49
f 1361/1/50 1363/2/50 1371/3/50
f 1361/1/50 1371/3/50 1369/4/50
f 1363/1/51 1364/2/51 1372/3/51
f 1363/1/51 1372/3/51 1371/4/51
f 1364/1/52 1365/2/52 1373/3/52
f 1364/1/52 1373/3/52 1372/4/52
f 1365/1/53 1366/2/53 1374/3/53
f 1365/1/53 1374/3/53 1373/4/53
f 1366/1/54 1367/2/54 1375/3/54
f 1366/1/54 1375/3/54 1374/4/54
f 1367/1/55 1368/2/55 1376/3/55
f 1367/1/55 1376/3/55 1375/4/55
f 1368/1/56 1362/2/56 1370/3/56
f 1368/1/56 1370/3/56 1376/4/56
f 1370/1/57 1369/2/57 1377/3/57
f 1370/1/57 1377/3/57 1378/4/57
f 1369/1/58 1371/2/58 1379/3/58
f 1369/1/58 1379/3/58 1377/4/58
f 1371/1/59 1372/2/59 1380/3/59
f 1371/1/59 1380/3/59 1379/4/59
f 1372/1/60 1373/2/60 1381/3/60
f 1372/1/60 1381/3/60 1380/4/60
f 1373/1/61 1374/2/61 1382/3/61
f 1373/1/61 1382/3/61 1381/4/61
f 1374/1/62 1375/2/62 1383/3/62
f 1374/1/62 1383/3/62 1382/4/62
f 1375/1/63 1376/2/63 1384/3/63
f 1375/1/63 1384/3/63 1383/4/63
f 1376/1/64 1370/2/64 1378/3/64
f 1376/1/64 1378/3/64 1384/4/64
f 1378/1/65 1377/2/65 1385/3/65
f 1378/1/65 1385/3/65 1386/4/65
f 1377/1/66 1379/2/66 1387/3/66
f 1377/1/66 1387/3/66 1385/4/66
f 1379/1/67 1380/2/67 1388/3/67
f 1379/1/67 1388/3/67 1387/4/67
f 1380/1/68 1381/2/68 1389/3/68
f 1380/1/68 1389/3/68 1388/4/68
f 1381/1/69 1382/2/69 1390/3/69
f 1381/1/69 1390/3/69 1389/4/69
f 1382/1/70 1383/2/70 1391/3/70
f 1382/1/70 1391/3/70 1390/4/70
f 1383/1/71 1384/2/71 1392/3/71
f 1383/1/71 1392/3/71 1391/4/71
f 1384/1/72 1378/2/72 1386/3/72
f 1384/1/72 1386/3/72 1392/4/72
f 1386/1/73 1385/2/73 1393/3/73
f 1386/1/73 1393/3/73 1394/4/73
f 1385/1/74 1387/2/74 1395/3/74
f 1385/1/74 1395/3/74 1393/4/74
f 1387/1/75 1388/2/75 1396/3/75
f 1387/1/75 1396/3/75 1395/4/75
f 1388/1/76 1389/2/76 1397/3/76
f 1388/1/76 1397/3/76 1396/4/76
f 1389/1/77 1390/2/77 1398/3/77
f 1389/1/77 1398/3/77 1397/4/77
f 1390/1/78 1391/2/78 1399/3/78
f 1390/1/78 1399/3/78 1398/4/78
f 1391/1/79 1392/2/79 1400/3/79
f 1391/1/79 1400/3/79 1399/4/79
f 1392/1/80 1386/2/80 1394/3/80
f 1392/1/80 1394/3/80 1400/4/80
f 1394/1/81 1393/2/81 1401/3/81
f 1394/1/81 1401/3/81 1402/4/81
f 1393/1/82 1395/2/82 1403/3/82
f 1393/1/82 1403/3/82 1401/4/82
f 1395/1/83 1396/2/83 1404/3/83
f 1395/1/83 1404/3/83 1403/4/83
f 1396/1/84 1397/2/84 1405/3/84
f 1396/1/84 1405/3/84 1404/4/84
f 1397/1/85 1398/2/85 1406/3/85
f 1397/1/85 1406/3/85 1405/4/85
f 1398/1/86 1399/2/86 1407/3/86
f 1398/1/86 1407/3/86 1406/4/86
f 1399/1/87 1400/2/87 1408/3/87
f 1399/1/87 1408/3/87 1407/4/87
f 1400/1/88 1394/2/88 1402/3/88
f 1400/1/88 1402/3/88 1408/4/88
f 1402/1/89 1401/2/89 1409/3/89
f 1402/1/89 1409/3/89 1410/4/89
f 1401/1/90 1403/2/90 1411/3/90
f 1401/1/90 1411/3/90 1409/4/90
f 1403/1/91 1404/2/91 1412/3/91
f 1403/1/91 1412/3/91 1411/4/91
f 1404/1/92 1405/2/92 1413/3/92
f 1404/1/92 1413/3/92 1412/4/92
f 1405/1/93 1406/2/93 1414/3/93
f 1405/1/93 1414/3/93 1413/4/93
f 1406/1/94 1407/2/94 1415/3/94
f 1406/1/94 1415/3/94 1414/4/94
f 1407/1/95 1408/2/95 1416/3/95
f 1407/1/95 1416/3/95 1415/4/95
f 1408/1/96 1402/2/96 1410/3/96
f 1408/1/96 1410/3/96 1416/4/96
f 1410/1/329 1409/2/329 1417/3/329
f 1410/1/330 1417/3/330 1418/4/330
f 1409/1/99 1411/2/99 1419/3/99
f 1409/1/331 1419/3/331 1417/4/331
f 1411/1/332 1412/2/332 1420/3/332
f 1411/1/333 1420/3/333 1419/4/333
f 1412/1/334 1413/2/334 1421/3/334
f 1412/1/335 1421/3/335 1420/4/335
f 1413/1/336 1414/2/336 1422/3/336
f 1413/1/337 1422/3/337 1421/4/337
f 1414/1/107 1415/2/107 1423/3/107
f 1414/1/338 1423/3/338 1422/4/338
f 1415/1/339 1416/2/339 1424/3/339
f 1415/1/340 1424/3/340 1423/4/340
f 1416/1/341 1410/2/341 1418/3/341
f 1416/1/342 1418/3/342 1424/4/342
f 1418/1/343 1417/2/343 1425/3/343
f 1418/1/343 1425/3/343 1426/4/343
f 1417/1/344 1419/2/344 1427/3/344
f 1417/1/344 1427/3/344 1425/4/344
f 1419/1/345 1420/2/345 1428/3/345
f 1419/1/345 1428/3/345 1427/4/345
f 1420/1/346 1421/2/346 1429/3/346
f 1420/1/346 1429/3/346 1428/4/346
f 1421/1/347 1422/2/347 1430/3/347
f 1421/1/347 1430/3/347 1429/4/347
f 1422/1/348 1423/2/348 1431/3/348
f 1422/1/348 1431/3/348 1430/4/348
f 1423/1/349 1424/2/349 1432/3/349
f 1423/1/349 1432/3/349 1431/4/349
f 1424/1/350 1418/2/350 1426/3/350
f 1424/1/350 1426/3/350 1432/4/350
f 1426/1/351 1425/2/351 1433/3/351
f 1426/1/352 1433/3/352 1434/4/352
f 1425/1/353 1427/2/353 1435/3/353
f 1425/1/354 1435/3/354 1433/4/354
f 1427/1/355 1428/2/355 1436/3/355
f 1427/1/126 1436/3/126 1435/4/126
f 1428/1/356 1429/2/356 1437/3/356
f 1428/1/357 1437/3/357 1436/4/357
f 1429/1/358 1430/2/358 1438/3/358
f 1429/1/359 1438/3/359 1437/4/359
f 1430/1/360 1431/2/360 1439/3/360
f 1430/1/361 1439/3/361 1438/4/361
f 1431/1/362 1432/2/362 1440/3/362
f 1431/1/134 1440/3/134 1439/4/134
f 1432/1/363 1426/2/363 1434/3/363
f 1432/1/364 1434/3/364 1440/4/364
f 1434/1/137 1433/2/137 1441/3/137
f 1434/1/137 1441/3/137 1442/4/137
f 1433/1/138 1435/2/138 1443/3/138
f 1433/1/138 1443/3/138 1441/4/138
f 1435/1/139 1436/2/139 1444/3/139
f 1435/1/139 1444/3/139 1443/4/139
f 1436/1/140 1437/2/140 1445/3/140
f 1436/1/140 1445/3/140 1444/4/140
f 1437/1/141 1438/2/141 1446/3/141
f 1437/1/141 1446/3/141 1445/4/141
f 1438/1/142 1439/2/142 1447/3/142
f 1438/1/142 1447/3/142 1446/4/142
f 1439/1/143 1440/2/143 1448/3/143
f 1439/1/143 1448/3/143 1447/4/143
f 1440/1/144 1434/2/144 1442/3/144
f 1440/1/144 1442/3/144 1448/4/144
f 1442/1/145 1441/2/145 1449/3/145
f 1442/1/145 1449/3/145 1450/4/145
f 1441/1/146 1443/2/146 1451/3/146
f 1441/1/146 1451/3/146 1449/4/146
f 1443/1/147 1444/2/147 1452/3/147
f 1443/1/147 1452/3/147 1451/4/147
f 1444/1/148 1445/2/148 1453/3/148
f 1444/1/148 1453/3/148 1452/4/148
f 1445/1/149 1446/2/149 1454/3/149
f 1445/1/149 1454/3/149 1453/4/149
f 1446/1/150 1447/2/150 1455/3/150
f 1446/1/150 1455/3/150 1454/4/150
f 1447/1/151 1448/2/151 1456/3/151
f 1447/1/151 1456/3/151 1455/4/151
f 1448/1/152 1442/2/152 1450/3/152
f 1448/1/152 1450/3/152 1456/4/152
f 1450/1/153 1449/2/153 1457/3/153
f 1450/1/153 1457/3/153 1458/4/153
f 1449/1/154 1451/2/154 1459/3/154
f 1449/1/154 1459/3/154 1457/4/154
f 1451/1/155 1452/2/155 1460/3/155
f 1451/1/155 1460/3/155 1459/4/155
f 1452/1/156 1453/2/156 1461/3/156
f 1452/1/156 1461/3/156 1460/4/156
f 1453/1/157 1454/2/157 1462/3/157
f 1453/1/157 1462/3/157 1461/4/157
f 1454/1/158 1455/2/158 1463/3/158
f 1454/1/158 1463/3/158 1462/4/158
f 1455/1/159 1456/2/159 1464/3/159
f 1455/1/159 1464/3/159 1463/4/159
f 1456/1/160 1450/2/160 1458/3/160
f 1456/1/160 1458/3/160 1464/4/160
f 1458/1/161 1457/2/161 1465/3/161
f 1458/1/161 1465/3/161 1466/4/161
f 1457/1/162 1459/2/162 1467/3/162
f 1457/1/162 1467/3/162 1465/4/162
f 1459/1/163 1460/2/163 1468/3/163
f 1459/1/163 1468/3/163 1467/4/163
f 1460/1/164 1461/2/164 1469/3/164
f 1460/1/164 1469/3/164 1468/4/164
f 1461/1/165 1462/2/165 1470/3/165
f 1461/1/165 1470/3/165 1469/4/165
f 1462/1/166 1463/2/166 1471/3/166
f 1462/1/166 1471/3/166 1470/4/166
f 1463/1/167 1464/2/167 1472/3/167
f 1463/1/167 1472/3/167 1471/4/167
f 1464/1/168 1458/2/168 1466/3/168
f 1464/1/168 1466/3/168 1472/4/168
f 1466/1/169 1465/2/169 1473/3/169
f 1466/1/169 1473/3/169 1474/4/169
f 1465/1/170 1467/2/170 1475/3/170
f 1465/1/170 1475/3/170 1473/4/170
f 1467/1/171 1468/2/171 1476/3/171
f 1467/1/171 1476/3/171 1475/4/171
f 1468/1/172 1469/2/172 1477/3/172
f 1468/1/172 1477/3/172 1476/4/172
f 1469/1/173 1470/2/173 1478/3/173
f 1469/1/173 1478/3/173 1477/4/173
f 1470/1/174 1471/2/174 1479/3/174
f 1470/1/174 1479/3/174 1478/4/174
f 1471/1/175 1472/2/175 1480/3/175
f 1471/1/175 1480/3/175 1479/4/175
f 1472/1/176 1466/2/176 1474/3/176
f 1472/1/176 1474/3/176 1480/4/176
f 1474/1/177 1473/2/177 1481/3/177
f 1474/1/177 1481/3/177 1482/4/177
f 1473/1/178 1475/2/178 1483/3/178
f 1473/1/178 1483/3/178 1481/4/178
f 1475/1/179 1476/2/179 1484/3/179
f 1475/1/179 1484/3/179 1483/4/179
f 1476/1/180 1477/2/180 1485/3/180
f 1476/1/180 1485/3/180 1484/4/180
f 1477/1/181 1478/2/181 1486/3/181
f 1477/1/181 1486/3/181 1485/4/181
f 1478/1/182 1479/2/182 1487/3/182
f 1478/1/182 1487/3/182 1486/4/182
f 1479/1/183 1480/2/183 1488/3/183
f 1479/1/183 1488/3/183 1487/4/183
f 1480/1/184 1474/2/184 1482/3/184
f 1480/1/184 1482/3/184 1488/4/184
f 1482/1/185 1481/2/185 1489/3/185
f 1482/1/185 1489/3/185 1490/4/185
f 1481/1/186 1483/2/186 1491/3/186
f 1481/1/186 1491/3/186 1489/4/186
f 1483/1/187 1484/2/187 1492/3/187
f 1483/1/187 1492/3/187 1491/4/187
f 1484/1/188 1485/2/188 1493/3/188
f 1484/1/188 1493/3/188 1492/4/188
f 1485/1/189 1486/2/189 1494/3/189
f 1485/1/189 1494/3/189 1493/4/189
f 1486/1/190 1487/2/190 1495/3/190
f 1486/1/190 1495/3/190 1494/4/190
f 1487/1/191 1488/2/191 1496/3/191
f 1487/1/191 1496/3/191 1495/4/191
f 1488/1/192 1482/2/192 1490/3/192
f 1488/1/192 1490/3/192 1496/4/192
f 1490/1/193 1489/2/193 1497/3/193
f 1490/1/193 1497/3/193 1498/4/193
f 1489/1/194 1491/2/194 1499/3/194
f 1489/1/194 1499/3/194 1497/4/194
f 1491/1/195 1492/2/195 1500/3/195
f 1491/1/195 1500/3/195 1499/4/195
f 1492/1/196 1493/2/196 1501/3/196
f 1492/1/196 1501/3/196 1500/4/196
f 1493/1/197 1494/2/197 1502/3/197
f 1493/1/197 1502/3/197 1501/4/197
f 1494/1/198 1495/2/198 1503/3/198
f 1494/1/198 1503/3/198 1502/4/198
f 1495/1/199 1496/2/199 1504/3/199
f 1495/1/199 1504/3/199 1503/4/199
f 1496/1/200 1490/2/200 1498/3/200
f 1496/1/200 1498/3/200 1504/4/200
f 1498/1/201 1497/2/201 1505/3/201
f 1498/1/201 1505/3/201 1506/4/201
f 1497/1/202 1499/2/202 1507/3/202
f 1497/1/202 1507/3/202 1505/4/202
f 1499/1/203 1500/2/203 1508/3/203
f 1499/1/203 1508/3/203 1507/4/203
f 1500/1/204 1501/2/204 1509/3/204
f 1500/1/204 1509/3/204 1508/4/204
f 1501/1/205 1502/2/205 1510/3/205
f 1501/1/205 1510/3/205 1509/4/205
f 1502/1/206 1503/2/206 1511/3/206
f 1502/1/206 1511/3/206 1510/4/206
f 1503/1/207 1504/2/207 1512/3/207
f 1503/1/207 1512/3/207 1511/4/207
f 1504/1/208 1498/2/208 1506/3/208
f 1504/1/208 1506/3/208 1512/4/208
f 1506/1/209 1505/2/209 1513/3/209
f 1506/1/209 1513/3/209 1514/4/209
f 1505/1/210 1507/2/210 1515/3/210
f 1505/1/210 1515/3/210 1513/4/210
f 1507/1/211 1508/2/211 1516/3/211
f 1507/1/211 1516/3/211 1515/4/211
f 1508/1/212 1509/2/212 1517/3/212
f 1508/1/212 1517/3/212 1516/4/212
f 1509/1/213 1510/2/213 1518/3/213
f 1509/1/213 1518/3/213 1517/4/213
f 1510/1/214 1511/2/214 1519/3/214
f 1510/1/214 1519/3/214 1518/4/214
f 1511/1/215 1512/2/215 1520/3/215
f 1511/1/215 1520/3/215 1519/4/215
f 1512/1/216 1506/2/216 1514/3/216
f 1512/1/216 1514/3/216 1520/4/216
f 1514/1/365 1513/2/365 1521/3/365
f 1514/1/366 1521/3/366 1522/4/366
f 1513/1/219 1515/2/219 1523/3/219
f 1513/1/367 1523/3/367 1521/4/367
f 1515/1/368 1516/2/368 1524/3/368
f 1515/1/369 1524/3/369 1523/4/369
f 1516/1/370 1517/2/370 1525/3/370
f 1516/1/371 1525/3/371 1524/4/371
f 1517/1/372 1518/2/372 1526/3/372
f 1517/1/373 1526/3/373 1525/4/373
f 1518/1/227 1519/2/227 1527/3/227
f 1518/1/374 1527/3/374 1526/4/374
f 1519/1/375 1520/2/375 1528/3/375
f 1519/1/376 1528/3/376 1527/4/376
f 1520/1/377 1514/2/377 1522/3/377
f 1520/1/378 1522/3/378 1528/4/378
f 1522/1/379 1521/2/379 1529/3/379
f 1522/1/379 1529/3/379 1530/4/379
f 1521/1/380 1523/2/380 1531/3/380
f 1521/1/380 1531/3/380 1529/4/380
f 1523/1/381 1524/2/381 1532/3/381
f 1523/1/381 1532/3/381 1531/4/381
f 1524/1/382 1525/2/382 1533/3/382
f 1524/1/382 1533/3/382 1532/4/382
f 1525/1/383 1526/2/383 1534/3/383
f 1525/1/383 1534/3/383 1533/4/383
f 1526/1/384 1527/2/384 1535/3/384
f 1526/1/384 1535/3/384 1534/4/384
f 1527/1/385 1528/2/385 1536/3/385
f 1527/1/385 1536/3/385 1535/4/385
f 1528/1/386 1522/2/386 1530/3/386
f 1528/1/386 1530/3/386 1536/4/386
f 1530/1/387 1529/2/387 1537/3/387
f 1530/1/388 1537/3/388 1538/4/388
f 1529/1/389 1531/2/389 1539/3/389
f 1529/1/390 1539/3/390 1537/4/390
f 1531/1/391 1532/2/391 1540/3/391
f 1531/1/246 1540/3/246 1539/4/246
f 1532/1/392 1533/2/392 1541/3/392
f 1532/1/393 1541/3/393 1540/4/393
f 1533/1/394 1534/2/394 1542/3/394
f 1533/1/395 1542/3/395 1541/4/395
f 1534/1/396 1535/2/396 1543/3/396
f 1534/1/397 1543/3/397 1542/4/397
f 1535/1/398 1536/2/398 1544/3/398
f 1535/1/254 1544/3/254 1543/4/254
f 1536/1/399 1530/2/399 1538/3/399
f 1536/1/400 1538/3/400 1544/4/400
f 1538/1/20 1537/2/20 1545/3/20
f 1538/1/20 1545/3/20 1546/4/20
f 1537/1/19 1539/2/19 1547/3/19
f 1537/1/19 1547/3/19 1545/4/19
f 1539/1/18 1540/2/18 1548/3/18
f 1539/1/18 1548/3/18 1547/4/18
f 1540/1/17 1541/2/17 1549/3/17
f 1540/1/17 1549/3/17 1548/4/17
f 1541/1/24 1542/2/24 1550/3/24
f 1541/1/24 1550/3/24 1549/4/24
f 1542/1/23 1543/2/23 1551/3/23
f 1542/1/23 1551/3/23 1550/4/23
f 1543/1/22 1544/2/22 1552/3/22
f 1543/1/22 1552/3/22 1551/4/22
f 1544/1/21 1538/2/21 1546/3/21
f 1544/1/21 1546/3/21 1552/4/21
f 1546/1/28 1545/2/28 1553/3/28
f 1546/1/28 1553/3/28 1554/4/28
f 1545/1/27 1547/2/27 1555/3/27
f 1545/1/27 1555/3/27 1553/4/27
f 1547/1/26 1548/2/26 1556/3/26
f 1547/1/26 1556/3/26 1555/4/26
f 1548/1/25 1549/2/25 1557/3/25
f 1548/1/25 1557/3/25 1556/4/25
f 1549/1/32 1550/2/32 1558/3/32
f 1549/1/32 1558/3/32 1557/4/32
f 1550/1/31 1551/2/31 1559/3/31
f 1550/1/31 1559/3/31 1558/4/31
f 1551/1/30 1552/2/30 1560/3/30
f 1551/1/30 1560/3/30 1559/4/30
f 1552/1/29 1546/2/29 1554/3/29
f 1552/1/29 1554/3/29 1560/4/29
f 1554/1/36 1553/2/36 1561/3/36
f 1554/1/36 1561/3/36 1562/4/36
f 1553/1/35 1555/2/35 1563/3/35
f 1553/1/35 1563/3/35 1561/4/35
f 1555/1/34 1556/2/34 1564/3/34
f 1555/1/34 1564/3/34 1563/4/34
f 1556/1/33 1557/2/33 1565/3/33
f 1556/1/33 1565/3/33 1564/4/33
f 1557/1/40 1558/2/40 1566/3/40
f 1557/1/40 1566/3/40 1565/4/40
f 1558/1/39 1559/2/39 1567/3/39
f 1558/1/39 1567/3/39 1566/4/39
f 1559/1/38 1560/2/38 1568/3/38
f 1559/1/38 1568/3/38 1567/4/38
f 1560/1/37 1554/2/37 1562/3/37
f 1560/1/37 1562/3/37 1568/4/37
f 1562/1/44 1561/2/44 1569/3/44
f 1562/1/44 1569/3/44 1570/4/44
f 1561/1/43 1563/2/43 1571/3/43
f 1561/1/43 1571/3/43 1569/4/43
f 1563/1/42 1564/2/42 1572/3/42
f 1563/1/42 1572/3/42 1571/4/42
f 1564/1/41 1565/2/41 1573/3/41
f 1564/1/41 1573/3/41 1572/4/41
f 1565/1/48 1566/2/48 1574/3/48
f 1565/1/48 1574/3/48 1573/4/48
f 1566/1/47 1567/2/47 1575/3/47
f 1566/1/47 1575/3/47 1574/4/47
f 1567/1/46 1568/2/46 1576/3/46
f 1567/1/46 1576/3/46 1575/4/46
f 1568/1/45 1562/2/45 1570/3/45
f 1568/1/45 1570/3/45 1576/4/45
f 1570/1/52 1569/2/52 1577/3/52
f 1570/1/52 1577/3/52 1578/4/52
f 1569/1/51 1571/2/51 1579/3/51
f 1569/1/51 1579/3/51 1577/4/51
f 1571/1/50 1572/2/50 1580/3/50
f 1571/1/50 1580/3/50 1579/4/50
f 1572/1/49 1573/2/49 1581/3/49
f 1572/1/49 1581/3/49 1580/4/49
f 1573/1/56 1574/2/56 1582/3/56
f 1573/1/56 1582/3/56 1581/4/56
f 1574/1/55 1575/2/55 1583/3/55
f 1574/1/55 1583/3/55 1582/4/55
f 1575/1/54 1576/2/54 1584/3/54
f 1575/1/54 1584/3/54 1583/4/54
f 1576/1/53 1570/2/53 1578/3/53
f 1576/1/53 1578/3/53 1584/4/53
f 1578/1/60 1577/2/60 1585/3/60
f 1578/1/60 1585/3/60 1586/4/60
f 1577/1/59 1579/2/59 1587/3/59
f 1577/1/59 1587/3/59 1585/4/59
f 1579/1/58 1580/2/58 1588/3/58
f 1579/1/58 1588/3/58 1587/4/58
f 1580/1/57 1581/2/57 1589/3/57
f 1580/1/57 1589/3/57 1588/4/57
f 1581/1/64 1582/2/64 1590/3/64
f 1581/1/64 1590/3/64 1589/4/64
f 1582/1/63 1583/2/63 1591/3/63
f 1582/1/63 1591/3/63 1590/4/63
f 1583/1/62 1584/2/62 1592/3/62
f 1583/1/62 1592/3/62 1591/4/62
f 1584/1/61 1578/2/61 1586/3/61
f 1584/1/61 1586/3/61 1592/4/61
f 1586/1/68 1585/2/68 1593/3/68
f 1586/1/68 1593/3/68 1594/4/68
f 1585/1/67 1587/2/67 1595/3/67
f 1585/1/67 1595/3/67 1593/4/67
f 1587/1/66 1588/2/66 1596/3/66
f 1587/1/66 1596/3/66 1595/4/66
f 1588/1/65 1589/2/65 1597/3/65
f 1588/1/65 1597/3/65 1596/4/65
f 1589/1/72 1590/2/72 1598/3/72
f 1589/1/72 1598/3/72 1597/4/72
f 1590/1/71 1591/2/71 1599/3/71
f 1590/1/71 1599/3/71 1598/4/71
f 1591/1/70 1592/2/70 1600/3/70
f 1591/1/70 1600/3/70 1599/4/70
f 1592/1/69 1586/2/69 1594/3/69
f 1592/1/69 1594/3/69 1600/4/69
f 1594/1/76 1593/2/76 1601/3/76
f 1594/1/76 1601/3/76 1602/4/76
f 1593/1/75 1595/2/75 1603/3/75
f 1593/1/75 1603/3/75 1601/4/75
f 1595/1/74 1596/2/74 1604/3/74
f 1595/1/74 1604/3/74 1603/4/74
f 1596/1/73 1597/2/73 1605/3/73
f 1596/1/73 1605/3/73 1604/4/73
f 1597/1/80 1598/2/80 1606/3/80
f 1597/1/80 1606/3/80 1605/4/80
f 1598/1/79 1599/2/79 1607/3/79
f 1598/1/79 1607/3/79 1606/4/79
f 1599/1/78 1600/2/78 1608/3/78
f 1599/1/78 1608/3/78 1607/4/78
f 1600/1/77 1594/2/77 1602/3/77
f 1600/1/77 1602/3/77 1608/4/77
f 1602/1/84 1601/2/84 1609/3/84
f 1602/1/84 1609/3/84 1610/4/84
f 1601/1/83 1603/2/83 1611/3/83
f 1601/1/83 1611/3/83 1609/4/83
f 1603/1/82 1604/2/82 1612/3/82
f 1603/1/82 1612/3/82 1611/4/82
f 1604/1/81 1605/2/81 1613/3/81
f 1604/1/81 1613/3/81 1612/4/81
f 1605/1/88 1606/2/88 1614/3/88
f 1605/1/88 1614/3/88 1613/4/88
f 1606/1/87 1607/2/87 1615/3/87
f 1606/1/87 1615/3/87 1614/4/87
f 1607/1/86 1608/2/86 1616/3/86
f 1607/1/86 1616/3/86 1615/4/86
f 1608/1/85 1602/2/85 1610/3/85
f 1608/1/85 1610/3/85 1616/4/85
f 1610/1/92 1609/2/92 1617/3/92
f 1610/1/92 1617/3/92 1618/4/92
f 1609/1/91 1611/2/91 1619/3/91
f 1609/1/91 1619/3/91 1617/4/91
f 1611/1/90 1612/2/90 1620/3/90
f 1611/1/90 1620/3/90 1619/4/90
f 1612/1/89 1613/2/89 1621/3/89
f 1612/1/89 1621/3/89 1620/4/89
f 1613/1/96 1614/2/96 1622/3/96
f 1613/1/96 1622/3/96 1621/4/96
f 1614/1/95 1615/2/95 1623/3/95
f 1614/1/95 1623/3/95 1622/4/95
f 1615/1/94 1616/2/94 1624/3/94
f 1615/1/94 1624/3/94 1623/4/94
f 1616/1/93 1610/2/93 1618/3/93
f 1616/1/93 1618/3/93 1624/4/93
f 1618/1/401 1617/2/401 1625/3/401
f 1618/1/402 1625/3/402 1626/4/402
f 1617/1/259 1619/2/259 1627/3/259
f 1617/1/403 1627/3/403 1625/4/403
f 1619/1/404 1620/2/404 1628/3/404
f 1619/1/405 1628/3/405 1627/4/405
f 1620/1/406 1621/2/406 1629/3/406
f 1620/1/407 1629/3/407 1628/4/407
f 1621/1/408 1622/2/408 1630/3/408
f 1621/1/409 1630/3/409 1629/4/409
f 1622/1/267 1623/2/267 1631/3/267
f 1622/1/410 1631/3/410 1630/4/410
f 1623/1/411 1624/2/411 1632/3/411
f 1623/1/412 1632/3/412 1631/4/412
f 1624/1/413 1618/2/413 1626/3/413
f 1624/1/414 1626/3/414 1632/4/414
f 1626/1/346 1625/2/346 1633/3/346
f 1626/1/346 1633/3/346 1634/4/346
f 1625/1/345 1627/2/345 1635/3/345
f 1625/1/345 1635/3/345 1633/4/345
f 1627/1/344 1628/2/344 1636/3/344
f 1627/1/344 1636/3/344 1635/4/344
f 1628/1/343 1629/2/343 1637/3/343
f 1628/1/343 1637/3/343 1636/4/343
f 1629/1/350 1630/2/350 1638/3/350
f 1629/1/350 1638/3/350 1637/4/350
f 1630/1/349 1631/2/349 1639/3/349
f 1630/1/349 1639/3/349 1638/4/349
f 1631/1/348 1632/2/348 1640/3/348
f 1631/1/348 1640/3/348 1639/4/348
f 1632/1/347 1626/2/347 1634/3/347
f 1632/1/347 1634/3/347 1640/4/347
f 1634/1/415 1633/2/415 1641/3/415
f 1634/1/416 1641/3/416 1642/4/416
f 1633/1/417 1635/2/417 1643/3/417
f 1633/1/418 1643/3/418 1641/4/418
f 1635/1/419 1636/2/419 1644/3/419
f 1635/1/278 1644/3/278 1643/4/278
f 1636/1/420 1637/2/420 1645/3/420
f 1636/1/421 1645/3/421 1644/4/421
f 1637/1/422 1638/2/422 1646/3/422
f 1637/1/423 1646/3/423 1645/4/423
f 1638/1/424 1639/2/424 1647/3/424
f 1638/1/425 1647/3/425 1646/4/425
f 1639/1/426 1640/2/426 1648/3/426
f 1639/1/286 1648/3/286 1647/4/286
f 1640/1/427 1634/2/427 1642/3/427
f 1640/1/428 1642/3/428 1648/4/428
f 1642/1/140 1641/2/140 1649/3/140
f 1642/1/140 1649/3/140 1650/4/140
f 1641/1/139 1643/2/139 1651/3/139
f 1641/1/139 1651/3/139 1649/4/139
f 1643/1/138 1644/2/138 1652/3/138
f 1643/1/138 1652/3/138 1651/4/138
f 1644/1/137 1645/2/137 1653/3/137
f 1644/1/137 1653/3/137 1652/4/137
f 1645/1/144 1646/2/144 1654/3/144
f 1645/1/144 1654/3/144 1653/4/144
f 1646/1/143 1647/2/143 1655/3/143
f 1646/1/143 1655/3/143 1654/4/143
f 1647/1/142 1648/2/142 1656/3/142
f 1647/1/142 1656/3/142 1655/4/142
f 1648/1/141 1642/2/141 1650/3/141
f 1648/1/141 1650/3/141 1656/4/141
f 1650/1/148 1649/2/148 1657/3/148
f 1650/1/148 1657/3/148 1658/4/148
f 1649/1/147 1651/2/147 1659/3/147
f 1649/1/147 1659/3/147 1657/4/147
f 1651/1/146 1652/2/146 1660/3/146
f 1651/1/146 1660/3/146 1659/4/146
f 1652/1/145 1653/2/145 1661/3/145
f 1652/1/145 1661/3/145 1660/4/145
f 1653/1/152 1654/2/152 1662/3/152
f 1653/1/152 1662/3/152 1661/4/152
f 1654/1/151 1655/2/151 1663/3/151
f 1654/1/151 1663/3/151 1662/4/151
f 1655/1/150 1656/2/150 1664/3/150
f 1655/1/150 1664/3/150 1663/4/150
f 1656/1/149 1650/2/149 1658/3/149
f 1656/1/149 1658/3/149 1664/4/149
f 1658/1/156 1657/2/156 1665/3/156
f 1658/1/156 1665/3/156 1666/4/156
f 1657/1/155 1659/2/155 1667/3/155
f 1657/1/155 1667/3/155 1665/4/155
f 1659/1/154 1660/2/154 1668/3/154
f 1659/1/154 1668/3/154 1667/4/154
f 1660/1/153 1661/2/153 1669/3/153
f 1660/1/153 1669/3/153 1668/4/153
f 1661/1/160 1662/2/160 1670/3/160
f 1661/1/160 1670/3/160 1669/4/160
f 1662/1/159 1663/2/159 1671/3/159
f 1662/1/159 1671/3/159 1670/4/159
f 1663/1/158 1664/2/158 1672/3/158
f 1663/1/158 1672/3/158 1671/4/158
f 1664/1/157 1658/2/157 1666/3/157
f 1664/1/157 1666/3/157 1672/4/157
f 1666/1/164 1665/2/164 1673/3/164
f 1666/1/164 1673/3/164 1674/4/164
f 1665/1/163 1667/2/163 1675/3/163
f 1665/1/163 1675/3/163 1673/4/163
f 1667/1/162 1668/2/162 1676/3/162
f 1667/1/162 1676/3/162 1675/4/162
f 1668/1/161 1669/2/161 1677/3/161
f 1668/1/161 1677/3/161 1676/4/161
f 1669/1/168 1670/2/168 1678/3/168
f 1669/1/168 1678/3/168 1677/4/168
f 1670/1/167 1671/2/167 1679/3/167
f 1670/1/167 1679/3/167 1678/4/167
f 1671/1/166 1672/2/166 1680/3/166
f 1671/1/166 1680/3/166 1679/4/166
f 1672/1/165 1666/2/165 1674/3/165
f 1672/1/165 1674/3/165 1680/4/165
f 1674/1/172 1673/2/172 1681/3/172
f 1674/1/172 1681/3/172 1682/4/172
f 1673/1/171 1675/2/171 1683/3/171
f 1673/1/171 1683/3/171 1681/4/171
f 1675/1/170 1676/2/170 1684/3/170
f 1675/1/170 1684/3/170 1683/4/170
f 1676/1/169 1677/2/169 1685/3/169
f 1676/1/169 1685/3/169 1684/4/169
f 1677/1/176 1678/2/176 1686/3/176
f 1677/1/176 1686/3/176 1685/4/176
f 1678/1/175 1679/2/175 1687/3/175
f 1678/1/175 1687/3/175 1686/4/175
f 1679/1/174 1680/2/174 1688/3/174
f 1679/1/174 1688/3/174 1687/4/174
f 1680/1/173 1674/2/173 1682/3/173
f 1680/1/173 1682/3/173 1688/4/173
f 1682/1/180 1681/2/180 1689/3/180
f 1682/1/180 1689/3/180 1690/4/180
f 1681/1/179 1683/2/179 1691/3/179
f 1681/1/179 1691/3/179 1689/4/179
f 1683/1/178 1684/2/178 1692/3/178
f 1683/1/178 1692/3/178 1691/4/178
f 1684/1/177 1685/2/177 1693/3/177
f 1684/1/177 1693/3/177 1692/4/177
f 1685/1/184 1686/2/184 1694/3/184
f 1685/1/184 1694/3/184 1693/4/184
f 1686/1/183 1687/2/183 1695/3/183
f 1686/1/183 1695/3/183 1694/4/183
f 1687/1/182 1688/2/182 1696/3/182
f 1687/1/182 1696/3/182 1695/4/182
f 1688/1/181 1682/2/181 1690/3/181
f 1688/1/181 1690/3/181 1696/4/181
f 1690/1/188 1689/2/188 1697/3/188
f 1690/1/188 1697/3/188 1698/4/188
f 1689/1/187 1691/2/187 1699/3/187
f 1689/1/187 1699/3/187 1697/4/187
f 1691/1/186 1692/2/186 1700/3/186
f 1691/1/186 1700/3/186 1699/4/186
f 1692/1/185 1693/2/185 1701/3/185
f 1692/1/185 1701/3/185 1700/4/185
f 1693/1/192 1694/2/192 1702/3/192
f 1693/1/192 1702/3/192 1701/4/192
f 1694/1/191 1695/2/191 1703/3/191
f 1694/1/191 1703/3/191 1702/4/191
f 1695/1/190 1696/2/190 1704/3/190
f 1695/1/190 1704/3/190 1703/4/190
f 1696/1/189 1690/2/189 1698/3/189
f 1696/1/189 1698/3/189 1704/4/189
f 1698/1/196 1697/2/196 1705/3/196
f 1698/1/196 1705/3/196 1706/4/196
f 1697/1/195 1699/2/195 1707/3/195
f 1697/1/195 1707/3/195 1705/4/195
f 1699/1/194 1700/2/194 1708/3/194
f 1699/1/194 1708/3/194 1707/4/194
f 1700/1/193 1701/2/193 1709/3/193
f 1700/1/193 1709/3/193 1708/4/193
f 1701/1/200 1702/2/200 1710/3/200
f 1701/1/200 1710/3/200 1709/4/200
f 1702/1/199 1703/2/199 1711/3/199
f 1702/1/199 1711/3/199 1710/4/199
f 1703/1/198 1704/2/198 1712/3/198
f 1703/1/198 1712/3/198 1711/4/198
f 1704/1/197 1698/2/197 1706/3/197
f 1704/1/197 1706/3/197 1712/4/197
f 1706/1/204 1705/2/204 1713/3/204
f 1706/1/204 1713/3/204 1714/4/204
f 1705/1/203 1707/2/203 1715/3/203
f 1705/1/203 1715/3/203 1713/4/203
f 1707/1/202 1708/2/202 1716/3/202
f 1707/1/202 1716/3/202 1715/4/202
f 1708/1/201 1709/2/201 1717/3/201
f 1708/1/201 1717/3/201 1716/4/201
f 1709/1/208 1710/2/208 1718/3/208
f 1709/1/208 1718/3/208 1717/4/208
f 1710/1/207 1711/2/207 1719/3/207
f 1710/1/207 1719/3/207 1718/4/207
f 1711/1/206 1712/2/206 1720/3/206
f 1711/1/206 1720/3/206 1719/4/206
f 1712/1/205 1706/2/205 1714/3/205
f 1712/1/205 1714/3/205 1720/4/205
f 1714/1/212 1713/2/212 1721/3/212
f 1714/1/212 1721/3/212 1722/4/212
f 1713/1/211 1715/2/211 1723/3/211
f 1713/1/211 1723/3/211 1721/4/211
f 1715/1/210 1716/2/210 1724/3/210
f 1715/1/210 1724/3/210 1723/4/210
f 1716/1/209 1717/2/209 1725/3/209
f 1716/1/209 1725/3/209 1724/4/209
f 1717/1/216 1718/2/216 1726/3/216
f 1717/1/216 1726/3/216 1725/4/216
f 1718/1/215 1719/2/215 1727/3/215
f 1718/1/215 1727/3/215 1726/4/215
f 1719/1/214 1720/2/214 1728/3/214
f 1719/1/214 1728/3/214 1727/4/214
f 1720/1/213 1714/2/213 1722/3/213
f 1720/1/213 1722/3/213 1728/4/213
f 1722/1/429 1721/2/429 1729/3/429
f 1722/1/430 1729/3/430 1730/4/430
f 1721/1/291 1723/2/291 1731/3/291
f 1721/1/431 1731/3/431 1729/4/431
f 1723/1/432 1724/2/432 1732/3/432
f 1723/1/433 1732/3/433 1731/4/433
f 1724/1/434 1725/2/434 1733/3/434
f 1724/1/435 1733/3/435 1732/4/435
f 1725/1/436 1726/2/436 1734/3/436
f 1725/1/437 1734/3/437 1733/4/437
f 1726/1/299 1727/2/299 1735/3/299
f 1726/1/438 1735/3/438 1734/4/438
f 1727/1/439 1728/2/439 1736/3/439
f 1727/1/440 1736/3/440 1735/4/440
f 1728/1/441 1722/2/441 1730/3/441
f 1728/1/442 1730/3/442 1736/4/442
f 1730/1/382 1729/2/382 1322/3/382
f 1730/1/382 1322/3/382 1321/4/382
f 1729/1/381 1731/2/381 1325/3/381
f 1729/1/381 1325/3/381 1322/4/381
f 1731/1/380 1732/2/380 1327/3/380
f 1731/1/380 1327/3/380 1325/4/380
f 1732/1/379 1733/2/379 1329/3/379
f 1732/1/379 1329/3/379 1327/4/379
f 1733/1/386 1734/2/386 1331/3/386
f 1733/1/386 1331/3/386 1329/4/386
f 1734/1/385 1735/2/385 1333/3/385
f 1734/1/385 1333/3/385 1331/4/385
f 1735/1/384 1736/2/384 1335/3/384
f 1735/1/384 1335/3/384 1333/4/384
f 1736/1/383 1730/2/383 1321/3/383
f 1736/1/383 1321/3/383 1335/4/383
g corner_joinery
f 1737/1/443 1738/5/443 1739/41/443
f 1737/1/444 1739/41/444 1740/42/444
f 1738/5/445 1741/8/445 1742/43/445
f 1738/5/446 1742/43/446 1739/41/446
f 1741/8/447 1743/10/447 1744/44/447
f 1741/8/448 1744/44/448 1742/43/448
f 1743/10/449 1745/12/449 1746/45/449
f 1743/10/450 1746/45/450 1744/44/450
f 1745/12/451 1747/14/451 1748/46/451
f 1745/12/452 1748/46/452 1746/45/452
f 1747/14/453 1749/16/453 1750/47/453
f 1747/14/454 1750/47/454 1748/46/454
f 1749/16/455 1751/18/455 1752/48/455
f 1749/16/456 1752/48/456 1750/47/456
f 1751/18/457 1737/2/457 1740/49/457
f 1751/18/458 1740/49/458 1752/48/458
f 1740/42/459 1739/41/459 1753/6/459
f 1740/42/459 1753/6/459 1754/7/459
f 1739/41/460 1742/43/460 1755/9/460
f 1739/41/460 1755/9/460 1753/6/460
f 1742/43/461 1744/44/461 1756/11/461
f 1742/43/461 1756/11/461 1755/9/461
f 1744/44/462 1746/45/462 1757/13/462
f 1744/44/462 1757/13/462 1756/11/462
f 1746/45/463 1748/46/463 1758/15/463
f 1746/45/463 1758/15/463 1757/13/463
f 1748/46/464 1750/47/464 1759/17/464
f 1748/46/464 1759/17/464 1758/15/464
f 1750/47/465 1752/48/465 1760/19/465
f 1750/47/465 1760/19/465 1759/17/465
f 1752/48/466 1740/49/466 1754/20/466
f 1752/48/466 1754/20/466 1760/19/466
f 1754/7/467 1753/6/467 1761/50/467
f 1754/7/468 1761/50/468 1762/51/468
f 1753/6/469 1755/9/469 1763/52/469
f 1753/6/470 1763/52/470 1761/50/470
f 1755/9/471 1756/11/471 1764/53/471
f 1755/9/472 1764/53/472 1763/52/472
f 1756/11/473 1757/13/473 1765/54/473
f 1756/11/474 1765/54/474 1764/53/474
f 1757/13/475 1758/15/475 1766/55/475
f 1757/13/476 1766/55/476 1765/54/476
f 1758/15/477 1759/17/477 1767/56/477
f 1758/15/478 1767/56/478 1766/55/478
f 1759/17/479 1760/19/479 1768/57/479
f 1759/17/480 1768/57/480 1767/56/480
f 1760/19/481 1754/20/481 1762/58/481
f 1760/19/482 1762/58/482 1768/57/482
f 1769/59/483 1738/60/483 1737/59/483
f 1769/59/483 1741/61/483 1738/60/483
f 1769/59/483 1743/60/483 1741/61/483
f 1769/59/483 1745/59/483 1743/60/483
f 1769/59/483 1747/62/483 1745/59/483
f 1769/59/483 1749/63/483 1747/62/483
f 1769/59/483 1751/62/483 1749/63/483
f 1769/59/483 1737/59/483 1751/62/483
f 1770/64/484 1762/65/484 1761/66/484
f 1770/64/484 1761/66/484 1763/67/484
f 1770/64/484 1763/67/484 1764/68/484
f 1770/64/484 1764/68/484 1765/69/484
f 1770/64/484 1765/69/484 1766/70/484
f 1770/64/484 1766/70/484 1767/71/484
f 1770/64/484 1767/71/484 1768/72/484
f 1770/64/484 1768/72/484 1762/65/484
f 1771/1/443 1772/5/443 1773/41/443
f 1771/1/444 1773/41/444 1774/42/444
f 1772/5/445 1775/8/445 1776/43/445
f 1772/5/446 1776/43/446 1773/41/446
f 1775/8/447 1777/10/447 1778/44/447
f 1775/8/448 1778/44/448 1776/43/448
f 1777/10/449 1779/12/449 1780/45/449
f 1777/10/450 1780/45/450 1778/44/450
f 1779/12/451 1781/14/451 1782/46/451
f 1779/12/452 1782/46/452 1780/45/452
f 1781/14/453 1783/16/453 1784/47/453
f 1781/14/454 1784/47/454 1782/46/454
f 1783/16/455 1785/18/455 1786/48/455
f 1783/16/456 1786/48/456 1784/47/456
f 1785/18/457 1771/2/457 1774/49/457
f 1785/18/458 1774/49/458 1786/48/458
f 1774/42/459 1773/41/459 1787/6/459
f 1774/42/459 1787/6/459 1788/7/459
f 1773/41/460 1776/43/460 1789/9/460
f 1773/41/460 1789/9/460 1787/6/460
f 1776/43/461 1778/44/461 1790/11/461
f 1776/43/461 1790/11/461 1789/9/461
f 1778/44/462 1780/45/462 1791/13/462
f 1778/44/462 1791/13/462 1790/11/462
f 1780/45/463 1782/46/463 1792/15/463
f 1780/45/463 1792/15/463 1791/13/463
f 1782/46/464 1784/47/464 1793/17/464
f 1782/46/464 1793/17/464 1792/15/464
f 1784/47/465 1786/48/465 1794/19/465
f 1784/47/465 1794/19/465 1793/17/465
f 1786/48/466 1774/49/466 1788/20/466
f 1786/48/466 1788/20/466 1794/19/466
f 1788/7/467 1787/6/467 1795/50/467
f 1788/7/468 1795/50/468 1796/51/468
f 1787/6/469 1789/9/469 1797/52/469
f 1787/6/470 1797/52/470 1795/50/470
f 1789/9/471 1790/11/471 1798/53/471
f 1789/9/472 1798/53/472 1797/52/472
f 1790/11/473 1791/13/473 1799/54/473
f 1790/11/474 1799/54/474 1798/53/474
f 1791/13/475 1792/15/475 1800/55/475
f 1791/13/476 1800/55/476 1799/54/476
f 1792/15/477 1793/17/477 1801/56/477
f 1792/15/478 1801/56/478 1800/55/478
f 1793/17/479 1794/19/479 1802/57/479
f 1793/17/480 1802/57/480 1801/56/480
f 1794/19/481 1788/20/481 1796/58/481
f 1794/19/482 1796/58/482 1802/57/482
f 1803/73/483 1772/74/483 1771/73/483
f 1803/73/483 1775/75/483 1772/74/483
f 1803/73/483 1777/74/483 1775/75/483
f 1803/73/483 1779/73/483 1777/74/483
f 1803/73/483 1781/76/483 1779/73/483
f 1803/73/483 1783/77/483 1781/76/483
f 1803/73/483 1785/76/483 1783/77/483
f 1803/73/483 1771/73/483 1785/76/483
f 1804/78/484 1796/79/484 1795/80/484
f 1804/78/484 1795/80/484 1797/81/484
f 1804/78/484 1797/81/484 1798/82/484
f 1804/78/484 1798/82/484 1799/83/484
f 1804/78/484 1799/83/484 1800/84/484
f 1804/78/484 1800/84/484 1801/85/484
f 1804/78/484 1801/85/484 1802/86/484
f 1804/78/484 1802/86/484 1796/79/484
f 1805/1/485 1806/5/485 1807/41/485
f 1805/1/486 1807/41/486 1808/42/486
f 1806/5/445 1809/8/445 1810/43/445
f 1806/5/487 1810/43/487 1807/41/487
f 1809/8/488 1811/10/488 1812/44/488
f 1809/8/448 1812/44/448 1810/43/448
f 1811/10/489 1813/12/489 1814/45/489
f 1811/10/490 1814/45/490 1812/44/490
f 1813/12/491 1815/14/491 1816/46/491
f 1813/12/492 1816/46/492 1814/45/492
f 1815/14/453 1817/16/453 1818/47/453
f 1815/14/493 1818/47/493 1816/46/493
f 1817/16/494 1819/18/494 1820/48/494
f 1817/16/456 1820/48/456 1818/47/456
f 1819/18/495 1805/2/495 1808/49/495
f 1819/18/496 1808/49/496 1820/48/496
f 1808/42/497 1807/41/497 1821/6/497
f 1808/42/497 1821/6/497 1822/7/497
f 1807/41/498 1810/43/498 1823/9/498
f 1807/41/498 1823/9/498 1821/6/498
f 1810/43/499 1812/44/499 1824/11/499
f 1810/43/499 1824/11/499 1823/9/499
f 1812/44/500 1814/45/500 1825/13/500
f 1812/44/500 1825/13/500 1824/11/500
f 1814/45/501 1816/46/501 1826/15/501
f 1814/45/501 1826/15/501 1825/13/501
f 1816/46/502 1818/47/502 1827/17/502
f 1816/46/502 1827/17/502 1826/15/502
f 1818/47/503 1820/48/503 1828/19/503
f 1818/47/503 1828/19/503 1827/17/503
f 1820/48/504 1808/49/504 1822/20/504
f 1820/48/504 1822/20/504 1828/19/504
f 1822/7/505 1821/6/505 1829/50/505
f 1822/7/506 1829/50/506 1830/51/506
f 1821/6/507 1823/9/507 1831/52/507
f 1821/6/508 1831/52/508 1829/50/508
f 1823/9/509 1824/11/509 1832/53/509
f 1823/9/510 1832/53/510 1831/52/510
f 1824/11/511 1825/13/511 1833/54/511
f 1824/11/512 1833/54/512 1832/53/512
f 1825/13/513 1826/15/513 1834/55/513
f 1825/13/514 1834/55/514 1833/54/514
f 1826/15/515 1827/17/515 1835/56/515
f 1826/15/516 1835/56/516 1834/55/516
f 1827/17/517 1828/19/517 1836/57/517
f 1827/17/518 1836/57/518 1835/56/518
f 1828/19/519 1822/20/519 1830/58/519
f 1828/19/520 1830/58/520 1836/57/520
f 1837/59/483 1806/60/483 1805/59/483
f 1837/59/483 1809/61/483 1806/60/483
f 1837/59/483 1811/60/483 1809/61/483
f 1837/59/483 1813/59/483 1811/60/483
f 1837/59/483 1815/62/483 1813/59/483
f 1837/59/483 1817/63/483 1815/62/483
f 1837/59/483 1819/62/483 1817/63/483
f 1837/59/483 1805/59/483 1819/62/483
f 1838/64/521 1830/69/521 1829/68/521
f 1838/64/521 1829/68/521 1831/67/521
f 1838/64/521 1831/67/521 1832/66/521
f 1838/64/521 1832/66/521 1833/65/521
f 1838/64/521 1833/65/521 1834/72/521
f 1838/64/521 1834/72/521 1835/71/521
f 1838/64/521 1835/71/521 1836/70/521
f 1838/64/521 1836/70/521 1830/69/521
f 1839/1/485 1840/5/485 1841/41/485
f 1839/1/486 1841/41/486 1842/42/486
f 1840/5/445 1843/8/445 1844/43/445
f 1840/5/487 1844/43/487 1841/41/487
f 1843/8/488 1845/10/488 1846/44/488
f 1843/8/448 1846/44/448 1844/43/448
f 1845/10/489 1847/12/489 1848/45/489
f 1845/10/490 1848/45/490 1846/44/490
f 1847/12/491 1849/14/491 1850/46/491
f 1847/12/492 1850/46/492 1848/45/492
f 1849/14/453 1851/16/453 1852/47/453
f 1849/14/493 1852/47/493 1850/46/493
f 1851/16/494 1853/18/494 1854/48/494
f 1851/16/456 1854/48/456 1852/47/456
f 1853/18/495 1839/2/495 1842/49/495
f 1853/18/496 1842/49/496 1854/48/496
f 1842/42/497 1841/41/497 1855/6/497
f 1842/42/497 1855/6/497 1856/7/497
f 1841/41/498 1844/43/498 1857/9/498
f 1841/41/498 1857/9/498 1855/6/498
f 1844/43/499 1846/44/499 1858/11/499
f 1844/43/499 1858/11/499 1857/9/499
f 1846/44/500 1848/45/500 1859/13/500
f 1846/44/500 1859/13/500 1858/11/500
f 1848/45/501 1850/46/501 1860/15/501
f 1848/45/501 1860/15/501 1859/13/501
f 1850/46/502 1852/47/502 1861/17/502
f 1850/46/502 1861/17/502 1860/15/502
f 1852/47/503 1854/48/503 1862/19/503
f 1852/47/503 1862/19/503 1861/17/503
f 1854/48/504 1842/49/504 1856/20/504
f 1854/48/504 1856/20/504 1862/19/504
f 1856/7/505 1855/6/505 1863/50/505
f 1856/7/506 1863/50/506 1864/51/506
f 1855/6/507 1857/9/507 1865/52/507
f 1855/6/508 1865/52/508 1863/50/508
f 1857/9/509 1858/11/509 1866/53/509
f 1857/9/510 1866/53/510 1865/52/510
f 1858/11/511 1859/13/511 1867/54/511
f 1858/11/512 1867/54/512 1866/53/512
f 1859/13/513 1860/15/513 1868/55/513
f 1859/13/514 1868/55/514 1867/54/514
f 1860/15/515 1861/17/515 1869/56/515
f 1860/15/516 1869/56/516 1868/55/516
f 1861/17/517 1862/19/517 1870/57/517
f 1861/17/518 1870/57/518 1869/56/518
f 1862/19/519 1856/20/519 1864/58/519
f 1862/19/520 1864/58/520 1870/57/520
f 1871/73/483 1840/74/483 1839/73/483
f 1871/73/483 1843/75/483 1840/74/483
f 1871/73/483 1845/74/483 1843/75/483
f 1871/73/483 1847/73/483 1845/74/483
f 1871/73/483 1849/76/483 1847/73/483
f 1871/73/483 1851/77/483 1849/76/483
f 1871/73/483 1853/76/483 1851/77/483
f 1871/73/483 1839/73/483 1853/76/483
f 1872/78/521 1864/83/521 1863/82/521
f 1872/78/521 1863/82/521 1865/81/521
f 1872/78/521 1865/81/521 1866/80/521
f 1872/78/521 1866/80/521 1867/79/521
f 1872/78/521 1867/79/521 1868/86/521
f 1872/78/521 1868/86/521 1869/85/521
f 1872/78/521 1869/85/521 1870/84/521
f 1872/78/521 1870/84/521 1864/83/521
f 1873/1/522 1874/5/522 1875/41/522
f 1873/1/523 1875/41/523 1876/42/523
f 1874/5/524 1877/8/524 1878/43/524
f 1874/5/525 1878/43/525 1875/41/525
f 1877/8/526 1879/10/526 1880/44/526
f 1877/8/527 1880/44/527 1878/43/527
f 1879/10/528 1881/12/528 1882/45/528
f 1879/10/529 1882/45/529 1880/44/529
f 1881/12/530 1883/14/530 1884/46/530
f 1881/12/531 1884/46/531 1882/45/531
f 1883/14/532 1885/16/532 1886/47/532
f 1883/14/533 1886/47/533 1884/46/533
f 1885/16/534 1887/18/534 1888/48/534
f 1885/16/535 1888/48/535 1886/47/535
f 1887/18/536 1873/2/536 1876/49/536
f 1887/18/537 1876/49/537 1888/48/537
f 1876/42/500 1875/41/500 1889/6/500
f 1876/42/500 1889/6/500 1890/7/500
f 1875/41/499 1878/43/499 1891/9/499
f 1875/41/499 1891/9/499 1889/6/499
f 1878/43/498 1880/44/498 1892/11/498
f 1878/43/498 1892/11/498 1891/9/498
f 1880/44/497 1882/45/497 1893/13/497
f 1880/44/497 1893/13/497 1892/11/497
f 1882/45/504 1884/46/504 1894/15/504
f 1882/45/504 1894/15/504 1893/13/504
f 1884/46/503 1886/47/503 1895/17/503
f 1884/46/503 1895/17/503 1894/15/503
f 1886/47/502 1888/48/502 1896/19/502
f 1886/47/502 1896/19/502 1895/17/502
f 1888/48/501 1876/49/501 1890/20/501
f 1888/48/501 1890/20/501 1896/19/501
f 1890/7/538 1889/6/538 1897/50/538
f 1890/7/539 1897/50/539 1898/51/539
f 1889/6/469 1891/9/469 1899/52/469
f 1889/6/540 1899/52/540 1897/50/540
f 1891/9/541 1892/11/541 1900/53/541
f 1891/9/472 1900/53/472 1899/52/472
f 1892/11/542 1893/13/542 1901/54/542
f 1892/11/543 1901/54/543 1900/53/543
f 1893/13/544 1894/15/544 1902/55/544
f 1893/13/545 1902/55/545 1901/54/545
f 1894/15/477 1895/17/477 1903/56/477
f 1894/15/546 1903/56/546 1902/55/546
f 1895/17/547 1896/19/547 1904/57/547
f 1895/17/480 1904/57/480 1903/56/480
f 1896/19/548 1890/20/548 1898/58/548
f 1896/19/549 1898/58/549 1904/57/549
f 1905/87/550 1874/88/550 1873/87/550
f 1905/87/550 1877/89/550 1874/88/550
f 1905/87/550 1879/88/550 1877/89/550
f 1905/87/550 1881/87/550 1879/88/550
f 1905/87/550 1883/90/550 1881/87/550
f 1905/87/550 1885/91/550 1883/90/550
f 1905/87/550 1887/90/550 1885/91/550
f 1905/87/550 1873/87/550 1887/90/550
f 1906/92/484 1898/93/484 1897/94/484
f 1906/92/484 1897/94/484 1899/95/484
f 1906/92/484 1899/95/484 1900/96/484
f 1906/92/484 1900/96/484 1901/97/484
f 1906/92/484 1901/97/484 1902/98/484
f 1906/92/484 1902/98/484 1903/99/484
f 1906/92/484 1903/99/484 1904/100/484
f 1906/92/484 1904/100/484 1898/93/484
f 1907/1/522 1908/5/522 1909/41/522
f 1907/1/523 1909/41/523 1910/42/523
f 1908/5/524 1911/8/524 1912/43/524
f 1908/5/525 1912/43/525 1909/41/525
f 1911/8/526 1913/10/526 1914/44/526
f 1911/8/527 1914/44/527 1912/43/527
f 1913/10/528 1915/12/528 1916/45/528
f 1913/10/529 1916/45/529 1914/44/529
f 1915/12/530 1917/14/530 1918/46/530
f 1915/12/531 1918/46/531 1916/45/531
f 1917/14/532 1919/16/532 1920/47/532
f 1917/14/533 1920/47/533 1918/46/533
f 1919/16/534 1921/18/534 1922/48/534
f 1919/16/535 1922/48/535 1920/47/535
f 1921/18/536 1907/2/536 1910/49/536
f 1921/18/537 1910/49/537 1922/48/537
f 1910/42/500 1909/41/500 1923/6/500
f 1910/42/500 1923/6/500 1924/7/500
f 1909/41/499 1912/43/499 1925/9/499
f 1909/41/499 1925/9/499 1923/6/499
f 1912/43/498 1914/44/498 1926/11/498
f 1912/43/498 1926/11/498 1925/9/498
f 1914/44/497 1916/45/497 1927/13/497
f 1914/44/497 1927/13/497 1926/11/497
f 1916/45/504 1918/46/504 1928/15/504
f 1916/45/504 1928/15/504 1927/13/504
f 1918/46/503 1920/47/503 1929/17/503
f 1918/46/503 1929/17/503 1928/15/503
f 1920/47/502 1922/48/502 1930/19/502
f 1920/47/502 1930/19/502 1929/17/502
f 1922/48/501 1910/49/501 1924/20/501
f 1922/48/501 1924/20/501 1930/19/501
f 1924/7/538 1923/6/538 1931/50/538
f 1924/7/539 1931/50/539 1932/51/539
f 1923/6/469 1925/9/469 1933/52/469
f 1923/6/540 1933/52/540 1931/50/540
f 1925/9/541 1926/11/541 1934/53/541
f 1925/9/472 1934/53/472 1933/52/472
f 1926/11/542 1927/13/542 1935/54/542
f 1926/11/543 1935/54/543 1934/53/543
f 1927/13/544 1928/15/544 1936/55/544
f 1927/13/545 1936/55/545 1935/54/545
f 1928/15/477 1929/17/477 1937/56/477
f 1928/15/546 1937/56/546 1936/55/546
f 1929/17/547 1930/19/547 1938/57/547
f 1929/17/480 1938/57/480 1937/56/480
f 1930/19/548 1924/20/548 1932/58/548
f 1930/19/549 1932/58/549 1938/57/549
f 1939/101/550 1908/102/550 1907/101/550
f 1939/101/550 1911/103/550 1908/102/550
f 1939/101/550 1913/102/550 1911/103/550
f 1939/101/550 1915/101/550 1913/102/550
f 1939/101/550 1917/104/550 1915/101/550
f 1939/101/550 1919/105/550 1917/104/550
f 1939/101/550 1921/104/550 1919/105/550
f 1939/101/550 1907/101/550 1921/104/550
f 1940/106/484 1932/107/484 1931/108/484
f 1940/106/484 1931/108/484 1933/109/484
f 1940/106/484 1933/109/484 1934/110/484
f 1940/106/484 1934/110/484 1935/111/484
f 1940/106/484 1935/111/484 1936/112/484
f 1940/106/484 1936/112/484 1937/113/484
f 1940/106/484 1937/113/484 1938/114/484
f 1940/106/484 1938/114/484 1932/107/484
f 1941/1/551 1942/5/551 1943/41/551
f 1941/1/552 1943/41/552 1944/42/552
f 1942/5/524 1945/8/524 1946/43/524
f 1942/5/553 1946/43/553 1943/41/553
f 1945/8/554 1947/10/554 1948/44/554
f 1945/8/527 1948/44/527 1946/43/527
f 1947/10/555 1949/12/555 1950/45/555
f 1947/10/556 1950/45/556 1948/44/556
f 1949/12/557 1951/14/557 1952/46/557
f 1949/12/558 1952/46/558 1950/45/558
f 1951/14/532 1953/16/532 1954/47/532
f 1951/14/559 1954/47/559 1952/46/559
f 1953/16/560 1955/18/560 1956/48/560
f 1953/16/535 1956/48/535 1954/47/535
f 1955/18/561 1941/2/561 1944/49/561
f 1955/18/562 1944/49/562 1956/48/562
f 1944/42/462 1943/41/462 1957/6/462
f 1944/42/462 1957/6/462 1958/7/462
f 1943/41/461 1946/43/461 1959/9/461
f 1943/41/461 1959/9/461 1957/6/461
f 1946/43/460 1948/44/460 1960/11/460
f 1946/43/460 1960/11/460 1959/9/460
f 1948/44/459 1950/45/459 1961/13/459
f 1948/44/459 1961/13/459 1960/11/459
f 1950/45/466 1952/46/466 1962/15/466
f 1950/45/466 1962/15/466 1961/13/466
f 1952/46/465 1954/47/465 1963/17/465
f 1952/46/465 1963/17/465 1962/15/465
f 1954/47/464 1956/48/464 1964/19/464
f 1954/47/464 1964/19/464 1963/17/464
f 1956/48/463 1944/49/463 1958/20/463
f 1956/48/463 1958/20/463 1964/19/463
f 1958/7/563 1957/6/563 1965/50/563
f 1958/7/564 1965/50/564 1966/51/564
f 1957/6/507 1959/9/507 1967/52/507
f 1957/6/565 1967/52/565 1965/50/565
f 1959/9/566 1960/11/566 1968/53/566
f 1959/9/510 1968/53/510 1967/52/510
f 1960/11/567 1961/13/567 1969/54/567
f 1960/11/568 1969/54/568 1968/53/568
f 1961/13/569 1962/15/569 1970/55/569
f 1961/13/570 1970/55/570 1969/54/570
f 1962/15/515 1963/17/515 1971/56/515
f 1962/15/571 1971/56/571 1970/55/571
f 1963/17/572 1964/19/572 1972/57/572
f 1963/17/518 1972/57/518 1971/56/518
f 1964/19/573 1958/20/573 1966/58/573
f 1964/19/574 1966/58/574 1972/57/574
f 1973/87/550 1942/88/550 1941/87/550
f 1973/87/550 1945/89/550 1942/88/550
f 1973/87/550 1947/88/550 1945/89/550
f 1973/87/550 1949/87/550 1947/88/550
f 1973/87/550 1951/90/550 1949/87/550
f 1973/87/550 1953/91/550 1951/90/550
f 1973/87/550 1955/90/550 1953/91/550
f 1973/87/550 1941/87/550 1955/90/550
f 1974/92/521 1966/97/521 1965/96/521
f 1974/92/521 1965/96/521 1967/95/521
f 1974/92/521 1967/95/521 1968/94/521
f 1974/92/521 1968/94/521 1969/93/521
f 1974/92/521 1969/93/521 1970/100/521
f 1974/92/521 1970/100/521 1971/99/521
f 1974/92/521 1971/99/521 1972/98/521
f 1974/92/521 1972/98/521 1966/97/521
f 1975/1/551 1976/5/551 1977/41/551
f 1975/1/552 1977/41/552 1978/42/552
f 1976/5/524 1979/8/524 1980/43/524
f 1976/5/553 1980/43/553 1977/41/553
f 1979/8/554 1981/10/554 1982/44/554
f 1979/8/527 1982/44/527 1980/43/527
f 1981/10/555 1983/12/555 1984/45/555
f 1981/10/556 1984/45/556 1982/44/556
f 1983/12/557 1985/14/557 1986/46/557
f 1983/12/558 1986/46/558 1984/45/558
f 1985/14/532 1987/16/532 1988/47/532
f 1985/14/559 1988/47/559 1986/46/559
f 1987/16/560 1989/18/560 1990/48/560
f 1987/16/535 1990/48/535 1988/47/535
f 1989/18/561 1975/2/561 1978/49/561
f 1989/18/562 1978/49/562 1990/48/562
f 1978/42/462 1977/41/462 1991/6/462
f 1978/42/462 1991/6/462 1992/7/462
f 1977/41/461 1980/43/461 1993/9/461
f 1977/41/461 1993/9/461 1991/6/461
f 1980/43/460 1982/44/460 1994/11/460
f 1980/43/460 1994/11/460 1993/9/460
f 1982/44/459 1984/45/459 1995/13/459
f 1982/44/459 1995/13/459 1994/11/459
f 1984/45/466 1986/46/466 1996/15/466
f 1984/45/466 1996/15/466 1995/13/466
f 1986/46/465 1988/47/465 1997/17/465
f 1986/46/465 1997/17/465 1996/15/465
f 1988/47/464 1990/48/464 1998/19/464
f 1988/47/464 1998/19/464 1997/17/464
f 1990/48/463 1978/49/463 1992/20/463
f 1990/48/463 1992/20/463 1998/19/463
f 1992/7/563 1991/6/563 1999/50/563
f 1992/7/564 1999/50/564 2000/51/564
f 1991/6/507 1993/9/507 2001/52/507
f 1991/6/565 2001/52/565 1999/50/565
f 1993/9/566 1994/11/566 2002/53/566
f 1993/9/510 2002/53/510 2001/52/510
f 1994/11/567 1995/13/567 2003/54/567
f 1994/11/568 2003/54/568 2002/53/568
f 1995/13/569 1996/15/569 2004/55/569
f 1995/13/570 2004/55/570 2003/54/570
f 1996/15/515 1997/17/515 2005/56/515
f 1996/15/571 2005/56/571 2004/55/571
f 1997/17/572 1998/19/572 2006/57/572
f 1997/17/518 2006/57/518 2005/56/518
f 1998/19/573 1992/20/573 2000/58/573
f 1998/19/574 2000/58/574 2006/57/574
f 2007/101/550 1976/102/550 1975/101/550
f 2007/101/550 1979/103/550 1976/102/550
f 2007/101/550 1981/102/550 1979/103/550
f 2007/101/550 1983/101/550 1981/102/550
f 2007/101/550 1985/104/550 1983/101/550
f 2007/101/550 1987/105/550 1985/104/550
f 2007/101/550 1989/104/550 1987/105/550
f 2007/101/550 1975/101/550 1989/104/550
f 2008/106/521 2000/111/521 1999/110/521
f 2008/106/521 1999/110/521 2001/109/521
f 2008/106/521 2001/109/521 2002/108/521
f 2008/106/521 2002/108/521 2003/107/521
f 2008/106/521 2003/107/521 2004/114/521
f 2008/106/521 2004/114/521 2005/113/521
f 2008/106/521 2005/113/521 2006/112/521
f 2008/106/521 2006/112/521 2000/111/521
