o phone-jail-lock
v 0.022500000 -0.011500000 -0.001750000
v 0.021750000 -0.011500000 -0.002500000
v 0.021750000 -0.010787979 -0.002500000
v 0.022500000 -0.010763426 -0.001750000
v 0.021750000 -0.010550374 -0.002500000
v 0.022500000 -0.010517629 -0.001750000
v 0.021750000 -0.010074430 -0.002500000
v 0.022500000 -0.010025272 -0.001750000
v 0.021750000 -0.009357812 -0.002500000
v 0.022500000 -0.009283943 -0.001750000
v 0.021750000 -0.009213983 -0.002500000
v 0.022500000 -0.009135155 -0.001750000
v 0.021750000 -0.008636558 -0.002500000
v 0.022500000 -0.008537819 -0.001750000
v 0.021750000 -0.007909060 -0.002500000
v 0.022500000 -0.007785235 -0.001750000
v 0.021750000 -0.007860298 -0.002500000
v 0.022500000 -0.007734791 -0.001750000
v 0.021750000 -0.007173656 -0.002500000
v 0.022500000 -0.007024472 -0.001750000
v 0.021750000 -0.006478617 -0.002500000
v 0.022500000 -0.006305466 -0.001750000
v 0.021750000 -0.006428611 -0.002500000
v 0.022500000 -0.006253736 -0.001750000
v 0.021750000 -0.005672105 -0.002500000
v 0.022500000 -0.005471143 -0.001750000
v 0.021750000 -0.005057356 -0.002500000
v 0.022500000 -0.004835196 -0.001750000
v 0.021750000 -0.004902210 -0.002500000
v 0.022500000 -0.004674700 -0.001750000
v 0.021750000 -0.004116870 -0.002500000
v 0.022500000 -0.003862279 -0.001750000
v 0.021750000 -0.003583647 -0.002500000
v 0.022500000 -0.003310670 -0.001750000
v 0.021750000 -0.003313880 -0.002500000
v 0.022500000 -0.003031600 -0.001750000
v 0.021750000 -0.002490855 -0.002500000
v 0.022500000 -0.002180195 -0.001750000
v 0.021750000 -0.002042831 -0.002500000
v 0.022500000 -0.001716722 -0.001750000
v 0.021750000 -0.001645203 -0.002500000
v 0.022500000 -0.001305383 -0.001750000
v 0.021750000 -0.000774087 -0.002500000
v 0.022500000 -0.000404228 -0.001750000
v 0.021750000 -0.000417821 -0.002500000
v 0.022500000 -0.000035677 -0.001750000
v 0.021750000 -0.000383333 -0.002500000
v 0.022500000 -0.000000000 -0.001750000
v 0.021750000 -0.000000000 -0.002500000
v 0.022484737 0.000388481 -0.001750000
v 0.021749855 0.000003689 -0.002500000
v 0.022484587 0.000392295 -0.001750000
v 0.021745166 0.000123033 -0.002500000
v 0.022470565 0.000510767 -0.001750000
v 0.021736899 0.000333451 -0.002500000
v 0.022445870 0.000719411 -0.001750000
v 0.021729705 0.000394230 -0.002500000
v 0.022438442 0.000782172 -0.001750000
v 0.021697675 0.000664846 -0.002500000
v 0.022385116 0.001050261 -0.001750000
v 0.021675124 0.000778220 -0.002500000
v 0.022361850 0.001167227 -0.001750000
v 0.021633031 0.000989836 -0.002500000
v 0.022302818 0.001376538 -0.001750000
v 0.021632572 0.000992143 -0.002500000
v 0.022302175 0.001378818 -0.001750000
v 0.021587088 0.001153418 -0.002500000
v 0.022255283 0.001545085 -0.001750000
v 0.021572009 0.001206884 -0.002500000
v 0.022235802 0.001597889 -0.001750000
v 0.021541990 0.001313322 -0.002500000
v 0.022197042 0.001702952 -0.001750000
v 0.021466637 0.001517577 -0.002500000
v 0.022119398 0.001913417 -0.001750000
v 0.021426488 0.001626405 -0.002500000
v 0.022069976 0.002020621 -0.001750000
v 0.021355746 0.001779856 -0.002500000
v 0.021997109 0.002178681 -0.001750000
v 0.021314896 0.001868466 -0.002500000
v 0.021955033 0.002269952 -0.001750000
v 0.021286778 0.001929460 -0.002500000
v 0.021921473 0.002329878 -0.001750000
v 0.021133088 0.002203892 -0.002500000
v 0.021763201 0.002612493 -0.001750000
v 0.021123721 0.002220619 -0.002500000
v 0.021752255 0.002628875 -0.001750000
v 0.020941809 0.002492869 -0.002500000
v 0.021564930 0.002909226 -0.001750000
v 0.020938322 0.002498087 -0.002500000
v 0.021561340 0.002914599 -0.001750000
v 0.020920680 0.002520467 -0.002500000
v 0.021545085 0.002938926 -0.001750000
v 0.020873994 0.002579687 -0.002500000
v 0.021497006 0.002999914 -0.001750000
v 0.020731725 0.002760154 -0.002500000
v 0.021350491 0.003185767 -0.001750000
v 0.020679716 0.002816417 -0.002500000
v 0.021302030 0.003247240 -0.001750000
v 0.020505204 0.003005204 -0.002500000
v 0.021122266 0.003441708 -0.001750000
v 0.020412921 0.003090510 -0.002500000
v 0.021035534 0.003535534 -0.001750000
v 0.020390262 0.003111455 -0.002500000
v 0.021012184 0.003557118 -0.001750000
v 0.020260154 0.003231725 -0.002500000
v 0.020878108 0.003681057 -0.001750000
v 0.020121837 0.003340766 -0.002500000
v 0.020747240 0.003802030 -0.001750000
v 0.019998087 0.003438322 -0.002500000
v 0.020619645 0.003902618 -0.001750000
v 0.019808076 0.003565284 -0.002500000
v 0.020438926 0.004045085 -0.001750000
v 0.019720619 0.003623721 -0.002500000
v 0.020348684 0.004105383 -0.001750000
v 0.019714259 0.003627283 -0.002500000
v 0.020342615 0.004109438 -0.001750000
v 0.019473295 0.003762229 -0.002500000
v 0.020112493 0.004263201 -0.001750000
v 0.019429460 0.003786778 -0.002500000
v 0.020067218 0.004288556 -0.001750000
v 0.019126405 0.003926488 -0.002500000
v 0.019776895 0.004451144 -0.001750000
v 0.019118599 0.003929368 -0.002500000
v 0.019769952 0.004455033 -0.001750000
v 0.018899314 0.004010266 -0.002500000
v 0.019559489 0.004552058 -0.001750000
v 0.018813322 0.004041990 -0.002500000
v 0.019476860 0.004590150 -0.001750000
v 0.018742180 0.004062054 -0.002500000
v 0.019413417 0.004619398 -0.001750000
v 0.018492143 0.004132572 -0.002500000
v 0.019172958 0.004708108 -0.001750000
v 0.018348888 0.004161067 -0.002500000
v 0.019045085 0.004755283 -0.001750000
v 0.018164846 0.004197675 -0.002500000
v 0.018867913 0.004805250 -0.001750000
v 0.018070901 0.004208795 -0.002500000
v 0.018784203 0.004828859 -0.001750000
v 0.017939853 0.004224305 -0.002500000
v 0.018667227 0.004861850 -0.001750000
v 0.017931289 0.004225319 -0.002500000
v 0.018658983 0.004863489 -0.001750000
v 0.017833451 0.004236899 -0.002500000
v 0.018564759 0.004882232 -0.001750000
v 0.017515824 0.004249378 -0.002500000
v 0.018282172 0.004938442 -0.001750000
v 0.017500000 0.004250000 -0.002500000
v 0.018266939 0.004940245 -0.001750000
v 0.017094978 0.004250000 -0.002500000
v 0.017892295 0.004984587 -0.001750000
v 0.016816104 0.004250000 -0.002500000
v 0.017612165 0.004995593 -0.001750000
v 0.016704545 0.004250000 -0.002500000
v 0.017500000 0.005000000 -0.001750000
v 0.016027316 0.004250000 -0.002500000
v 0.016790522 0.005000000 -0.001750000
v 0.015750000 0.004250000 -0.002500000
v 0.016500000 0.005000000 -0.001750000
v 0.014751485 0.004250000 -0.002500000
v 0.015453936 0.005000000 -0.001750000
v 0.014181364 0.004250000 -0.002500000
v 0.014856667 0.005000000 -0.001750000
v 0.013812379 0.004250000 -0.002500000
v 0.014470112 0.005000000 -0.001750000
v 0.012925691 0.004250000 -0.002500000
v 0.013541200 0.005000000 -0.001750000
v 0.012528116 0.004250000 -0.002500000
v 0.013124693 0.005000000 -0.001750000
v 0.012085400 0.004250000 -0.002500000
v 0.012660895 0.005000000 -0.001750000
v 0.011286290 0.004250000 -0.002500000
v 0.011823733 0.005000000 -0.001750000
v 0.011028269 0.004250000 -0.002500000
v 0.011553424 0.005000000 -0.001750000
v 0.010523814 0.004250000 -0.002500000
v 0.011024948 0.005000000 -0.001750000
v 0.009793979 0.004250000 -0.002500000
v 0.010260359 0.005000000 -0.001750000
v 0.009651612 0.004250000 -0.002500000
v 0.010111213 0.005000000 -0.001750000
v 0.009093267 0.004250000 -0.002500000
v 0.009526279 0.005000000 -0.001750000
v 0.008418550 0.004250000 -0.002500000
v 0.008819434 0.005000000 -0.001750000
v 0.008374424 0.004250000 -0.002500000
v 0.008773206 0.005000000 -0.001750000
v 0.007767040 0.004250000 -0.002500000
v 0.008136900 0.005000000 -0.001750000
v 0.007177689 0.004250000 -0.002500000
v 0.007519483 0.005000000 -0.001750000
v 0.007136232 0.004250000 -0.002500000
v 0.007476053 0.005000000 -0.001750000
v 0.006523864 0.004250000 -0.002500000
v 0.006834524 0.005000000 -0.001750000
v 0.006045859 0.004250000 -0.002500000
v 0.006333757 0.005000000 -0.001750000
v 0.005927880 0.004250000 -0.002500000
v 0.006210160 0.005000000 -0.001750000
v 0.005346405 0.004250000 -0.002500000
v 0.005600995 0.005000000 -0.001750000
v 0.004965956 0.004250000 -0.002500000
v 0.005202430 0.005000000 -0.001750000
v 0.004777710 0.004250000 -0.002500000
v 0.005005220 0.005000000 -0.001750000
v 0.004220200 0.004250000 -0.002500000
v 0.004421162 0.005000000 -0.001750000
v 0.003926916 0.004250000 -0.002500000
v 0.004113912 0.005000000 -0.001750000
v 0.003672385 0.004250000 -0.002500000
v 0.003847260 0.005000000 -0.001750000
v 0.003132870 0.004250000 -0.002500000
v 0.003282054 0.005000000 -0.001750000
v 0.002919090 0.004250000 -0.002500000
v 0.003058094 0.005000000 -0.001750000
v 0.002600336 0.004250000 -0.002500000
v 0.002724161 0.005000000 -0.001750000
v 0.002073527 0.004250000 -0.002500000
v 0.002172266 0.005000000 -0.001750000
v 0.001933857 0.004250000 -0.002500000
v 0.002025945 0.005000000 -0.001750000
v 0.001551240 0.004250000 -0.002500000
v 0.001625108 0.005000000 -0.001750000
v 0.001032310 0.004250000 -0.002500000
v 0.001081467 0.005000000 -0.001750000
v 0.000963311 0.004250000 -0.002500000
v 0.001009183 0.005000000 -0.001750000
v 0.000515602 0.004250000 -0.002500000
v 0.000540154 0.005000000 -0.001750000
v -0.000000000 0.004250000 -0.002500000
v -0.000000000 0.005000000 -0.001750000
v -0.000515602 0.004250000 -0.002500000
v -0.000540154 0.005000000 -0.001750000
v -0.000963311 0.004250000 -0.002500000
v -0.001009183 0.005000000 -0.001750000
v -0.001032310 0.004250000 -0.002500000
v -0.001081467 0.005000000 -0.001750000
v -0.001551240 0.004250000 -0.002500000
v -0.001625108 0.005000000 -0.001750000
v -0.001933857 0.004250000 -0.002500000
v -0.002025945 0.005000000 -0.001750000
v -0.002073527 0.004250000 -0.002500000
v -0.002172266 0.005000000 -0.001750000
v -0.002600336 0.004250000 -0.002500000
v -0.002724161 0.005000000 -0.001750000
v -0.002919090 0.004250000 -0.002500000
v -0.003058094 0.005000000 -0.001750000
v -0.003132870 0.004250000 -0.002500000
v -0.003282054 0.005000000 -0.001750000
v -0.003672385 0.004250000 -0.002500000
v -0.003847260 0.005000000 -0.001750000
v -0.003926916 0.004250000 -0.002500000
v -0.004113912 0.005000000 -0.001750000
v -0.004220200 0.004250000 -0.002500000
v -0.004421162 0.005000000 -0.001750000
v -0.004777710 0.004250000 -0.002500000
v -0.005005220 0.005000000 -0.001750000
v -0.004965956 0.004250000 -0.002500000
v -0.005202430 0.005000000 -0.001750000
v -0.005346405 0.004250000 -0.002500000
v -0.005600995 0.005000000 -0.001750000
v -0.005927880 0.004250000 -0.002500000
v -0.006210160 0.005000000 -0.001750000
v -0.006045859 0.004250000 -0.002500000
v -0.006333757 0.005000000 -0.001750000
v -0.006523864 0.004250000 -0.002500000
v -0.006834524 0.005000000 -0.001750000
v -0.007136232 0.004250000 -0.002500000
v -0.007476053 0.005000000 -0.001750000
v -0.007177689 0.004250000 -0.002500000
v -0.007519483 0.005000000 -0.001750000
v -0.007767040 0.004250000 -0.002500000
v -0.008136900 0.005000000 -0.001750000
v -0.008374424 0.004250000 -0.002500000
v -0.008773206 0.005000000 -0.001750000
v -0.008418550 0.004250000 -0.002500000
v -0.008819434 0.005000000 -0.001750000
v -0.009093267 0.004250000 -0.002500000
v -0.009526279 0.005000000 -0.001750000
v -0.009651612 0.004250000 -0.002500000
v -0.010111213 0.005000000 -0.001750000
v -0.009793979 0.004250000 -0.002500000
v -0.010260359 0.005000000 -0.001750000
v -0.010523814 0.004250000 -0.002500000
v -0.011024948 0.005000000 -0.001750000
v -0.011028269 0.004250000 -0.002500000
v -0.011553424 0.005000000 -0.001750000
v -0.011286290 0.004250000 -0.002500000
v -0.011823733 0.005000000 -0.001750000
v -0.012085400 0.004250000 -0.002500000
v -0.012660895 0.005000000 -0.001750000
v -0.012528116 0.004250000 -0.002500000
v -0.013124693 0.005000000 -0.001750000
v -0.012925691 0.004250000 -0.002500000
v -0.013541200 0.005000000 -0.001750000
v -0.013812379 0.004250000 -0.002500000
v -0.014470112 0.005000000 -0.001750000
v -0.014181364 0.004250000 -0.002500000
v -0.014856667 0.005000000 -0.001750000
v -0.014751485 0.004250000 -0.002500000
v -0.015453936 0.005000000 -0.001750000
v -0.015750000 0.004250000 -0.002500000
v -0.016500000 0.005000000 -0.001750000
v -0.016027316 0.004250000 -0.002500000
v -0.016790522 0.005000000 -0.001750000
v -0.016704545 0.004250000 -0.002500000
v -0.017500000 0.005000000 -0.001750000
v -0.016816104 0.004250000 -0.002500000
v -0.017612165 0.004995593 -0.001750000
v -0.017094978 0.004250000 -0.002500000
v -0.017892295 0.004984587 -0.001750000
v -0.017500000 0.004250000 -0.002500000
v -0.018266939 0.004940245 -0.001750000
v -0.017515824 0.004249378 -0.002500000
v -0.018282172 0.004938442 -0.001750000
v -0.017833451 0.004236899 -0.002500000
v -0.018564759 0.004882232 -0.001750000
v -0.017931289 0.004225319 -0.002500000
v -0.018658983 0.004863489 -0.001750000
v -0.017939853 0.004224305 -0.002500000
v -0.018667227 0.004861850 -0.001750000
v -0.018070901 0.004208795 -0.002500000
v -0.018784203 0.004828859 -0.001750000
v -0.018164846 0.004197675 -0.002500000
v -0.018867913 0.004805250 -0.001750000
v -0.018348888 0.004161067 -0.002500000
v -0.019045085 0.004755283 -0.001750000
v -0.018492143 0.004132572 -0.002500000
v -0.019172958 0.004708108 -0.001750000
v -0.018742180 0.004062054 -0.002500000
v -0.019413417 0.004619398 -0.001750000
v -0.018813322 0.004041990 -0.002500000
v -0.019476860 0.004590150 -0.001750000
v -0.018899314 0.004010266 -0.002500000
v -0.019559489 0.004552058 -0.001750000
v -0.019118599 0.003929368 -0.002500000
v -0.019769952 0.004455033 -0.001750000
v -0.019126405 0.003926488 -0.002500000
v -0.019776895 0.004451144 -0.001750000
v -0.019429460 0.003786778 -0.002500000
v -0.020067218 0.004288556 -0.001750000
v -0.019473295 0.003762229 -0.002500000
v -0.020112493 0.004263201 -0.001750000
v -0.019714259 0.003627283 -0.002500000
v -0.020342615 0.004109438 -0.001750000
v -0.019720619 0.003623721 -0.002500000
v -0.020348684 0.004105383 -0.001750000
v -0.019808076 0.003565284 -0.002500000
v -0.020438926 0.004045085 -0.001750000
v -0.019998087 0.003438322 -0.002500000
v -0.020619645 0.003902618 -0.001750000
v -0.020121837 0.003340766 -0.002500000
v -0.020747240 0.003802030 -0.001750000
v -0.020260154 0.003231725 -0.002500000
v -0.020878108 0.003681057 -0.001750000
v -0.020390262 0.003111455 -0.002500000
v -0.021012184 0.003557118 -0.001750000
v -0.020412921 0.003090510 -0.002500000
v -0.021035534 0.003535534 -0.001750000
v -0.020505204 0.003005204 -0.002500000
v -0.021122266 0.003441708 -0.001750000
v -0.020679716 0.002816417 -0.002500000
v -0.021302030 0.003247240 -0.001750000
v -0.020731725 0.002760154 -0.002500000
v -0.021350491 0.003185767 -0.001750000
v -0.020873994 0.002579687 -0.002500000
v -0.021497006 0.002999914 -0.001750000
v -0.020920680 0.002520467 -0.002500000
v -0.021545085 0.002938926 -0.001750000
v -0.020938322 0.002498087 -0.002500000
v -0.021561340 0.002914599 -0.001750000
v -0.020941809 0.002492869 -0.002500000
v -0.021564930 0.002909226 -0.001750000
v -0.021123721 0.002220619 -0.002500000
v -0.021752255 0.002628875 -0.001750000
v -0.021133088 0.002203892 -0.002500000
v -0.021763201 0.002612493 -0.001750000
v -0.021286778 0.001929460 -0.002500000
v -0.021921473 0.002329878 -0.001750000
v -0.021314896 0.001868466 -0.002500000
v -0.021955033 0.002269952 -0.001750000
v -0.021355746 0.001779856 -0.002500000
v -0.021997109 0.002178681 -0.001750000
v -0.021426488 0.001626405 -0.002500000
v -0.022069976 0.002020621 -0.001750000
v -0.021466637 0.001517577 -0.002500000
v -0.022119398 0.001913417 -0.001750000
v -0.021541990 0.001313322 -0.002500000
v -0.022197042 0.001702952 -0.001750000
v -0.021572009 0.001206884 -0.002500000
v -0.022235802 0.001597889 -0.001750000
v -0.021587088 0.001153418 -0.002500000
v -0.022255283 0.001545085 -0.001750000
v -0.021632572 0.000992143 -0.002500000
v -0.022302175 0.001378818 -0.001750000
v -0.021633031 0.000989836 -0.002500000
v -0.022302818 0.001376538 -0.001750000
v -0.021675124 0.000778220 -0.002500000
v -0.022361850 0.001167227 -0.001750000
v -0.021697675 0.000664846 -0.002500000
v -0.022385116 0.001050261 -0.001750000
v -0.021729705 0.000394230 -0.002500000
v -0.022438442 0.000782172 -0.001750000
v -0.021736899 0.000333451 -0.002500000
v -0.022445870 0.000719411 -0.001750000
v -0.021745166 0.000123033 -0.002500000
v -0.022470565 0.000510767 -0.001750000
v -0.021749855 0.000003689 -0.002500000
v -0.022484587 0.000392295 -0.001750000
v -0.021750000 0.000000000 -0.002500000
v -0.022484737 0.000388481 -0.001750000
v -0.021750000 -0.000383333 -0.002500000
v -0.022500000 -0.000000000 -0.001750000
v -0.021750000 -0.000417821 -0.002500000
v -0.022500000 -0.000035677 -0.001750000
v -0.021750000 -0.000774087 -0.002500000
v -0.022500000 -0.000404228 -0.001750000
v -0.021750000 -0.001645203 -0.002500000
v -0.022500000 -0.001305383 -0.001750000
v -0.021750000 -0.002042831 -0.002500000
v -0.022500000 -0.001716722 -0.001750000
v -0.021750000 -0.002490855 -0.002500000
v -0.022500000 -0.002180195 -0.001750000
v -0.021750000 -0.003313880 -0.002500000
v -0.022500000 -0.003031600 -0.001750000
v -0.021750000 -0.003583647 -0.002500000
v -0.022500000 -0.003310670 -0.001750000
v -0.021750000 -0.004116870 -0.002500000
v -0.022500000 -0.003862279 -0.001750000
v -0.021750000 -0.004902210 -0.002500000
v -0.022500000 -0.004674700 -0.001750000
v -0.021750000 -0.005057356 -0.002500000
v -0.022500000 -0.004835196 -0.001750000
v -0.021750000 -0.005672105 -0.002500000
v -0.022500000 -0.005471143 -0.001750000
v -0.021750000 -0.006428611 -0.002500000
v -0.022500000 -0.006253736 -0.001750000
v -0.021750000 -0.006478617 -0.002500000
v -0.022500000 -0.006305466 -0.001750000
v -0.021750000 -0.007173656 -0.002500000
v -0.022500000 -0.007024472 -0.001750000
v -0.021750000 -0.007860298 -0.002500000
v -0.022500000 -0.007734791 -0.001750000
v -0.021750000 -0.007909060 -0.002500000
v -0.022500000 -0.007785235 -0.001750000
v -0.021750000 -0.008636558 -0.002500000
v -0.022500000 -0.008537819 -0.001750000
v -0.021750000 -0.009213983 -0.002500000
v -0.022500000 -0.009135155 -0.001750000
v -0.021750000 -0.009357812 -0.002500000
v -0.022500000 -0.009283943 -0.001750000
v -0.021750000 -0.010074430 -0.002500000
v -0.022500000 -0.010025272 -0.001750000
v -0.021750000 -0.010550374 -0.002500000
v -0.022500000 -0.010517629 -0.001750000
v -0.021750000 -0.010787979 -0.002500000
v -0.022500000 -0.010763426 -0.001750000
v -0.021750000 -0.011500000 -0.002500000
v -0.022500000 -0.011500000 -0.001750000
v -0.021750000 -0.011879648 -0.002500000
v -0.022500000 -0.011892739 -0.001750000
v -0.021750000 -0.012212021 -0.002500000
v -0.022500000 -0.012236574 -0.001750000
v -0.021750000 -0.012925570 -0.002500000
v -0.022500000 -0.012974728 -0.001750000
v -0.021750000 -0.013211762 -0.002500000
v -0.022500000 -0.013270788 -0.001750000
v -0.021750000 -0.013642188 -0.002500000
v -0.022500000 -0.013716057 -0.001750000
v -0.021750000 -0.014363442 -0.002500000
v -0.022500000 -0.014462181 -0.001750000
v -0.021750000 -0.014556763 -0.002500000
v -0.022500000 -0.014662169 -0.001750000
v -0.021750000 -0.015090940 -0.002500000
v -0.022500000 -0.015214765 -0.001750000
v -0.021750000 -0.015826344 -0.002500000
v -0.022500000 -0.015975528 -0.001750000
v -0.021750000 -0.015925088 -0.002500000
v -0.022500000 -0.016077677 -0.001750000
v -0.021750000 -0.016571389 -0.002500000
v -0.022500000 -0.016746264 -0.001750000
v -0.021750000 -0.017327895 -0.002500000
v -0.022500000 -0.017528857 -0.001750000
v -0.021750000 -0.018097790 -0.002500000
v -0.022500000 -0.018325300 -0.001750000
v -0.021750000 -0.018777448 -0.002500000
v -0.022500000 -0.019028395 -0.001750000
v -0.021750000 -0.018883130 -0.002500000
v -0.022500000 -0.019137721 -0.001750000
v -0.021750000 -0.019686120 -0.002500000
v -0.022500000 -0.019968400 -0.001750000
v -0.021750000 -0.020287570 -0.002500000
v -0.022500000 -0.020590590 -0.001750000
v -0.021750000 -0.020509145 -0.002500000
v -0.022500000 -0.020819805 -0.001750000
v -0.021750000 -0.021354797 -0.002500000
v -0.022500000 -0.021694617 -0.001750000
v -0.021750000 -0.021874218 -0.002500000
v -0.022500000 -0.022231949 -0.001750000
v -0.021750000 -0.022225913 -0.002500000
v -0.022500000 -0.022595772 -0.001750000
v -0.021750000 -0.023125617 -0.002500000
v -0.022500000 -0.023526501 -0.001750000
v -0.021750000 -0.023556222 -0.002500000
v -0.022500000 -0.023971954 -0.001750000
v -0.021750000 -0.024057368 -0.002500000
v -0.022500000 -0.024490381 -0.001750000
v -0.021750000 -0.024550000 -0.002500000
v -0.022500000 -0.025000000 -0.001750000
v -0.021750000 -0.024938425 -0.002500000
v -0.022484587 -0.025392295 -0.001750000
v -0.021750000 -0.025000000 -0.002500000
v -0.022477568 -0.025451594 -0.001750000
v -0.021749040 -0.025024422 -0.002500000
v -0.022474718 -0.025475678 -0.001750000
v -0.021736899 -0.025333451 -0.002500000
v -0.022438690 -0.025780074 -0.001750000
v -0.021736658 -0.025335484 -0.002500000
v -0.022438442 -0.025782172 -0.001750000
v -0.021735305 -0.025346916 -0.002500000
v -0.022436201 -0.025793436 -0.001750000
v -0.021697675 -0.025664846 -0.002500000
v -0.022373960 -0.026106344 -0.001750000
v -0.021685931 -0.025723889 -0.002500000
v -0.022361850 -0.026167227 -0.001750000
v -0.021639195 -0.025958848 -0.002500000
v -0.022296712 -0.026398187 -0.001750000
v -0.021632572 -0.025992143 -0.002500000
v -0.022287490 -0.026430887 -0.001750000
v -0.021601311 -0.026102985 -0.002500000
v -0.022255283 -0.026545085 -0.001750000
v -0.021541990 -0.026313322 -0.002500000
v -0.022179146 -0.026751462 -0.001750000
v -0.021483958 -0.026470625 -0.002500000
v -0.022119398 -0.026913417 -0.001750000
v -0.021426488 -0.026626405 -0.002500000
v -0.022049085 -0.027065938 -0.001750000
v -0.021347618 -0.026797487 -0.002500000
v -0.021967923 -0.027241991 -0.001750000
v -0.021335092 -0.026824659 -0.002500000
v -0.021955033 -0.027269952 -0.001750000
v -0.021286778 -0.026929460 -0.002500000
v -0.021897719 -0.027372293 -0.001750000
v -0.021272332 -0.026955254 -0.002500000
v -0.021882859 -0.027398828 -0.001750000
v -0.021156012 -0.027162958 -0.002500000
v -0.021763201 -0.027612493 -0.001750000
v -0.021123721 -0.027220619 -0.002500000
v -0.021725698 -0.027668620 -0.001750000
v -0.020948112 -0.027483435 -0.002500000
v -0.021545085 -0.027938926 -0.001750000
v -0.020938322 -0.027498087 -0.002500000
v -0.021533886 -0.027953132 -0.001750000
v -0.020904698 -0.027540739 -0.002500000
v -0.021499305 -0.027996997 -0.001750000
v -0.020731725 -0.027760154 -0.002500000
v -0.021321413 -0.028222653 -0.001750000
v -0.020710995 -0.027782580 -0.002500000
v -0.021302030 -0.028247240 -0.001750000
v -0.020505204 -0.028005204 -0.002500000
v -0.021090366 -0.028476217 -0.001750000
v -0.020447055 -0.028058956 -0.002500000
v -0.021035534 -0.028535534 -0.001750000
v -0.020320121 -0.028176292 -0.002500000
v -0.020904947 -0.028656247 -0.001750000
v -0.020277620 -0.028215580 -0.002500000
v -0.020861223 -0.028696665 -0.001750000
v -0.020260154 -0.028231725 -0.002500000
v -0.020843254 -0.028713275 -0.001750000
v -0.020158999 -0.028311470 -0.002500000
v -0.020747240 -0.028802030 -0.001750000
v -0.019998087 -0.028438322 -0.002500000
v -0.020581633 -0.028932584 -0.001750000
v -0.019848513 -0.028538265 -0.002500000
v -0.020438926 -0.029045085 -0.001750000
v -0.019720619 -0.028623721 -0.002500000
v -0.020307228 -0.029133083 -0.001750000
v -0.019601762 -0.028690284 -0.002500000
v -0.020193403 -0.029209139 -0.001750000
v -0.019517337 -0.028737564 -0.002500000
v -0.020112493 -0.029263201 -0.001750000
v -0.019429460 -0.028786778 -0.002500000
v -0.020021936 -0.029313915 -0.001750000
v -0.019167249 -0.028907658 -0.002500000
v -0.019769952 -0.029455033 -0.001750000
v -0.019126405 -0.028926488 -0.002500000
v -0.019727824 -0.029474454 -0.001750000
v -0.018813322 -0.029041990 -0.002500000
v -0.019426238 -0.029613487 -0.001750000
v -0.018811909 -0.029042389 -0.002500000
v -0.019424966 -0.029614074 -0.001750000
v -0.018799078 -0.029046008 -0.002500000
v -0.019413417 -0.029619398 -0.001750000
v -0.018748816 -0.029060183 -0.002500000
v -0.019364968 -0.029637272 -0.001750000
v -0.018492143 -0.029132572 -0.002500000
v -0.019117278 -0.029728649 -0.001750000
v -0.018412053 -0.029148503 -0.002500000
v -0.019045085 -0.029755283 -0.001750000
v -0.018164846 -0.029197675 -0.002500000
v -0.018806296 -0.029822628 -0.001750000
v -0.018010570 -0.029215935 -0.002500000
v -0.018667227 -0.029861850 -0.001750000
v -0.017833451 -0.029236899 -0.002500000
v -0.018496041 -0.029895901 -0.001750000
v -0.017740549 -0.029240549 -0.002500000
v -0.018412515 -0.029912515 -0.001750000
v -0.017595832 -0.029246235 -0.002500000
v -0.018282172 -0.029938442 -0.001750000
v -0.017500000 -0.029250000 -0.002500000
v -0.018189553 -0.029949404 -0.001750000
v -0.017181247 -0.029250000 -0.002500000
v -0.017892295 -0.029984587 -0.001750000
v -0.016844121 -0.029250000 -0.002500000
v -0.017553837 -0.029997885 -0.001750000
v -0.016790541 -0.029250000 -0.002500000
v -0.017500000 -0.030000000 -0.001750000
v -0.016624689 -0.029250000 -0.002500000
v -0.017327141 -0.030000000 -0.001750000
v -0.015566332 -0.029250000 -0.002500000
v -0.016224065 -0.030000000 -0.001750000
v -0.014894018 -0.029250000 -0.002500000
v -0.015523343 -0.030000000 -0.001750000
v -0.014567049 -0.029250000 -0.002500000
v -0.015182558 -0.030000000 -0.001750000
v -0.013620054 -0.029250000 -0.002500000
v -0.014195549 -0.030000000 -0.001750000
v -0.012719470 -0.029250000 -0.002500000
v -0.013256913 -0.030000000 -0.001750000
v -0.011860171 -0.029250000 -0.002500000
v -0.012361305 -0.030000000 -0.001750000
v -0.011037659 -0.029250000 -0.002500000
v -0.011504039 -0.030000000 -0.001750000
v -0.010247967 -0.029250000 -0.002500000
v -0.010680980 -0.030000000 -0.001750000
v -0.009487573 -0.029250000 -0.002500000
v -0.009888456 -0.030000000 -0.001750000
v -0.008753331 -0.029250000 -0.002500000
v -0.009123190 -0.030000000 -0.001750000
v -0.008042420 -0.029250000 -0.002500000
v -0.008382241 -0.030000000 -0.001750000
v -0.007352291 -0.029250000 -0.002500000
v -0.007662951 -0.030000000 -0.001750000
v -0.006680627 -0.029250000 -0.002500000
v -0.006962907 -0.030000000 -0.001750000
v -0.006025313 -0.029250000 -0.002500000
v -0.006279904 -0.030000000 -0.001750000
v -0.005853723 -0.029250000 -0.002500000
v -0.006101064 -0.030000000 -0.001750000
v -0.005384404 -0.029250000 -0.002500000
v -0.005611914 -0.030000000 -0.001750000
v -0.004756098 -0.029250000 -0.002500000
v -0.004957060 -0.030000000 -0.001750000
v -0.004138720 -0.029250000 -0.002500000
v -0.004313595 -0.030000000 -0.001750000
v -0.003888095 -0.029250000 -0.002500000
v -0.004052381 -0.030000000 -0.001750000
v -0.003530695 -0.029250000 -0.002500000
v -0.003679879 -0.030000000 -0.001750000
v -0.002930537 -0.029250000 -0.002500000
v -0.003054362 -0.030000000 -0.001750000
v -0.002336832 -0.029250000 -0.002500000
v -0.002435571 -0.030000000 -0.001750000
v -0.001748222 -0.029250000 -0.002500000
v -0.001822091 -0.030000000 -0.001750000
v -0.001163396 -0.029250000 -0.002500000
v -0.001212554 -0.030000000 -0.001750000
v -0.000581075 -0.029250000 -0.002500000
v -0.000605627 -0.030000000 -0.001750000
v 0.000000000 -0.029250000 -0.002500000
v 0.000000000 -0.030000000 -0.001750000
v 0.000581075 -0.029250000 -0.002500000
v 0.000605627 -0.030000000 -0.001750000
v 0.001163396 -0.029250000 -0.002500000
v 0.001212554 -0.030000000 -0.001750000
v 0.001748222 -0.029250000 -0.002500000
v 0.001822091 -0.030000000 -0.001750000
v 0.002336832 -0.029250000 -0.002500000
v 0.002435571 -0.030000000 -0.001750000
v 0.002930537 -0.029250000 -0.002500000
v 0.003054362 -0.030000000 -0.001750000
v 0.003530695 -0.029250000 -0.002500000
v 0.003679879 -0.030000000 -0.001750000
v 0.003888095 -0.029250000 -0.002500000
v 0.004052381 -0.030000000 -0.001750000
v 0.004138720 -0.029250000 -0.002500000
v 0.004313595 -0.030000000 -0.001750000
v 0.004756098 -0.029250000 -0.002500000
v 0.004957060 -0.030000000 -0.001750000
v 0.005384404 -0.029250000 -0.002500000
v 0.005611914 -0.030000000 -0.001750000
v 0.005853723 -0.029250000 -0.002500000
v 0.006101064 -0.030000000 -0.001750000
v 0.006025313 -0.029250000 -0.002500000
v 0.006279904 -0.030000000 -0.001750000
v 0.006680627 -0.029250000 -0.002500000
v 0.006962907 -0.030000000 -0.001750000
v 0.007352291 -0.029250000 -0.002500000
v 0.007662951 -0.030000000 -0.001750000
v 0.008042420 -0.029250000 -0.002500000
v 0.008382241 -0.030000000 -0.001750000
v 0.008753331 -0.029250000 -0.002500000
v 0.009123190 -0.030000000 -0.001750000
v 0.009487573 -0.029250000 -0.002500000
v 0.009888456 -0.030000000 -0.001750000
v 0.010247967 -0.029250000 -0.002500000
v 0.010680980 -0.030000000 -0.001750000
v 0.011037659 -0.029250000 -0.002500000
v 0.011504039 -0.030000000 -0.001750000
v 0.011860171 -0.029250000 -0.002500000
v 0.012361305 -0.030000000 -0.001750000
v 0.012719470 -0.029250000 -0.002500000
v 0.013256913 -0.030000000 -0.001750000
v 0.013620054 -0.029250000 -0.002500000
v 0.014195549 -0.030000000 -0.001750000
v 0.014567049 -0.029250000 -0.002500000
v 0.015182558 -0.030000000 -0.001750000
v 0.014894018 -0.029250000 -0.002500000
v 0.015523343 -0.030000000 -0.001750000
v 0.015566332 -0.029250000 -0.002500000
v 0.016224065 -0.030000000 -0.001750000
v 0.016624689 -0.029250000 -0.002500000
v 0.017327141 -0.030000000 -0.001750000
v 0.016790541 -0.029250000 -0.002500000
v 0.017500000 -0.030000000 -0.001750000
v 0.016844121 -0.029250000 -0.002500000
v 0.017553837 -0.029997885 -0.001750000
v 0.017181247 -0.029250000 -0.002500000
v 0.017892295 -0.029984587 -0.001750000
v 0.017500000 -0.029250000 -0.002500000
v 0.018189553 -0.029949404 -0.001750000
v 0.017595832 -0.029246235 -0.002500000
v 0.018282172 -0.029938442 -0.001750000
v 0.017740549 -0.029240549 -0.002500000
v 0.018412515 -0.029912515 -0.001750000
v 0.017833451 -0.029236899 -0.002500000
v 0.018496041 -0.029895901 -0.001750000
v 0.018010570 -0.029215935 -0.002500000
v 0.018667227 -0.029861850 -0.001750000
v 0.018164846 -0.029197675 -0.002500000
v 0.018806296 -0.029822628 -0.001750000
v 0.018412053 -0.029148503 -0.002500000
v 0.019045085 -0.029755283 -0.001750000
v 0.018492143 -0.029132572 -0.002500000
v 0.019117278 -0.029728649 -0.001750000
v 0.018748816 -0.029060183 -0.002500000
v 0.019364968 -0.029637272 -0.001750000
v 0.018799078 -0.029046008 -0.002500000
v 0.019413417 -0.029619398 -0.001750000
v 0.018811909 -0.029042389 -0.002500000
v 0.019424966 -0.029614074 -0.001750000
v 0.018813322 -0.029041990 -0.002500000
v 0.019426238 -0.029613487 -0.001750000
v 0.019126405 -0.028926488 -0.002500000
v 0.019727824 -0.029474454 -0.001750000
v 0.019167249 -0.028907658 -0.002500000
v 0.019769952 -0.029455033 -0.001750000
v 0.019429460 -0.028786778 -0.002500000
v 0.020021936 -0.029313915 -0.001750000
v 0.019517337 -0.028737564 -0.002500000
v 0.020112493 -0.029263201 -0.001750000
v 0.019601762 -0.028690284 -0.002500000
v 0.020193403 -0.029209139 -0.001750000
v 0.019720619 -0.028623721 -0.002500000
v 0.020307228 -0.029133083 -0.001750000
v 0.019848513 -0.028538265 -0.002500000
v 0.020438926 -0.029045085 -0.001750000
v 0.019998087 -0.028438322 -0.002500000
v 0.020581633 -0.028932584 -0.001750000
v 0.020158999 -0.028311470 -0.002500000
v 0.020747240 -0.028802030 -0.001750000
v 0.020260154 -0.028231725 -0.002500000
v 0.020843254 -0.028713275 -0.001750000
v 0.020277620 -0.028215580 -0.002500000
v 0.020861223 -0.028696665 -0.001750000
v 0.020320121 -0.028176292 -0.002500000
v 0.020904947 -0.028656247 -0.001750000
v 0.020447055 -0.028058956 -0.002500000
v 0.021035534 -0.028535534 -0.001750000
v 0.020505204 -0.028005204 -0.002500000
v 0.021090366 -0.028476217 -0.001750000
v 0.020710995 -0.027782580 -0.002500000
v 0.021302030 -0.028247240 -0.001750000
v 0.020731725 -0.027760154 -0.002500000
v 0.021321413 -0.028222653 -0.001750000
v 0.020904698 -0.027540739 -0.002500000
v 0.021499305 -0.027996997 -0.001750000
v 0.020938322 -0.027498087 -0.002500000
v 0.021533886 -0.027953132 -0.001750000
v 0.020948112 -0.027483435 -0.002500000
v 0.021545085 -0.027938926 -0.001750000
v 0.021123721 -0.027220619 -0.002500000
v 0.021725698 -0.027668620 -0.001750000
v 0.021156012 -0.027162958 -0.002500000
v 0.021763201 -0.027612493 -0.001750000
v 0.021272332 -0.026955254 -0.002500000
v 0.021882859 -0.027398828 -0.001750000
v 0.021286778 -0.026929460 -0.002500000
v 0.021897719 -0.027372293 -0.001750000
v 0.021335092 -0.026824659 -0.002500000
v 0.021955033 -0.027269952 -0.001750000
v 0.021347618 -0.026797487 -0.002500000
v 0.021967923 -0.027241991 -0.001750000
v 0.021426488 -0.026626405 -0.002500000
v 0.022049085 -0.027065938 -0.001750000
v 0.021483958 -0.026470625 -0.002500000
v 0.022119398 -0.026913417 -0.001750000
v 0.021541990 -0.026313322 -0.002500000
v 0.022179146 -0.026751462 -0.001750000
v 0.021601311 -0.026102985 -0.002500000
v 0.022255283 -0.026545085 -0.001750000
v 0.021632572 -0.025992143 -0.002500000
v 0.022287490 -0.026430887 -0.001750000
v 0.021639195 -0.025958848 -0.002500000
v 0.022296712 -0.026398187 -0.001750000
v 0.021685931 -0.025723889 -0.002500000
v 0.022361850 -0.026167227 -0.001750000
v 0.021697675 -0.025664846 -0.002500000
v 0.022373960 -0.026106344 -0.001750000
v 0.021735305 -0.025346916 -0.002500000
v 0.022436201 -0.025793436 -0.001750000
v 0.021736658 -0.025335484 -0.002500000
v 0.022438442 -0.025782172 -0.001750000
v 0.021736899 -0.025333451 -0.002500000
v 0.022438690 -0.025780074 -0.001750000
v 0.021749040 -0.025024422 -0.002500000
v 0.022474718 -0.025475678 -0.001750000
v 0.021750000 -0.025000000 -0.002500000
v 0.022477568 -0.025451594 -0.001750000
v 0.021750000 -0.024938425 -0.002500000
v 0.022484587 -0.025392295 -0.001750000
v 0.021750000 -0.024550000 -0.002500000
v 0.022500000 -0.025000000 -0.001750000
v 0.021750000 -0.024057368 -0.002500000
v 0.022500000 -0.024490381 -0.001750000
v 0.021750000 -0.023556222 -0.002500000
v 0.022500000 -0.023971954 -0.001750000
v 0.021750000 -0.023125617 -0.002500000
v 0.022500000 -0.023526501 -0.001750000
v 0.021750000 -0.022225913 -0.002500000
v 0.022500000 -0.022595772 -0.001750000
v 0.021750000 -0.021874218 -0.002500000
v 0.022500000 -0.022231949 -0.001750000
v 0.021750000 -0.021354797 -0.002500000
v 0.022500000 -0.021694617 -0.001750000
v 0.021750000 -0.020509145 -0.002500000
v 0.022500000 -0.020819805 -0.001750000
v 0.021750000 -0.020287570 -0.002500000
v 0.022500000 -0.020590590 -0.001750000
v 0.021750000 -0.019686120 -0.002500000
v 0.022500000 -0.019968400 -0.001750000
v 0.021750000 -0.018883130 -0.002500000
v 0.022500000 -0.019137721 -0.001750000
v 0.021750000 -0.018777448 -0.002500000
v 0.022500000 -0.019028395 -0.001750000
v 0.021750000 -0.018097790 -0.002500000
v 0.022500000 -0.018325300 -0.001750000
v 0.021750000 -0.017327895 -0.002500000
v 0.022500000 -0.017528857 -0.001750000
v 0.021750000 -0.016571389 -0.002500000
v 0.022500000 -0.016746264 -0.001750000
v 0.021750000 -0.015925088 -0.002500000
v 0.022500000 -0.016077677 -0.001750000
v 0.021750000 -0.015826344 -0.002500000
v 0.022500000 -0.015975528 -0.001750000
v 0.021750000 -0.015090940 -0.002500000
v 0.022500000 -0.015214765 -0.001750000
v 0.021750000 -0.014556763 -0.002500000
v 0.022500000 -0.014662169 -0.001750000
v 0.021750000 -0.014363442 -0.002500000
v 0.022500000 -0.014462181 -0.001750000
v 0.021750000 -0.013642188 -0.002500000
v 0.022500000 -0.013716057 -0.001750000
v 0.021750000 -0.013211762 -0.002500000
v 0.022500000 -0.013270788 -0.001750000
v 0.021750000 -0.012925570 -0.002500000
v 0.022500000 -0.012974728 -0.001750000
v 0.021750000 -0.012212021 -0.002500000
v 0.022500000 -0.012236574 -0.001750000
v 0.021750000 -0.011879648 -0.002500000
v 0.022500000 -0.011892739 -0.001750000
v 0.003748705 -0.011500000 -0.002500000
v 0.003747062 -0.011377334 -0.002500000
v 0.003746431 -0.011336427 -0.002500000
v 0.003740518 -0.011254834 -0.002500000
v 0.003731339 -0.011132495 -0.002500000
v 0.003729457 -0.011108018 -0.002500000
v 0.003716378 -0.011010730 -0.002500000
v 0.003699697 -0.010889178 -0.002500000
v 0.003698571 -0.010881071 -0.002500000
v 0.003676389 -0.010768721 -0.002500000
v 0.003653888 -0.010656434 -0.002500000
v 0.003651826 -0.010648514 -0.002500000
v 0.003620721 -0.010529831 -0.002500000
v 0.003595574 -0.010434942 -0.002500000
v 0.003587945 -0.010411609 -0.002500000
v 0.003549609 -0.010295070 -0.002500000
v 0.003523847 -0.010217424 -0.002500000
v 0.003508776 -0.010179390 -0.002500000
v 0.003463352 -0.010065433 -0.002500000
v 0.003438975 -0.010004691 -0.002500000
v 0.003414656 -0.009952840 -0.002500000
v 0.003362315 -0.009841890 -0.002500000
v 0.003341274 -0.009797536 -0.002500000
v 0.003339016 -0.009793392 -0.002500000
v 0.003314086 -0.009747725 -0.002500000
v 0.003313843 -0.009747280 -0.002500000
v 0.003305985 -0.009732914 -0.002500000
v 0.003292198 -0.009707745 -0.002500000
v 0.003288064 -0.009700206 -0.002500000
v 0.003269730 -0.009666819 -0.002500000
v 0.003261758 -0.009652325 -0.002500000
v 0.003246922 -0.009625388 -0.002500000
v 0.003246761 -0.009625096 -0.002500000
v 0.003235002 -0.009603781 -0.002500000
v 0.003231109 -0.009596731 -0.002500000
v 0.003222605 -0.009583173 -0.002500000
v 0.003205597 -0.009556095 -0.002500000
v 0.003196552 -0.009541712 -0.002500000
v 0.003183223 -0.009520545 -0.002500000
v 0.003175531 -0.009508342 -0.002500000
v 0.003170239 -0.009499951 -0.002500000
v 0.003145270 -0.009460429 -0.002500000
v 0.003143748 -0.009458022 -0.002500000
v 0.003117661 -0.009416845 -0.002500000
v 0.003117161 -0.009416056 -0.002500000
v 0.003114894 -0.009412484 -0.002500000
v 0.003108891 -0.009403027 -0.002500000
v 0.003089000 -0.009375255 -0.002500000
v 0.003082413 -0.009366068 -0.002500000
v 0.003060252 -0.009335204 -0.002500000
v 0.003049530 -0.009320293 -0.002500000
v 0.003046893 -0.009316628 -0.002500000
v 0.003031717 -0.009295553 -0.002500000
v 0.003016851 -0.009274936 -0.002500000
v 0.003003491 -0.009256430 -0.002500000
v 0.002984470 -0.009230123 -0.002500000
v 0.002975668 -0.009217963 -0.002500000
v 0.002975075 -0.009217145 -0.002500000
v 0.002950808 -0.009187299 -0.002500000
v 0.002946369 -0.009181846 -0.002500000
v 0.002917721 -0.009146699 -0.002500000
v 0.002917032 -0.009145855 -0.002500000
v 0.002897570 -0.009122026 -0.002500000
v 0.002889881 -0.009112622 -0.002500000
v 0.002883959 -0.009105384 -0.002500000
v 0.002862968 -0.009079753 -0.002500000
v 0.002851709 -0.009066021 -0.002500000
v 0.002837106 -0.009048233 -0.002500000
v 0.002830161 -0.009039779 -0.002500000
v 0.002819765 -0.009028472 -0.002500000
v 0.002819083 -0.009027731 -0.002500000
v 0.002811266 -0.009019235 -0.002500000
v 0.002787590 -0.008993534 -0.002500000
v 0.002786398 -0.008992242 -0.002500000
v 0.002756759 -0.008960134 -0.002500000
v 0.002735886 -0.008937563 -0.002500000
v 0.002727427 -0.008928426 -0.002500000
v 0.002674689 -0.008871590 -0.002500000
v 0.002651101 -0.008848899 -0.002500000
v 0.002562525 -0.008764020 -0.002500000
v 0.002509240 -0.008713207 -0.002500000
v 0.002471843 -0.008681404 -0.002500000
v 0.002378220 -0.008602130 -0.002500000
v 0.002334430 -0.008565219 -0.002500000
v 0.002282067 -0.008525952 -0.002500000
v 0.002183749 -0.008452581 -0.002500000
v 0.002150912 -0.008428180 -0.002500000
v 0.002082579 -0.008383200 -0.002500000
v 0.001979934 -0.008316007 -0.002500000
v 0.001959370 -0.008302599 -0.002500000
v 0.001874223 -0.008253750 -0.002500000
v 0.001767635 -0.008192988 -0.002500000
v 0.001760518 -0.008188947 -0.002500000
v 0.001657881 -0.008138149 -0.002500000
v 0.001555100 -0.008087645 -0.002500000
v 0.001547561 -0.008084460 -0.002500000
v 0.001434468 -0.008036887 -0.002500000
v 0.001343880 -0.007999073 -0.002500000
v 0.001320724 -0.007990921 -0.002500000
v 0.001204930 -0.007950391 -0.002500000
v 0.001127647 -0.007923561 -0.002500000
v 0.001088297 -0.007912364 -0.002500000
v 0.000970236 -0.007879029 -0.002500000
v 0.000907207 -0.007861391 -0.002500000
v 0.000851266 -0.007849120 -0.002500000
v 0.000731380 -0.007823103 -0.002500000
v 0.000683383 -0.007812794 -0.002500000
v 0.000610633 -0.007801453 -0.002500000
v 0.000489372 -0.007782852 -0.002500000
v 0.000457010 -0.007777952 -0.002500000
v 0.000367416 -0.007769563 -0.002500000
v 0.000245234 -0.007758449 -0.002500000
v 0.000228932 -0.007756995 -0.002500000
v 0.000122645 -0.007753585 -0.002500000
v -0.000000000 -0.007750000 -0.002500000
v -0.000122645 -0.007753585 -0.002500000
v -0.000228932 -0.007756995 -0.002500000
v -0.000245234 -0.007758449 -0.002500000
v -0.000367416 -0.007769563 -0.002500000
v -0.000457010 -0.007777952 -0.002500000
v -0.000489372 -0.007782852 -0.002500000
v -0.000610633 -0.007801453 -0.002500000
v -0.000683383 -0.007812794 -0.002500000
v -0.000731380 -0.007823103 -0.002500000
v -0.000851266 -0.007849120 -0.002500000
v -0.000907207 -0.007861391 -0.002500000
v -0.000970236 -0.007879029 -0.002500000
v -0.001088297 -0.007912364 -0.002500000
v -0.001127647 -0.007923561 -0.002500000
v -0.001204930 -0.007950391 -0.002500000
v -0.001320724 -0.007990921 -0.002500000
v -0.001343880 -0.007999073 -0.002500000
v -0.001434468 -0.008036887 -0.002500000
v -0.001547561 -0.008084460 -0.002500000
v -0.001555100 -0.008087645 -0.002500000
v -0.001657881 -0.008138149 -0.002500000
v -0.001760518 -0.008188947 -0.002500000
v -0.001767635 -0.008192988 -0.002500000
v -0.001874223 -0.008253750 -0.002500000
v -0.001959370 -0.008302599 -0.002500000
v -0.001979934 -0.008316007 -0.002500000
v -0.002082579 -0.008383200 -0.002500000
v -0.002150912 -0.008428180 -0.002500000
v -0.002183749 -0.008452581 -0.002500000
v -0.002282067 -0.008525952 -0.002500000
v -0.002334430 -0.008565219 -0.002500000
v -0.002378220 -0.008602130 -0.002500000
v -0.002471843 -0.008681404 -0.002500000
v -0.002509240 -0.008713207 -0.002500000
v -0.002562525 -0.008764020 -0.002500000
v -0.002651101 -0.008848899 -0.002500000
v -0.002674689 -0.008871590 -0.002500000
v -0.002727427 -0.008928426 -0.002500000
v -0.002735886 -0.008937563 -0.002500000
v -0.002756759 -0.008960134 -0.002500000
v -0.002786398 -0.008992242 -0.002500000
v -0.002787590 -0.008993534 -0.002500000
v -0.002811266 -0.009019235 -0.002500000
v -0.002819083 -0.009027731 -0.002500000
v -0.002819765 -0.009028472 -0.002500000
v -0.002830161 -0.009039779 -0.002500000
v -0.002837106 -0.009048233 -0.002500000
v -0.002851709 -0.009066021 -0.002500000
v -0.002862968 -0.009079753 -0.002500000
v -0.002883959 -0.009105384 -0.002500000
v -0.002889881 -0.009112622 -0.002500000
v -0.002897570 -0.009122026 -0.002500000
v -0.002917032 -0.009145855 -0.002500000
v -0.002917721 -0.009146699 -0.002500000
v -0.002946369 -0.009181846 -0.002500000
v -0.002950808 -0.009187299 -0.002500000
v -0.002975075 -0.009217145 -0.002500000
v -0.002975668 -0.009217963 -0.002500000
v -0.002984470 -0.009230123 -0.002500000
v -0.003003491 -0.009256430 -0.002500000
v -0.003016851 -0.009274936 -0.002500000
v -0.003031717 -0.009295553 -0.002500000
v -0.003046893 -0.009316628 -0.002500000
v -0.003049530 -0.009320293 -0.002500000
v -0.003060252 -0.009335204 -0.002500000
v -0.003082413 -0.009366068 -0.002500000
v -0.003089000 -0.009375255 -0.002500000
v -0.003108891 -0.009403027 -0.002500000
v -0.003114894 -0.009412484 -0.002500000
v -0.003117161 -0.009416056 -0.002500000
v -0.003117661 -0.009416845 -0.002500000
v -0.003143748 -0.009458022 -0.002500000
v -0.003145270 -0.009460429 -0.002500000
v -0.003170239 -0.009499951 -0.002500000
v -0.003175531 -0.009508342 -0.002500000
v -0.003183223 -0.009520545 -0.002500000
v -0.003196552 -0.009541712 -0.002500000
v -0.003205597 -0.009556095 -0.002500000
v -0.003222605 -0.009583173 -0.002500000
v -0.003231109 -0.009596731 -0.002500000
v -0.003235002 -0.009603781 -0.002500000
v -0.003246761 -0.009625096 -0.002500000
v -0.003246922 -0.009625388 -0.002500000
v -0.003261758 -0.009652325 -0.002500000
v -0.003269730 -0.009666819 -0.002500000
v -0.003288064 -0.009700206 -0.002500000
v -0.003292198 -0.009707745 -0.002500000
v -0.003305985 -0.009732914 -0.002500000
v -0.003313843 -0.009747280 -0.002500000
v -0.003314086 -0.009747725 -0.002500000
v -0.003339016 -0.009793392 -0.002500000
v -0.003341274 -0.009797536 -0.002500000
v -0.003362315 -0.009841890 -0.002500000
v -0.003414656 -0.009952840 -0.002500000
v -0.003438975 -0.010004691 -0.002500000
v -0.003463352 -0.010065433 -0.002500000
v -0.003508776 -0.010179390 -0.002500000
v -0.003523847 -0.010217424 -0.002500000
v -0.003549609 -0.010295070 -0.002500000
v -0.003587945 -0.010411609 -0.002500000
v -0.003595574 -0.010434942 -0.002500000
v -0.003620721 -0.010529831 -0.002500000
v -0.003651826 -0.010648514 -0.002500000
v -0.003653888 -0.010656434 -0.002500000
v -0.003676389 -0.010768721 -0.002500000
v -0.003698571 -0.010881071 -0.002500000
v -0.003699697 -0.010889178 -0.002500000
v -0.003716378 -0.011010730 -0.002500000
v -0.003729457 -0.011108018 -0.002500000
v -0.003731339 -0.011132495 -0.002500000
v -0.003740518 -0.011254834 -0.002500000
v -0.003746431 -0.011336427 -0.002500000
v -0.003747062 -0.011377334 -0.002500000
v -0.003748705 -0.011500000 -0.002500000
v -0.003749429 -0.011565447 -0.002500000
v -0.003746803 -0.011622658 -0.002500000
v -0.003740905 -0.011745192 -0.002500000
v -0.003738440 -0.011794222 -0.002500000
v -0.003730566 -0.011867429 -0.002500000
v -0.003717148 -0.011989372 -0.002500000
v -0.003713505 -0.012021899 -0.002500000
v -0.003698420 -0.012110612 -0.002500000
v -0.003677532 -0.012231507 -0.002500000
v -0.003674718 -0.012247630 -0.002500000
v -0.003650502 -0.012351178 -0.002500000
v -0.003622222 -0.012470571 -0.002500000
v -0.003587016 -0.012588110 -0.002500000
v -0.003556214 -0.012689892 -0.002500000
v -0.003550589 -0.012705263 -0.002500000
v -0.003508231 -0.012820405 -0.002500000
v -0.003476939 -0.012904775 -0.002500000
v -0.003463831 -0.012934766 -0.002500000
v -0.003414479 -0.013047080 -0.002500000
v -0.003384695 -0.013114417 -0.002500000
v -0.003362315 -0.013158110 -0.002500000
v -0.003306156 -0.013267177 -0.002500000
v -0.003279824 -0.013318036 -0.002500000
v -0.003246474 -0.013374353 -0.002500000
v -0.003214259 -0.013428555 -0.002500000
v -0.003189248 -0.013470504 -0.002500000
v -0.003185314 -0.013477091 -0.002500000
v -0.003183718 -0.013479763 -0.002500000
v -0.003163631 -0.013513348 -0.002500000
v -0.003163493 -0.013513578 -0.002500000
v -0.003162718 -0.013514874 -0.002500000
v -0.003139308 -0.013549428 -0.002500000
v -0.003134775 -0.013556111 -0.002500000
v -0.003116800 -0.013582579 -0.002500000
v -0.003114262 -0.013586313 -0.002500000
v -0.003105410 -0.013599329 -0.002500000
v -0.003088666 -0.013623917 -0.002500000
v -0.003075560 -0.013643136 -0.002500000
v -0.003062610 -0.013662103 -0.002500000
v -0.003047682 -0.013683938 -0.002500000
v -0.003045313 -0.013687400 -0.002500000
v -0.003036181 -0.013700739 -0.002500000
v -0.003033814 -0.013704195 -0.002500000
v -0.003013256 -0.013730879 -0.002500000
v -0.003007555 -0.013738271 -0.002500000
v -0.002980100 -0.013773820 -0.002500000
v -0.002978569 -0.013775799 -0.002500000
v -0.002973843 -0.013781910 -0.002500000
v -0.002949506 -0.013813335 -0.002500000
v -0.002946852 -0.013816758 -0.002500000
v -0.002920460 -0.013850758 -0.002500000
v -0.002913608 -0.013859573 -0.002500000
v -0.002898620 -0.013878836 -0.002500000
v -0.002893592 -0.013885293 -0.002500000
v -0.002891381 -0.013887829 -0.002500000
v -0.002879553 -0.013901385 -0.002500000
v -0.002860682 -0.013922989 -0.002500000
v -0.002844364 -0.013941645 -0.002500000
v -0.002830356 -0.013957642 -0.002500000
v -0.002818207 -0.013971501 -0.002500000
v -0.002809548 -0.013981372 -0.002500000
v -0.002800509 -0.013991669 -0.002500000
v -0.002775215 -0.014020445 -0.002500000
v -0.002771251 -0.014024948 -0.002500000
v -0.002742697 -0.014057357 -0.002500000
v -0.002742576 -0.014057494 -0.002500000
v -0.002741409 -0.014058678 -0.002500000
v -0.002736831 -0.014063322 -0.002500000
v -0.002713294 -0.014087171 -0.002500000
v -0.002706392 -0.014094157 -0.002500000
v -0.002684920 -0.014115868 -0.002500000
v -0.002672315 -0.014128599 -0.002500000
v -0.002657717 -0.014143328 -0.002500000
v -0.002650552 -0.014150552 -0.002500000
v -0.002639314 -0.014161874 -0.002500000
v -0.002631821 -0.014169419 -0.002500000
v -0.002607531 -0.014193849 -0.002500000
v -0.002581330 -0.014220154 -0.002500000
v -0.002576889 -0.014224140 -0.002500000
v -0.002563056 -0.014236547 -0.002500000
v -0.002471587 -0.014318304 -0.002500000
v -0.002410454 -0.014372667 -0.002500000
v -0.002394570 -0.014417792 -0.002500000
v -0.002345591 -0.014556834 -0.002500000
v -0.002294462 -0.014701918 -0.002500000
v -0.002240953 -0.014853824 -0.002500000
v -0.002184802 -0.015013447 -0.002500000
v -0.002125701 -0.015181822 -0.002500000
v -0.002063295 -0.015360154 -0.002500000
v -0.001997166 -0.015549851 -0.002500000
v -0.001926817 -0.015752577 -0.002500000
v -0.001851661 -0.015970305 -0.002500000
v -0.001770989 -0.016205404 -0.002500000
v -0.001683942 -0.016460734 -0.002500000
v -0.001659618 -0.016532391 -0.002500000
v -0.001743934 -0.017248979 -0.002500000
v -0.001911669 -0.018634447 -0.002500000
v -0.002194885 -0.020913349 -0.002500000
v -0.002374891 -0.022341894 -0.002500000
v -0.002156861 -0.022343275 -0.002500000
v -0.001790570 -0.022345325 -0.002500000
v -0.001428035 -0.022347006 -0.002500000
v -0.001068466 -0.022348315 -0.002500000
v -0.000711097 -0.022349251 -0.002500000
v -0.000355186 -0.022349813 -0.002500000
v 0.000000000 -0.022350000 -0.002500000
v 0.000355186 -0.022349813 -0.002500000
v 0.000711097 -0.022349251 -0.002500000
v 0.001068466 -0.022348315 -0.002500000
v 0.001428035 -0.022347006 -0.002500000
v 0.001790570 -0.022345325 -0.002500000
v 0.002156861 -0.022343275 -0.002500000
v 0.002374891 -0.022341894 -0.002500000
v 0.002194885 -0.020913349 -0.002500000
v 0.001911669 -0.018634447 -0.002500000
v 0.001743934 -0.017248979 -0.002500000
v 0.001659618 -0.016532391 -0.002500000
v 0.001683942 -0.016460734 -0.002500000
v 0.001770989 -0.016205404 -0.002500000
v 0.001851661 -0.015970305 -0.002500000
v 0.001926817 -0.015752577 -0.002500000
v 0.001997166 -0.015549851 -0.002500000
v 0.002063295 -0.015360154 -0.002500000
v 0.002125701 -0.015181822 -0.002500000
v 0.002184802 -0.015013447 -0.002500000
v 0.002240953 -0.014853824 -0.002500000
v 0.002294462 -0.014701918 -0.002500000
v 0.002345591 -0.014556834 -0.002500000
v 0.002394570 -0.014417792 -0.002500000
v 0.002410454 -0.014372667 -0.002500000
v 0.002471587 -0.014318304 -0.002500000
v 0.002563056 -0.014236547 -0.002500000
v 0.002576889 -0.014224140 -0.002500000
v 0.002581330 -0.014220154 -0.002500000
v 0.002607531 -0.014193849 -0.002500000
v 0.002631821 -0.014169419 -0.002500000
v 0.002639314 -0.014161874 -0.002500000
v 0.002650552 -0.014150552 -0.002500000
v 0.002657717 -0.014143328 -0.002500000
v 0.002672315 -0.014128599 -0.002500000
v 0.002684920 -0.014115868 -0.002500000
v 0.002706392 -0.014094157 -0.002500000
v 0.002713294 -0.014087171 -0.002500000
v 0.002736831 -0.014063322 -0.002500000
v 0.002741409 -0.014058678 -0.002500000
v 0.002742576 -0.014057494 -0.002500000
v 0.002742697 -0.014057357 -0.002500000
v 0.002771251 -0.014024948 -0.002500000
v 0.002775215 -0.014020445 -0.002500000
v 0.002800509 -0.013991669 -0.002500000
v 0.002809548 -0.013981372 -0.002500000
v 0.002818207 -0.013971501 -0.002500000
v 0.002830356 -0.013957642 -0.002500000
v 0.002844364 -0.013941645 -0.002500000
v 0.002860682 -0.013922989 -0.002500000
v 0.002879553 -0.013901385 -0.002500000
v 0.002891381 -0.013887829 -0.002500000
v 0.002893592 -0.013885293 -0.002500000
v 0.002898620 -0.013878836 -0.002500000
v 0.002913608 -0.013859573 -0.002500000
v 0.002920460 -0.013850758 -0.002500000
v 0.002946852 -0.013816758 -0.002500000
v 0.002949506 -0.013813335 -0.002500000
v 0.002973843 -0.013781910 -0.002500000
v 0.002978569 -0.013775799 -0.002500000
v 0.002980100 -0.013773820 -0.002500000
v 0.003007555 -0.013738271 -0.002500000
v 0.003013256 -0.013730879 -0.002500000
v 0.003033814 -0.013704195 -0.002500000
v 0.003036181 -0.013700739 -0.002500000
v 0.003045313 -0.013687400 -0.002500000
v 0.003047682 -0.013683938 -0.002500000
v 0.003062610 -0.013662103 -0.002500000
v 0.003075560 -0.013643136 -0.002500000
v 0.003088666 -0.013623917 -0.002500000
v 0.003105410 -0.013599329 -0.002500000
v 0.003114262 -0.013586313 -0.002500000
v 0.003116800 -0.013582579 -0.002500000
v 0.003134775 -0.013556111 -0.002500000
v 0.003139308 -0.013549428 -0.002500000
v 0.003162718 -0.013514874 -0.002500000
v 0.003163493 -0.013513578 -0.002500000
v 0.003163631 -0.013513348 -0.002500000
v 0.003183718 -0.013479763 -0.002500000
v 0.003185314 -0.013477091 -0.002500000
v 0.003189248 -0.013470504 -0.002500000
v 0.003214259 -0.013428555 -0.002500000
v 0.003246474 -0.013374353 -0.002500000
v 0.003279824 -0.013318036 -0.002500000
v 0.003306156 -0.013267177 -0.002500000
v 0.003362315 -0.013158110 -0.002500000
v 0.003384695 -0.013114417 -0.002500000
v 0.003414479 -0.013047080 -0.002500000
v 0.003463831 -0.012934766 -0.002500000
v 0.003476939 -0.012904775 -0.002500000
v 0.003508231 -0.012820405 -0.002500000
v 0.003550589 -0.012705263 -0.002500000
v 0.003556214 -0.012689892 -0.002500000
v 0.003587016 -0.012588110 -0.002500000
v 0.003622222 -0.012470571 -0.002500000
v 0.003650502 -0.012351178 -0.002500000
v 0.003674718 -0.012247630 -0.002500000
v 0.003677532 -0.012231507 -0.002500000
v 0.003698420 -0.012110612 -0.002500000
v 0.003713505 -0.012021899 -0.002500000
v 0.003717148 -0.011989372 -0.002500000
v 0.003730566 -0.011867429 -0.002500000
v 0.003738440 -0.011794222 -0.002500000
v 0.003740905 -0.011745192 -0.002500000
v 0.003746803 -0.011622658 -0.002500000
v 0.003749429 -0.011565447 -0.002500000
v 0.003398705 -0.011500000 -0.001750000
v 0.003397250 -0.011388786 -0.001750000
v 0.003396764 -0.011351694 -0.001750000
v 0.003391267 -0.011277725 -0.001750000
v 0.003383024 -0.011166801 -0.001750000
v 0.003381374 -0.011144603 -0.001750000
v 0.003369372 -0.011056414 -0.001750000
v 0.003354372 -0.010946191 -0.001750000
v 0.003353371 -0.010938838 -0.001750000
v 0.003333115 -0.010837002 -0.001750000
v 0.003312858 -0.010735166 -0.001750000
v 0.003310969 -0.010727990 -0.001750000
v 0.003282647 -0.010620417 -0.001750000
v 0.003259987 -0.010534348 -0.001750000
v 0.003253016 -0.010513208 -0.001750000
v 0.003218183 -0.010407574 -0.001750000
v 0.003194955 -0.010337132 -0.001750000
v 0.003181209 -0.010302678 -0.001750000
v 0.003139994 -0.010199372 -0.001750000
v 0.003118004 -0.010144253 -0.001750000
v 0.003095854 -0.010097287 -0.001750000
v 0.003048409 -0.009996691 -0.001750000
v 0.003029422 -0.009956432 -0.001750000
v 0.003027364 -0.009952681 -0.001750000
v 0.003004674 -0.009911322 -0.001750000
v 0.003004453 -0.009910919 -0.001750000
v 0.002997312 -0.009897903 -0.001750000
v 0.002984797 -0.009875092 -0.001750000
v 0.002981048 -0.009868258 -0.001750000
v 0.002964438 -0.009837982 -0.001750000
v 0.002957224 -0.009824833 -0.001750000
v 0.002943814 -0.009800388 -0.001750000
v 0.002943668 -0.009800123 -0.001750000
v 0.002933052 -0.009780772 -0.001750000
v 0.002929539 -0.009774370 -0.001750000
v 0.002921795 -0.009762096 -0.001750000
v 0.002906325 -0.009737577 -0.001750000
v 0.002898104 -0.009724548 -0.001750000
v 0.002886003 -0.009705368 -0.001750000
v 0.002879024 -0.009694308 -0.001750000
v 0.002874225 -0.009686701 -0.001750000
v 0.002851608 -0.009650856 -0.001750000
v 0.002850230 -0.009648673 -0.001750000
v 0.002826647 -0.009611295 -0.001750000
v 0.002826195 -0.009610578 -0.001750000
v 0.002824147 -0.009607334 -0.001750000
v 0.002818728 -0.009598744 -0.001750000
v 0.002800632 -0.009573607 -0.001750000
v 0.002794643 -0.009565289 -0.001750000
v 0.002774517 -0.009537331 -0.001750000
v 0.002764788 -0.009523817 -0.001750000
v 0.002762396 -0.009520495 -0.001750000
v 0.002748640 -0.009501387 -0.001750000
v 0.002735176 -0.009482684 -0.001750000
v 0.002723086 -0.009465889 -0.001750000
v 0.002705889 -0.009442002 -0.001750000
v 0.002697937 -0.009430955 -0.001750000
v 0.002697401 -0.009430211 -0.001750000
v 0.002675334 -0.009403202 -0.001750000
v 0.002671300 -0.009398265 -0.001750000
v 0.002645290 -0.009366430 -0.001750000
v 0.002644665 -0.009365665 -0.001750000
v 0.002627016 -0.009344064 -0.001750000
v 0.002620048 -0.009335536 -0.001750000
v 0.002614683 -0.009328969 -0.001750000
v 0.002595679 -0.009305709 -0.001750000
v 0.002585492 -0.009293241 -0.001750000
v 0.002572290 -0.009277082 -0.001750000
v 0.002566013 -0.009269399 -0.001750000
v 0.002556559 -0.009259173 -0.001750000
v 0.002555939 -0.009258502 -0.001750000
v 0.002548833 -0.009250815 -0.001750000
v 0.002527327 -0.009227550 -0.001750000
v 0.002526245 -0.009226379 -0.001750000
v 0.002499353 -0.009197288 -0.001750000
v 0.002480434 -0.009176820 -0.001750000
v 0.002472771 -0.009168531 -0.001750000
v 0.002425052 -0.009116909 -0.001750000
v 0.002403614 -0.009096386 -0.001750000
v 0.002323268 -0.009019472 -0.001750000
v 0.002275044 -0.008973308 -0.001750000
v 0.002241072 -0.008944548 -0.001750000
v 0.002156183 -0.008872684 -0.001750000
v 0.002116550 -0.008839132 -0.001750000
v 0.002069001 -0.008803626 -0.001750000
v 0.001979882 -0.008737078 -0.001750000
v 0.001950160 -0.008714883 -0.001750000
v 0.001888130 -0.008674214 -0.001750000
v 0.001795110 -0.008613228 -0.001750000
v 0.001776495 -0.008601023 -0.001750000
v 0.001699223 -0.008556859 -0.001750000
v 0.001602646 -0.008501660 -0.001750000
v 0.001596203 -0.008497978 -0.001750000
v 0.001503080 -0.008452055 -0.001750000
v 0.001409957 -0.008406132 -0.001750000
v 0.001403114 -0.008403262 -0.001750000
v 0.001300529 -0.008360245 -0.001750000
v 0.001218451 -0.008325827 -0.001750000
v 0.001197436 -0.008318488 -0.001750000
v 0.001092426 -0.008281817 -0.001750000
v 0.001022400 -0.008257362 -0.001750000
v 0.000986698 -0.008247293 -0.001750000
v 0.000879650 -0.008217103 -0.001750000
v 0.000822534 -0.008200995 -0.001750000
v 0.000771789 -0.008189977 -0.001750000
v 0.000663099 -0.008166378 -0.001750000
v 0.000619601 -0.008156933 -0.001750000
v 0.000553619 -0.008146778 -0.001750000
v 0.000443688 -0.008129858 -0.001750000
v 0.000414356 -0.008125343 -0.001750000
v 0.000333110 -0.008117878 -0.001750000
v 0.000222343 -0.008107700 -0.001750000
v 0.000207565 -0.008106342 -0.001750000
v 0.000111193 -0.008103397 -0.001750000
v -0.000000000 -0.008100000 -0.001750000
v -0.000111193 -0.008103397 -0.001750000
v -0.000207565 -0.008106342 -0.001750000
v -0.000222343 -0.008107700 -0.001750000
v -0.000333110 -0.008117878 -0.001750000
v -0.000414356 -0.008125343 -0.001750000
v -0.000443688 -0.008129858 -0.001750000
v -0.000553619 -0.008146778 -0.001750000
v -0.000619601 -0.008156933 -0.001750000
v -0.000663099 -0.008166378 -0.001750000
v -0.000771789 -0.008189977 -0.001750000
v -0.000822534 -0.008200995 -0.001750000
v -0.000879650 -0.008217103 -0.001750000
v -0.000986698 -0.008247293 -0.001750000
v -0.001022400 -0.008257362 -0.001750000
v -0.001092426 -0.008281817 -0.001750000
v -0.001197436 -0.008318488 -0.001750000
v -0.001218451 -0.008325827 -0.001750000
v -0.001300529 -0.008360245 -0.001750000
v -0.001403114 -0.008403262 -0.001750000
v -0.001409957 -0.008406132 -0.001750000
v -0.001503080 -0.008452055 -0.001750000
v -0.001596203 -0.008497978 -0.001750000
v -0.001602646 -0.008501660 -0.001750000
v -0.001699223 -0.008556859 -0.001750000
v -0.001776495 -0.008601023 -0.001750000
v -0.001795110 -0.008613228 -0.001750000
v -0.001888130 -0.008674214 -0.001750000
v -0.001950160 -0.008714883 -0.001750000
v -0.001979882 -0.008737078 -0.001750000
v -0.002069001 -0.008803626 -0.001750000
v -0.002116550 -0.008839132 -0.001750000
v -0.002156183 -0.008872684 -0.001750000
v -0.002241072 -0.008944548 -0.001750000
v -0.002275044 -0.008973308 -0.001750000
v -0.002323268 -0.009019472 -0.001750000
v -0.002403614 -0.009096386 -0.001750000
v -0.002425052 -0.009116909 -0.001750000
v -0.002472771 -0.009168531 -0.001750000
v -0.002480434 -0.009176820 -0.001750000
v -0.002499353 -0.009197288 -0.001750000
v -0.002526245 -0.009226379 -0.001750000
v -0.002527327 -0.009227550 -0.001750000
v -0.002548833 -0.009250815 -0.001750000
v -0.002555939 -0.009258502 -0.001750000
v -0.002556559 -0.009259173 -0.001750000
v -0.002566013 -0.009269399 -0.001750000
v -0.002572290 -0.009277082 -0.001750000
v -0.002585492 -0.009293241 -0.001750000
v -0.002595679 -0.009305709 -0.001750000
v -0.002614683 -0.009328969 -0.001750000
v -0.002620048 -0.009335536 -0.001750000
v -0.002627016 -0.009344064 -0.001750000
v -0.002644665 -0.009365665 -0.001750000
v -0.002645290 -0.009366430 -0.001750000
v -0.002671300 -0.009398265 -0.001750000
v -0.002675334 -0.009403202 -0.001750000
v -0.002697401 -0.009430211 -0.001750000
v -0.002697937 -0.009430955 -0.001750000
v -0.002705889 -0.009442002 -0.001750000
v -0.002723086 -0.009465889 -0.001750000
v -0.002735176 -0.009482684 -0.001750000
v -0.002748640 -0.009501387 -0.001750000
v -0.002762396 -0.009520495 -0.001750000
v -0.002764788 -0.009523817 -0.001750000
v -0.002774517 -0.009537331 -0.001750000
v -0.002794643 -0.009565289 -0.001750000
v -0.002800632 -0.009573607 -0.001750000
v -0.002818728 -0.009598744 -0.001750000
v -0.002824147 -0.009607334 -0.001750000
v -0.002826195 -0.009610578 -0.001750000
v -0.002826647 -0.009611295 -0.001750000
v -0.002850230 -0.009648673 -0.001750000
v -0.002851608 -0.009650856 -0.001750000
v -0.002874225 -0.009686701 -0.001750000
v -0.002879024 -0.009694308 -0.001750000
v -0.002886003 -0.009705368 -0.001750000
v -0.002898104 -0.009724548 -0.001750000
v -0.002906325 -0.009737577 -0.001750000
v -0.002921795 -0.009762096 -0.001750000
v -0.002929539 -0.009774370 -0.001750000
v -0.002933052 -0.009780772 -0.001750000
v -0.002943668 -0.009800123 -0.001750000
v -0.002943814 -0.009800388 -0.001750000
v -0.002957224 -0.009824833 -0.001750000
v -0.002964438 -0.009837982 -0.001750000
v -0.002981048 -0.009868258 -0.001750000
v -0.002984797 -0.009875092 -0.001750000
v -0.002997312 -0.009897903 -0.001750000
v -0.003004453 -0.009910919 -0.001750000
v -0.003004674 -0.009911322 -0.001750000
v -0.003027364 -0.009952681 -0.001750000
v -0.003029422 -0.009956432 -0.001750000
v -0.003048409 -0.009996691 -0.001750000
v -0.003095854 -0.010097287 -0.001750000
v -0.003118004 -0.010144253 -0.001750000
v -0.003139994 -0.010199372 -0.001750000
v -0.003181209 -0.010302678 -0.001750000
v -0.003194955 -0.010337132 -0.001750000
v -0.003218183 -0.010407574 -0.001750000
v -0.003253016 -0.010513208 -0.001750000
v -0.003259987 -0.010534348 -0.001750000
v -0.003282647 -0.010620417 -0.001750000
v -0.003310969 -0.010727990 -0.001750000
v -0.003312858 -0.010735166 -0.001750000
v -0.003333115 -0.010837002 -0.001750000
v -0.003353371 -0.010938838 -0.001750000
v -0.003354372 -0.010946191 -0.001750000
v -0.003369372 -0.011056414 -0.001750000
v -0.003381374 -0.011144603 -0.001750000
v -0.003383024 -0.011166801 -0.001750000
v -0.003391267 -0.011277725 -0.001750000
v -0.003396764 -0.011351694 -0.001750000
v -0.003397250 -0.011388786 -0.001750000
v -0.003398705 -0.011500000 -0.001750000
v -0.003399482 -0.011559338 -0.001750000
v -0.003396991 -0.011611206 -0.001750000
v -0.003391655 -0.011722301 -0.001750000
v -0.003389519 -0.011766761 -0.001750000
v -0.003382251 -0.011833123 -0.001750000
v -0.003370142 -0.011943688 -0.001750000
v -0.003366911 -0.011973189 -0.001750000
v -0.003353095 -0.012053598 -0.001750000
v -0.003334257 -0.012163225 -0.001750000
v -0.003331744 -0.012177851 -0.001750000
v -0.003309645 -0.012271701 -0.001750000
v -0.003284148 -0.012379985 -0.001750000
v -0.003252087 -0.012486510 -0.001750000
v -0.003224300 -0.012578836 -0.001750000
v -0.003219164 -0.012592759 -0.001750000
v -0.003180664 -0.012697117 -0.001750000
v -0.003152425 -0.012773662 -0.001750000
v -0.003140473 -0.012800826 -0.001750000
v -0.003095677 -0.012902633 -0.001750000
v -0.003068790 -0.012963738 -0.001750000
v -0.003048409 -0.013003309 -0.001750000
v -0.002997483 -0.013102188 -0.001750000
v -0.002973707 -0.013148353 -0.001750000
v -0.002943365 -0.013199353 -0.001750000
v -0.002914136 -0.013248482 -0.001750000
v -0.002891497 -0.013286536 -0.001750000
v -0.002887940 -0.013292514 -0.001750000
v -0.002886497 -0.013294939 -0.001750000
v -0.002868355 -0.013325433 -0.001750000
v -0.002868231 -0.013325642 -0.001750000
v -0.002867531 -0.013326819 -0.001750000
v -0.002846232 -0.013358100 -0.001750000
v -0.002842111 -0.013364152 -0.001750000
v -0.002825786 -0.013388130 -0.001750000
v -0.002823482 -0.013391513 -0.001750000
v -0.002815450 -0.013403309 -0.001750000
v -0.002800271 -0.013425603 -0.001750000
v -0.002788401 -0.013443036 -0.001750000
v -0.002776682 -0.013460248 -0.001750000
v -0.002763185 -0.013480071 -0.001750000
v -0.002761045 -0.013483215 -0.001750000
v -0.002752796 -0.013495330 -0.001750000
v -0.002750658 -0.013498470 -0.001750000
v -0.002731959 -0.013522619 -0.001750000
v -0.002726777 -0.013529312 -0.001750000
v -0.002701846 -0.013561512 -0.001750000
v -0.002700457 -0.013563305 -0.001750000
v -0.002696169 -0.013568843 -0.001750000
v -0.002674107 -0.013597336 -0.001750000
v -0.002671703 -0.013600441 -0.001750000
v -0.002647812 -0.013631297 -0.001750000
v -0.002641615 -0.013639300 -0.001750000
v -0.002628067 -0.013656799 -0.001750000
v -0.002623524 -0.013662666 -0.001750000
v -0.002621512 -0.013664960 -0.001750000
v -0.002610757 -0.013677224 -0.001750000
v -0.002593608 -0.013696778 -0.001750000
v -0.002578791 -0.013713674 -0.001750000
v -0.002566080 -0.013728167 -0.001750000
v -0.002555063 -0.013740730 -0.001750000
v -0.002547214 -0.013749680 -0.001750000
v -0.002539023 -0.013759020 -0.001750000
v -0.002516120 -0.013785136 -0.001750000
v -0.002512534 -0.013789225 -0.001750000
v -0.002486712 -0.013818670 -0.001750000
v -0.002486603 -0.013818794 -0.001750000
v -0.002485541 -0.013819865 -0.001750000
v -0.002481378 -0.013824064 -0.001750000
v -0.002459989 -0.013845641 -0.001750000
v -0.002453721 -0.013851965 -0.001750000
v -0.002434230 -0.013871626 -0.001750000
v -0.002422795 -0.013883161 -0.001750000
v -0.002409559 -0.013896513 -0.001750000
v -0.002403065 -0.013903065 -0.001750000
v -0.002392882 -0.013913336 -0.001750000
v -0.002386095 -0.013920183 -0.001750000
v -0.002364106 -0.013942365 -0.001750000
v -0.002340406 -0.013966273 -0.001750000
v -0.002336369 -0.013969876 -0.001750000
v -0.002323799 -0.013981095 -0.001750000
v -0.002240816 -0.014055160 -0.001750000
v -0.002185478 -0.014104551 -0.001750000
v -0.002172532 -0.014147238 -0.001750000
v -0.002132525 -0.014279160 -0.001750000
v -0.002090595 -0.014417422 -0.001750000
v -0.002046504 -0.014562809 -0.001750000
v -0.001999978 -0.014716226 -0.001750000
v -0.001950701 -0.014878713 -0.001750000
v -0.001898306 -0.015051481 -0.001750000
v -0.001842365 -0.015235946 -0.001750000
v -0.001782370 -0.015433774 -0.001750000
v -0.001717722 -0.015646947 -0.001750000
v -0.001647701 -0.015877837 -0.001750000
v -0.001571438 -0.016129308 -0.001750000
v -0.001550000 -0.016200000 -0.001750000
v -0.001642334 -0.016914050 -0.001750000
v -0.001821083 -0.018296373 -0.001750000
v -0.002115408 -0.020572492 -0.001750000
v -0.002300000 -0.022000000 -0.001750000
v -0.002088580 -0.022000000 -0.001750000
v -0.001733557 -0.022000000 -0.001750000
v -0.001382351 -0.022000000 -0.001750000
v -0.001034160 -0.022000000 -0.001750000
v -0.000688206 -0.022000000 -0.001750000
v -0.000343734 -0.022000000 -0.001750000
v 0.000000000 -0.022000000 -0.001750000
v 0.000343734 -0.022000000 -0.001750000
v 0.000688206 -0.022000000 -0.001750000
v 0.001034160 -0.022000000 -0.001750000
v 0.001382351 -0.022000000 -0.001750000
v 0.001733557 -0.022000000 -0.001750000
v 0.002088580 -0.022000000 -0.001750000
v 0.002300000 -0.022000000 -0.001750000
v 0.002115408 -0.020572492 -0.001750000
v 0.001821083 -0.018296373 -0.001750000
v 0.001642334 -0.016914050 -0.001750000
v 0.001550000 -0.016200000 -0.001750000
v 0.001571438 -0.016129308 -0.001750000
v 0.001647701 -0.015877837 -0.001750000
v 0.001717722 -0.015646947 -0.001750000
v 0.001782370 -0.015433774 -0.001750000
v 0.001842365 -0.015235946 -0.001750000
v 0.001898306 -0.015051481 -0.001750000
v 0.001950701 -0.014878713 -0.001750000
v 0.001999978 -0.014716226 -0.001750000
v 0.002046504 -0.014562809 -0.001750000
v 0.002090595 -0.014417422 -0.001750000
v 0.002132525 -0.014279160 -0.001750000
v 0.002172532 -0.014147238 -0.001750000
v 0.002185478 -0.014104551 -0.001750000
v 0.002240816 -0.014055160 -0.001750000
v 0.002323799 -0.013981095 -0.001750000
v 0.002336369 -0.013969876 -0.001750000
v 0.002340406 -0.013966273 -0.001750000
v 0.002364106 -0.013942365 -0.001750000
v 0.002386095 -0.013920183 -0.001750000
v 0.002392882 -0.013913336 -0.001750000
v 0.002403065 -0.013903065 -0.001750000
v 0.002409559 -0.013896513 -0.001750000
v 0.002422795 -0.013883161 -0.001750000
v 0.002434230 -0.013871626 -0.001750000
v 0.002453721 -0.013851965 -0.001750000
v 0.002459989 -0.013845641 -0.001750000
v 0.002481378 -0.013824064 -0.001750000
v 0.002485541 -0.013819865 -0.001750000
v 0.002486603 -0.013818794 -0.001750000
v 0.002486712 -0.013818670 -0.001750000
v 0.002512534 -0.013789225 -0.001750000
v 0.002516120 -0.013785136 -0.001750000
v 0.002539023 -0.013759020 -0.001750000
v 0.002547214 -0.013749680 -0.001750000
v 0.002555063 -0.013740730 -0.001750000
v 0.002566080 -0.013728167 -0.001750000
v 0.002578791 -0.013713674 -0.001750000
v 0.002593608 -0.013696778 -0.001750000
v 0.002610757 -0.013677224 -0.001750000
v 0.002621512 -0.013664960 -0.001750000
v 0.002623524 -0.013662666 -0.001750000
v 0.002628067 -0.013656799 -0.001750000
v 0.002641615 -0.013639300 -0.001750000
v 0.002647812 -0.013631297 -0.001750000
v 0.002671703 -0.013600441 -0.001750000
v 0.002674107 -0.013597336 -0.001750000
v 0.002696169 -0.013568843 -0.001750000
v 0.002700457 -0.013563305 -0.001750000
v 0.002701846 -0.013561512 -0.001750000
v 0.002726777 -0.013529312 -0.001750000
v 0.002731959 -0.013522619 -0.001750000
v 0.002750658 -0.013498470 -0.001750000
v 0.002752796 -0.013495330 -0.001750000
v 0.002761045 -0.013483215 -0.001750000
v 0.002763185 -0.013480071 -0.001750000
v 0.002776682 -0.013460248 -0.001750000
v 0.002788401 -0.013443036 -0.001750000
v 0.002800271 -0.013425603 -0.001750000
v 0.002815450 -0.013403309 -0.001750000
v 0.002823482 -0.013391513 -0.001750000
v 0.002825786 -0.013388130 -0.001750000
v 0.002842111 -0.013364152 -0.001750000
v 0.002846232 -0.013358100 -0.001750000
v 0.002867531 -0.013326819 -0.001750000
v 0.002868231 -0.013325642 -0.001750000
v 0.002868355 -0.013325433 -0.001750000
v 0.002886497 -0.013294939 -0.001750000
v 0.002887940 -0.013292514 -0.001750000
v 0.002891497 -0.013286536 -0.001750000
v 0.002914136 -0.013248482 -0.001750000
v 0.002943365 -0.013199353 -0.001750000
v 0.002973707 -0.013148353 -0.001750000
v 0.002997483 -0.013102188 -0.001750000
v 0.003048409 -0.013003309 -0.001750000
v 0.003068790 -0.012963738 -0.001750000
v 0.003095677 -0.012902633 -0.001750000
v 0.003140473 -0.012800826 -0.001750000
v 0.003152425 -0.012773662 -0.001750000
v 0.003180664 -0.012697117 -0.001750000
v 0.003219164 -0.012592759 -0.001750000
v 0.003224300 -0.012578836 -0.001750000
v 0.003252087 -0.012486510 -0.001750000
v 0.003284148 -0.012379985 -0.001750000
v 0.003309645 -0.012271701 -0.001750000
v 0.003331744 -0.012177851 -0.001750000
v 0.003334257 -0.012163225 -0.001750000
v 0.003353095 -0.012053598 -0.001750000
v 0.003366911 -0.011973189 -0.001750000
v 0.003370142 -0.011943688 -0.001750000
v 0.003382251 -0.011833123 -0.001750000
v 0.003389519 -0.011766761 -0.001750000
v 0.003391655 -0.011722301 -0.001750000
v 0.003396991 -0.011611206 -0.001750000
v 0.003399482 -0.011559338 -0.001750000
v 0.003398705 -0.011500000 0.001750000
v 0.003397250 -0.011388786 0.001750000
v 0.003396764 -0.011351694 0.001750000
v 0.003391267 -0.011277725 0.001750000
v 0.003383024 -0.011166801 0.001750000
v 0.003381374 -0.011144603 0.001750000
v 0.003369372 -0.011056414 0.001750000
v 0.003354372 -0.010946191 0.001750000
v 0.003353371 -0.010938838 0.001750000
v 0.003333115 -0.010837002 0.001750000
v 0.003312858 -0.010735166 0.001750000
v 0.003310969 -0.010727990 0.001750000
v 0.003282647 -0.010620417 0.001750000
v 0.003259987 -0.010534348 0.001750000
v 0.003253016 -0.010513208 0.001750000
v 0.003218183 -0.010407574 0.001750000
v 0.003194955 -0.010337132 0.001750000
v 0.003181209 -0.010302678 0.001750000
v 0.003139994 -0.010199372 0.001750000
v 0.003118004 -0.010144253 0.001750000
v 0.003095854 -0.010097287 0.001750000
v 0.003048409 -0.009996691 0.001750000
v 0.003029422 -0.009956432 0.001750000
v 0.003027364 -0.009952681 0.001750000
v 0.003004674 -0.009911322 0.001750000
v 0.003004453 -0.009910919 0.001750000
v 0.002997312 -0.009897903 0.001750000
v 0.002984797 -0.009875092 0.001750000
v 0.002981048 -0.009868258 0.001750000
v 0.002964438 -0.009837982 0.001750000
v 0.002957224 -0.009824833 0.001750000
v 0.002943814 -0.009800388 0.001750000
v 0.002943668 -0.009800123 0.001750000
v 0.002933052 -0.009780772 0.001750000
v 0.002929539 -0.009774370 0.001750000
v 0.002921795 -0.009762096 0.001750000
v 0.002906325 -0.009737577 0.001750000
v 0.002898104 -0.009724548 0.001750000
v 0.002886003 -0.009705368 0.001750000
v 0.002879024 -0.009694308 0.001750000
v 0.002874225 -0.009686701 0.001750000
v 0.002851608 -0.009650856 0.001750000
v 0.002850230 -0.009648673 0.001750000
v 0.002826647 -0.009611295 0.001750000
v 0.002826195 -0.009610578 0.001750000
v 0.002824147 -0.009607334 0.001750000
v 0.002818728 -0.009598744 0.001750000
v 0.002800632 -0.009573607 0.001750000
v 0.002794643 -0.009565289 0.001750000
v 0.002774517 -0.009537331 0.001750000
v 0.002764788 -0.009523817 0.001750000
v 0.002762396 -0.009520495 0.001750000
v 0.002748640 -0.009501387 0.001750000
v 0.002735176 -0.009482684 0.001750000
v 0.002723086 -0.009465889 0.001750000
v 0.002705889 -0.009442002 0.001750000
v 0.002697937 -0.009430955 0.001750000
v 0.002697401 -0.009430211 0.001750000
v 0.002675334 -0.009403202 0.001750000
v 0.002671300 -0.009398265 0.001750000
v 0.002645290 -0.009366430 0.001750000
v 0.002644665 -0.009365665 0.001750000
v 0.002627016 -0.009344064 0.001750000
v 0.002620048 -0.009335536 0.001750000
v 0.002614683 -0.009328969 0.001750000
v 0.002595679 -0.009305709 0.001750000
v 0.002585492 -0.009293241 0.001750000
v 0.002572290 -0.009277082 0.001750000
v 0.002566013 -0.009269399 0.001750000
v 0.002556559 -0.009259173 0.001750000
v 0.002555939 -0.009258502 0.001750000
v 0.002548833 -0.009250815 0.001750000
v 0.002527327 -0.009227550 0.001750000
v 0.002526245 -0.009226379 0.001750000
v 0.002499353 -0.009197288 0.001750000
v 0.002480434 -0.009176820 0.001750000
v 0.002472771 -0.009168531 0.001750000
v 0.002425052 -0.009116909 0.001750000
v 0.002403614 -0.009096386 0.001750000
v 0.002323268 -0.009019472 0.001750000
v 0.002275044 -0.008973308 0.001750000
v 0.002241072 -0.008944548 0.001750000
v 0.002156183 -0.008872684 0.001750000
v 0.002116550 -0.008839132 0.001750000
v 0.002069001 -0.008803626 0.001750000
v 0.001979882 -0.008737078 0.001750000
v 0.001950160 -0.008714883 0.001750000
v 0.001888130 -0.008674214 0.001750000
v 0.001795110 -0.008613228 0.001750000
v 0.001776495 -0.008601023 0.001750000
v 0.001699223 -0.008556859 0.001750000
v 0.001602646 -0.008501660 0.001750000
v 0.001596203 -0.008497978 0.001750000
v 0.001503080 -0.008452055 0.001750000
v 0.001409957 -0.008406132 0.001750000
v 0.001403114 -0.008403262 0.001750000
v 0.001300529 -0.008360245 0.001750000
v 0.001218451 -0.008325827 0.001750000
v 0.001197436 -0.008318488 0.001750000
v 0.001092426 -0.008281817 0.001750000
v 0.001022400 -0.008257362 0.001750000
v 0.000986698 -0.008247293 0.001750000
v 0.000879650 -0.008217103 0.001750000
v 0.000822534 -0.008200995 0.001750000
v 0.000771789 -0.008189977 0.001750000
v 0.000663099 -0.008166378 0.001750000
v 0.000619601 -0.008156933 0.001750000
v 0.000553619 -0.008146778 0.001750000
v 0.000443688 -0.008129858 0.001750000
v 0.000414356 -0.008125343 0.001750000
v 0.000333110 -0.008117878 0.001750000
v 0.000222343 -0.008107700 0.001750000
v 0.000207565 -0.008106342 0.001750000
v 0.000111193 -0.008103397 0.001750000
v -0.000000000 -0.008100000 0.001750000
v -0.000111193 -0.008103397 0.001750000
v -0.000207565 -0.008106342 0.001750000
v -0.000222343 -0.008107700 0.001750000
v -0.000333110 -0.008117878 0.001750000
v -0.000414356 -0.008125343 0.001750000
v -0.000443688 -0.008129858 0.001750000
v -0.000553619 -0.008146778 0.001750000
v -0.000619601 -0.008156933 0.001750000
v -0.000663099 -0.008166378 0.001750000
v -0.000771789 -0.008189977 0.001750000
v -0.000822534 -0.008200995 0.001750000
v -0.000879650 -0.008217103 0.001750000
v -0.000986698 -0.008247293 0.001750000
v -0.001022400 -0.008257362 0.001750000
v -0.001092426 -0.008281817 0.001750000
v -0.001197436 -0.008318488 0.001750000
v -0.001218451 -0.008325827 0.001750000
v -0.001300529 -0.008360245 0.001750000
v -0.001403114 -0.008403262 0.001750000
v -0.001409957 -0.008406132 0.001750000
v -0.001503080 -0.008452055 0.001750000
v -0.001596203 -0.008497978 0.001750000
v -0.001602646 -0.008501660 0.001750000
v -0.001699223 -0.008556859 0.001750000
v -0.001776495 -0.008601023 0.001750000
v -0.001795110 -0.008613228 0.001750000
v -0.001888130 -0.008674214 0.001750000
v -0.001950160 -0.008714883 0.001750000
v -0.001979882 -0.008737078 0.001750000
v -0.002069001 -0.008803626 0.001750000
v -0.002116550 -0.008839132 0.001750000
v -0.002156183 -0.008872684 0.001750000
v -0.002241072 -0.008944548 0.001750000
v -0.002275044 -0.008973308 0.001750000
v -0.002323268 -0.009019472 0.001750000
v -0.002403614 -0.009096386 0.001750000
v -0.002425052 -0.009116909 0.001750000
v -0.002472771 -0.009168531 0.001750000
v -0.002480434 -0.009176820 0.001750000
v -0.002499353 -0.009197288 0.001750000
v -0.002526245 -0.009226379 0.001750000
v -0.002527327 -0.009227550 0.001750000
v -0.002548833 -0.009250815 0.001750000
v -0.002555939 -0.009258502 0.001750000
v -0.002556559 -0.009259173 0.001750000
v -0.002566013 -0.009269399 0.001750000
v -0.002572290 -0.009277082 0.001750000
v -0.002585492 -0.009293241 0.001750000
v -0.002595679 -0.009305709 0.001750000
v -0.002614683 -0.009328969 0.001750000
v -0.002620048 -0.009335536 0.001750000
v -0.002627016 -0.009344064 0.001750000
v -0.002644665 -0.009365665 0.001750000
v -0.002645290 -0.009366430 0.001750000
v -0.002671300 -0.009398265 0.001750000
v -0.002675334 -0.009403202 0.001750000
v -0.002697401 -0.009430211 0.001750000
v -0.002697937 -0.009430955 0.001750000
v -0.002705889 -0.009442002 0.001750000
v -0.002723086 -0.009465889 0.001750000
v -0.002735176 -0.009482684 0.001750000
v -0.002748640 -0.009501387 0.001750000
v -0.002762396 -0.009520495 0.001750000
v -0.002764788 -0.009523817 0.001750000
v -0.002774517 -0.009537331 0.001750000
v -0.002794643 -0.009565289 0.001750000
v -0.002800632 -0.009573607 0.001750000
v -0.002818728 -0.009598744 0.001750000
v -0.002824147 -0.009607334 0.001750000
v -0.002826195 -0.009610578 0.001750000
v -0.002826647 -0.009611295 0.001750000
v -0.002850230 -0.009648673 0.001750000
v -0.002851608 -0.009650856 0.001750000
v -0.002874225 -0.009686701 0.001750000
v -0.002879024 -0.009694308 0.001750000
v -0.002886003 -0.009705368 0.001750000
v -0.002898104 -0.009724548 0.001750000
v -0.002906325 -0.009737577 0.001750000
v -0.002921795 -0.009762096 0.001750000
v -0.002929539 -0.009774370 0.001750000
v -0.002933052 -0.009780772 0.001750000
v -0.002943668 -0.009800123 0.001750000
v -0.002943814 -0.009800388 0.001750000
v -0.002957224 -0.009824833 0.001750000
v -0.002964438 -0.009837982 0.001750000
v -0.002981048 -0.009868258 0.001750000
v -0.002984797 -0.009875092 0.001750000
v -0.002997312 -0.009897903 0.001750000
v -0.003004453 -0.009910919 0.001750000
v -0.003004674 -0.009911322 0.001750000
v -0.003027364 -0.009952681 0.001750000
v -0.003029422 -0.009956432 0.001750000
v -0.003048409 -0.009996691 0.001750000
v -0.003095854 -0.010097287 0.001750000
v -0.003118004 -0.010144253 0.001750000
v -0.003139994 -0.010199372 0.001750000
v -0.003181209 -0.010302678 0.001750000
v -0.003194955 -0.010337132 0.001750000
v -0.003218183 -0.010407574 0.001750000
v -0.003253016 -0.010513208 0.001750000
v -0.003259987 -0.010534348 0.001750000
v -0.003282647 -0.010620417 0.001750000
v -0.003310969 -0.010727990 0.001750000
v -0.003312858 -0.010735166 0.001750000
v -0.003333115 -0.010837002 0.001750000
v -0.003353371 -0.010938838 0.001750000
v -0.003354372 -0.010946191 0.001750000
v -0.003369372 -0.011056414 0.001750000
v -0.003381374 -0.011144603 0.001750000
v -0.003383024 -0.011166801 0.001750000
v -0.003391267 -0.011277725 0.001750000
v -0.003396764 -0.011351694 0.001750000
v -0.003397250 -0.011388786 0.001750000
v -0.003398705 -0.011500000 0.001750000
v -0.003399482 -0.011559338 0.001750000
v -0.003396991 -0.011611206 0.001750000
v -0.003391655 -0.011722301 0.001750000
v -0.003389519 -0.011766761 0.001750000
v -0.003382251 -0.011833123 0.001750000
v -0.003370142 -0.011943688 0.001750000
v -0.003366911 -0.011973189 0.001750000
v -0.003353095 -0.012053598 0.001750000
v -0.003334257 -0.012163225 0.001750000
v -0.003331744 -0.012177851 0.001750000
v -0.003309645 -0.012271701 0.001750000
v -0.003284148 -0.012379985 0.001750000
v -0.003252087 -0.012486510 0.001750000
v -0.003224300 -0.012578836 0.001750000
v -0.003219164 -0.012592759 0.001750000
v -0.003180664 -0.012697117 0.001750000
v -0.003152425 -0.012773662 0.001750000
v -0.003140473 -0.012800826 0.001750000
v -0.003095677 -0.012902633 0.001750000
v -0.003068790 -0.012963738 0.001750000
v -0.003048409 -0.013003309 0.001750000
v -0.002997483 -0.013102188 0.001750000
v -0.002973707 -0.013148353 0.001750000
v -0.002943365 -0.013199353 0.001750000
v -0.002914136 -0.013248482 0.001750000
v -0.002891497 -0.013286536 0.001750000
v -0.002887940 -0.013292514 0.001750000
v -0.002886497 -0.013294939 0.001750000
v -0.002868355 -0.013325433 0.001750000
v -0.002868231 -0.013325642 0.001750000
v -0.002867531 -0.013326819 0.001750000
v -0.002846232 -0.013358100 0.001750000
v -0.002842111 -0.013364152 0.001750000
v -0.002825786 -0.013388130 0.001750000
v -0.002823482 -0.013391513 0.001750000
v -0.002815450 -0.013403309 0.001750000
v -0.002800271 -0.013425603 0.001750000
v -0.002788401 -0.013443036 0.001750000
v -0.002776682 -0.013460248 0.001750000
v -0.002763185 -0.013480071 0.001750000
v -0.002761045 -0.013483215 0.001750000
v -0.002752796 -0.013495330 0.001750000
v -0.002750658 -0.013498470 0.001750000
v -0.002731959 -0.013522619 0.001750000
v -0.002726777 -0.013529312 0.001750000
v -0.002701846 -0.013561512 0.001750000
v -0.002700457 -0.013563305 0.001750000
v -0.002696169 -0.013568843 0.001750000
v -0.002674107 -0.013597336 0.001750000
v -0.002671703 -0.013600441 0.001750000
v -0.002647812 -0.013631297 0.001750000
v -0.002641615 -0.013639300 0.001750000
v -0.002628067 -0.013656799 0.001750000
v -0.002623524 -0.013662666 0.001750000
v -0.002621512 -0.013664960 0.001750000
v -0.002610757 -0.013677224 0.001750000
v -0.002593608 -0.013696778 0.001750000
v -0.002578791 -0.013713674 0.001750000
v -0.002566080 -0.013728167 0.001750000
v -0.002555063 -0.013740730 0.001750000
v -0.002547214 -0.013749680 0.001750000
v -0.002539023 -0.013759020 0.001750000
v -0.002516120 -0.013785136 0.001750000
v -0.002512534 -0.013789225 0.001750000
v -0.002486712 -0.013818670 0.001750000
v -0.002486603 -0.013818794 0.001750000
v -0.002485541 -0.013819865 0.001750000
v -0.002481378 -0.013824064 0.001750000
v -0.002459989 -0.013845641 0.001750000
v -0.002453721 -0.013851965 0.001750000
v -0.002434230 -0.013871626 0.001750000
v -0.002422795 -0.013883161 0.001750000
v -0.002409559 -0.013896513 0.001750000
v -0.002403065 -0.013903065 0.001750000
v -0.002392882 -0.013913336 0.001750000
v -0.002386095 -0.013920183 0.001750000
v -0.002364106 -0.013942365 0.001750000
v -0.002340406 -0.013966273 0.001750000
v -0.002336369 -0.013969876 0.001750000
v -0.002323799 -0.013981095 0.001750000
v -0.002240816 -0.014055160 0.001750000
v -0.002185478 -0.014104551 0.001750000
v -0.002172532 -0.014147238 0.001750000
v -0.002132525 -0.014279160 0.001750000
v -0.002090595 -0.014417422 0.001750000
v -0.002046504 -0.014562809 0.001750000
v -0.001999978 -0.014716226 0.001750000
v -0.001950701 -0.014878713 0.001750000
v -0.001898306 -0.015051481 0.001750000
v -0.001842365 -0.015235946 0.001750000
v -0.001782370 -0.015433774 0.001750000
v -0.001717722 -0.015646947 0.001750000
v -0.001647701 -0.015877837 0.001750000
v -0.001571438 -0.016129308 0.001750000
v -0.001550000 -0.016200000 0.001750000
v -0.001642334 -0.016914050 0.001750000
v -0.001821083 -0.018296373 0.001750000
v -0.002115408 -0.020572492 0.001750000
v -0.002300000 -0.022000000 0.001750000
v -0.002088580 -0.022000000 0.001750000
v -0.001733557 -0.022000000 0.001750000
v -0.001382351 -0.022000000 0.001750000
v -0.001034160 -0.022000000 0.001750000
v -0.000688206 -0.022000000 0.001750000
v -0.000343734 -0.022000000 0.001750000
v 0.000000000 -0.022000000 0.001750000
v 0.000343734 -0.022000000 0.001750000
v 0.000688206 -0.022000000 0.001750000
v 0.001034160 -0.022000000 0.001750000
v 0.001382351 -0.022000000 0.001750000
v 0.001733557 -0.022000000 0.001750000
v 0.002088580 -0.022000000 0.001750000
v 0.002300000 -0.022000000 0.001750000
v 0.002115408 -0.020572492 0.001750000
v 0.001821083 -0.018296373 0.001750000
v 0.001642334 -0.016914050 0.001750000
v 0.001550000 -0.016200000 0.001750000
v 0.001571438 -0.016129308 0.001750000
v 0.001647701 -0.015877837 0.001750000
v 0.001717722 -0.015646947 0.001750000
v 0.001782370 -0.015433774 0.001750000
v 0.001842365 -0.015235946 0.001750000
v 0.001898306 -0.015051481 0.001750000
v 0.001950701 -0.014878713 0.001750000
v 0.001999978 -0.014716226 0.001750000
v 0.002046504 -0.014562809 0.001750000
v 0.002090595 -0.014417422 0.001750000
v 0.002132525 -0.014279160 0.001750000
v 0.002172532 -0.014147238 0.001750000
v 0.002185478 -0.014104551 0.001750000
v 0.002240816 -0.014055160 0.001750000
v 0.002323799 -0.013981095 0.001750000
v 0.002336369 -0.013969876 0.001750000
v 0.002340406 -0.013966273 0.001750000
v 0.002364106 -0.013942365 0.001750000
v 0.002386095 -0.013920183 0.001750000
v 0.002392882 -0.013913336 0.001750000
v 0.002403065 -0.013903065 0.001750000
v 0.002409559 -0.013896513 0.001750000
v 0.002422795 -0.013883161 0.001750000
v 0.002434230 -0.013871626 0.001750000
v 0.002453721 -0.013851965 0.001750000
v 0.002459989 -0.013845641 0.001750000
v 0.002481378 -0.013824064 0.001750000
v 0.002485541 -0.013819865 0.001750000
v 0.002486603 -0.013818794 0.001750000
v 0.002486712 -0.013818670 0.001750000
v 0.002512534 -0.013789225 0.001750000
v 0.002516120 -0.013785136 0.001750000
v 0.002539023 -0.013759020 0.001750000
v 0.002547214 -0.013749680 0.001750000
v 0.002555063 -0.013740730 0.001750000
v 0.002566080 -0.013728167 0.001750000
v 0.002578791 -0.013713674 0.001750000
v 0.002593608 -0.013696778 0.001750000
v 0.002610757 -0.013677224 0.001750000
v 0.002621512 -0.013664960 0.001750000
v 0.002623524 -0.013662666 0.001750000
v 0.002628067 -0.013656799 0.001750000
v 0.002641615 -0.013639300 0.001750000
v 0.002647812 -0.013631297 0.001750000
v 0.002671703 -0.013600441 0.001750000
v 0.002674107 -0.013597336 0.001750000
v 0.002696169 -0.013568843 0.001750000
v 0.002700457 -0.013563305 0.001750000
v 0.002701846 -0.013561512 0.001750000
v 0.002726777 -0.013529312 0.001750000
v 0.002731959 -0.013522619 0.001750000
v 0.002750658 -0.013498470 0.001750000
v 0.002752796 -0.013495330 0.001750000
v 0.002761045 -0.013483215 0.001750000
v 0.002763185 -0.013480071 0.001750000
v 0.002776682 -0.013460248 0.001750000
v 0.002788401 -0.013443036 0.001750000
v 0.002800271 -0.013425603 0.001750000
v 0.002815450 -0.013403309 0.001750000
v 0.002823482 -0.013391513 0.001750000
v 0.002825786 -0.013388130 0.001750000
v 0.002842111 -0.013364152 0.001750000
v 0.002846232 -0.013358100 0.001750000
v 0.002867531 -0.013326819 0.001750000
v 0.002868231 -0.013325642 0.001750000
v 0.002868355 -0.013325433 0.001750000
v 0.002886497 -0.013294939 0.001750000
v 0.002887940 -0.013292514 0.001750000
v 0.002891497 -0.013286536 0.001750000
v 0.002914136 -0.013248482 0.001750000
v 0.002943365 -0.013199353 0.001750000
v 0.002973707 -0.013148353 0.001750000
v 0.002997483 -0.013102188 0.001750000
v 0.003048409 -0.013003309 0.001750000
v 0.003068790 -0.012963738 0.001750000
v 0.003095677 -0.012902633 0.001750000
v 0.003140473 -0.012800826 0.001750000
v 0.003152425 -0.012773662 0.001750000
v 0.003180664 -0.012697117 0.001750000
v 0.003219164 -0.012592759 0.001750000
v 0.003224300 -0.012578836 0.001750000
v 0.003252087 -0.012486510 0.001750000
v 0.003284148 -0.012379985 0.001750000
v 0.003309645 -0.012271701 0.001750000
v 0.003331744 -0.012177851 0.001750000
v 0.003334257 -0.012163225 0.001750000
v 0.003353095 -0.012053598 0.001750000
v 0.003366911 -0.011973189 0.001750000
v 0.003370142 -0.011943688 0.001750000
v 0.003382251 -0.011833123 0.001750000
v 0.003389519 -0.011766761 0.001750000
v 0.003391655 -0.011722301 0.001750000
v 0.003396991 -0.011611206 0.001750000
v 0.003399482 -0.011559338 0.001750000
v 0.003748705 -0.011500000 0.002500000
v 0.003747062 -0.011377334 0.002500000
v 0.003746431 -0.011336427 0.002500000
v 0.003740518 -0.011254834 0.002500000
v 0.003731339 -0.011132495 0.002500000
v 0.003729457 -0.011108018 0.002500000
v 0.003716378 -0.011010730 0.002500000
v 0.003699697 -0.010889178 0.002500000
v 0.003698571 -0.010881071 0.002500000
v 0.003676389 -0.010768721 0.002500000
v 0.003653888 -0.010656434 0.002500000
v 0.003651826 -0.010648514 0.002500000
v 0.003620721 -0.010529831 0.002500000
v 0.003595574 -0.010434942 0.002500000
v 0.003587945 -0.010411609 0.002500000
v 0.003549609 -0.010295070 0.002500000
v 0.003523847 -0.010217424 0.002500000
v 0.003508776 -0.010179390 0.002500000
v 0.003463352 -0.010065433 0.002500000
v 0.003438975 -0.010004691 0.002500000
v 0.003414656 -0.009952840 0.002500000
v 0.003362315 -0.009841890 0.002500000
v 0.003341274 -0.009797536 0.002500000
v 0.003339016 -0.009793392 0.002500000
v 0.003314086 -0.009747725 0.002500000
v 0.003313843 -0.009747280 0.002500000
v 0.003305985 -0.009732914 0.002500000
v 0.003292198 -0.009707745 0.002500000
v 0.003288064 -0.009700206 0.002500000
v 0.003269730 -0.009666819 0.002500000
v 0.003261758 -0.009652325 0.002500000
v 0.003246922 -0.009625388 0.002500000
v 0.003246761 -0.009625096 0.002500000
v 0.003235002 -0.009603781 0.002500000
v 0.003231109 -0.009596731 0.002500000
v 0.003222605 -0.009583173 0.002500000
v 0.003205597 -0.009556095 0.002500000
v 0.003196552 -0.009541712 0.002500000
v 0.003183223 -0.009520545 0.002500000
v 0.003175531 -0.009508342 0.002500000
v 0.003170239 -0.009499951 0.002500000
v 0.003145270 -0.009460429 0.002500000
v 0.003143748 -0.009458022 0.002500000
v 0.003117661 -0.009416845 0.002500000
v 0.003117161 -0.009416056 0.002500000
v 0.003114894 -0.009412484 0.002500000
v 0.003108891 -0.009403027 0.002500000
v 0.003089000 -0.009375255 0.002500000
v 0.003082413 -0.009366068 0.002500000
v 0.003060252 -0.009335204 0.002500000
v 0.003049530 -0.009320293 0.002500000
v 0.003046893 -0.009316628 0.002500000
v 0.003031717 -0.009295553 0.002500000
v 0.003016851 -0.009274936 0.002500000
v 0.003003491 -0.009256430 0.002500000
v 0.002984470 -0.009230123 0.002500000
v 0.002975668 -0.009217963 0.002500000
v 0.002975075 -0.009217145 0.002500000
v 0.002950808 -0.009187299 0.002500000
v 0.002946369 -0.009181846 0.002500000
v 0.002917721 -0.009146699 0.002500000
v 0.002917032 -0.009145855 0.002500000
v 0.002897570 -0.009122026 0.002500000
v 0.002889881 -0.009112622 0.002500000
v 0.002883959 -0.009105384 0.002500000
v 0.002862968 -0.009079753 0.002500000
v 0.002851709 -0.009066021 0.002500000
v 0.002837106 -0.009048233 0.002500000
v 0.002830161 -0.009039779 0.002500000
v 0.002819765 -0.009028472 0.002500000
v 0.002819083 -0.009027731 0.002500000
v 0.002811266 -0.009019235 0.002500000
v 0.002787590 -0.008993534 0.002500000
v 0.002786398 -0.008992242 0.002500000
v 0.002756759 -0.008960134 0.002500000
v 0.002735886 -0.008937563 0.002500000
v 0.002727427 -0.008928426 0.002500000
v 0.002674689 -0.008871590 0.002500000
v 0.002651101 -0.008848899 0.002500000
v 0.002562525 -0.008764020 0.002500000
v 0.002509240 -0.008713207 0.002500000
v 0.002471843 -0.008681404 0.002500000
v 0.002378220 -0.008602130 0.002500000
v 0.002334430 -0.008565219 0.002500000
v 0.002282067 -0.008525952 0.002500000
v 0.002183749 -0.008452581 0.002500000
v 0.002150912 -0.008428180 0.002500000
v 0.002082579 -0.008383200 0.002500000
v 0.001979934 -0.008316007 0.002500000
v 0.001959370 -0.008302599 0.002500000
v 0.001874223 -0.008253750 0.002500000
v 0.001767635 -0.008192988 0.002500000
v 0.001760518 -0.008188947 0.002500000
v 0.001657881 -0.008138149 0.002500000
v 0.001555100 -0.008087645 0.002500000
v 0.001547561 -0.008084460 0.002500000
v 0.001434468 -0.008036887 0.002500000
v 0.001343880 -0.007999073 0.002500000
v 0.001320724 -0.007990921 0.002500000
v 0.001204930 -0.007950391 0.002500000
v 0.001127647 -0.007923561 0.002500000
v 0.001088297 -0.007912364 0.002500000
v 0.000970236 -0.007879029 0.002500000
v 0.000907207 -0.007861391 0.002500000
v 0.000851266 -0.007849120 0.002500000
v 0.000731380 -0.007823103 0.002500000
v 0.000683383 -0.007812794 0.002500000
v 0.000610633 -0.007801453 0.002500000
v 0.000489372 -0.007782852 0.002500000
v 0.000457010 -0.007777952 0.002500000
v 0.000367416 -0.007769563 0.002500000
v 0.000245234 -0.007758449 0.002500000
v 0.000228932 -0.007756995 0.002500000
v 0.000122645 -0.007753585 0.002500000
v -0.000000000 -0.007750000 0.002500000
v -0.000122645 -0.007753585 0.002500000
v -0.000228932 -0.007756995 0.002500000
v -0.000245234 -0.007758449 0.002500000
v -0.000367416 -0.007769563 0.002500000
v -0.000457010 -0.007777952 0.002500000
v -0.000489372 -0.007782852 0.002500000
v -0.000610633 -0.007801453 0.002500000
v -0.000683383 -0.007812794 0.002500000
v -0.000731380 -0.007823103 0.002500000
v -0.000851266 -0.007849120 0.002500000
v -0.000907207 -0.007861391 0.002500000
v -0.000970236 -0.007879029 0.002500000
v -0.001088297 -0.007912364 0.002500000
v -0.001127647 -0.007923561 0.002500000
v -0.001204930 -0.007950391 0.002500000
v -0.001320724 -0.007990921 0.002500000
v -0.001343880 -0.007999073 0.002500000
v -0.001434468 -0.008036887 0.002500000
v -0.001547561 -0.008084460 0.002500000
v -0.001555100 -0.008087645 0.002500000
v -0.001657881 -0.008138149 0.002500000
v -0.001760518 -0.008188947 0.002500000
v -0.001767635 -0.008192988 0.002500000
v -0.001874223 -0.008253750 0.002500000
v -0.001959370 -0.008302599 0.002500000
v -0.001979934 -0.008316007 0.002500000
v -0.002082579 -0.008383200 0.002500000
v -0.002150912 -0.008428180 0.002500000
v -0.002183749 -0.008452581 0.002500000
v -0.002282067 -0.008525952 0.002500000
v -0.002334430 -0.008565219 0.002500000
v -0.002378220 -0.008602130 0.002500000
v -0.002471843 -0.008681404 0.002500000
v -0.002509240 -0.008713207 0.002500000
v -0.002562525 -0.008764020 0.002500000
v -0.002651101 -0.008848899 0.002500000
v -0.002674689 -0.008871590 0.002500000
v -0.002727427 -0.008928426 0.002500000
v -0.002735886 -0.008937563 0.002500000
v -0.002756759 -0.008960134 0.002500000
v -0.002786398 -0.008992242 0.002500000
v -0.002787590 -0.008993534 0.002500000
v -0.002811266 -0.009019235 0.002500000
v -0.002819083 -0.009027731 0.002500000
v -0.002819765 -0.009028472 0.002500000
v -0.002830161 -0.009039779 0.002500000
v -0.002837106 -0.009048233 0.002500000
v -0.002851709 -0.009066021 0.002500000
v -0.002862968 -0.009079753 0.002500000
v -0.002883959 -0.009105384 0.002500000
v -0.002889881 -0.009112622 0.002500000
v -0.002897570 -0.009122026 0.002500000
v -0.002917032 -0.009145855 0.002500000
v -0.002917721 -0.009146699 0.002500000
v -0.002946369 -0.009181846 0.002500000
v -0.002950808 -0.009187299 0.002500000
v -0.002975075 -0.009217145 0.002500000
v -0.002975668 -0.009217963 0.002500000
v -0.002984470 -0.009230123 0.002500000
v -0.003003491 -0.009256430 0.002500000
v -0.003016851 -0.009274936 0.002500000
v -0.003031717 -0.009295553 0.002500000
v -0.003046893 -0.009316628 0.002500000
v -0.003049530 -0.009320293 0.002500000
v -0.003060252 -0.009335204 0.002500000
v -0.003082413 -0.009366068 0.002500000
v -0.003089000 -0.009375255 0.002500000
v -0.003108891 -0.009403027 0.002500000
v -0.003114894 -0.009412484 0.002500000
v -0.003117161 -0.009416056 0.002500000
v -0.003117661 -0.009416845 0.002500000
v -0.003143748 -0.009458022 0.002500000
v -0.003145270 -0.009460429 0.002500000
v -0.003170239 -0.009499951 0.002500000
v -0.003175531 -0.009508342 0.002500000
v -0.003183223 -0.009520545 0.002500000
v -0.003196552 -0.009541712 0.002500000
v -0.003205597 -0.009556095 0.002500000
v -0.003222605 -0.009583173 0.002500000
v -0.003231109 -0.009596731 0.002500000
v -0.003235002 -0.009603781 0.002500000
v -0.003246761 -0.009625096 0.002500000
v -0.003246922 -0.009625388 0.002500000
v -0.003261758 -0.009652325 0.002500000
v -0.003269730 -0.009666819 0.002500000
v -0.003288064 -0.009700206 0.002500000
v -0.003292198 -0.009707745 0.002500000
v -0.003305985 -0.009732914 0.002500000
v -0.003313843 -0.009747280 0.002500000
v -0.003314086 -0.009747725 0.002500000
v -0.003339016 -0.009793392 0.002500000
v -0.003341274 -0.009797536 0.002500000
v -0.003362315 -0.009841890 0.002500000
v -0.003414656 -0.009952840 0.002500000
v -0.003438975 -0.010004691 0.002500000
v -0.003463352 -0.010065433 0.002500000
v -0.003508776 -0.010179390 0.002500000
v -0.003523847 -0.010217424 0.002500000
v -0.003549609 -0.010295070 0.002500000
v -0.003587945 -0.010411609 0.002500000
v -0.003595574 -0.010434942 0.002500000
v -0.003620721 -0.010529831 0.002500000
v -0.003651826 -0.010648514 0.002500000
v -0.003653888 -0.010656434 0.002500000
v -0.003676389 -0.010768721 0.002500000
v -0.003698571 -0.010881071 0.002500000
v -0.003699697 -0.010889178 0.002500000
v -0.003716378 -0.011010730 0.002500000
v -0.003729457 -0.011108018 0.002500000
v -0.003731339 -0.011132495 0.002500000
v -0.003740518 -0.011254834 0.002500000
v -0.003746431 -0.011336427 0.002500000
v -0.003747062 -0.011377334 0.002500000
v -0.003748705 -0.011500000 0.002500000
v -0.003749429 -0.011565447 0.002500000
v -0.003746803 -0.011622658 0.002500000
v -0.003740905 -0.011745192 0.002500000
v -0.003738440 -0.011794222 0.002500000
v -0.003730566 -0.011867429 0.002500000
v -0.003717148 -0.011989372 0.002500000
v -0.003713505 -0.012021899 0.002500000
v -0.003698420 -0.012110612 0.002500000
v -0.003677532 -0.012231507 0.002500000
v -0.003674718 -0.012247630 0.002500000
v -0.003650502 -0.012351178 0.002500000
v -0.003622222 -0.012470571 0.002500000
v -0.003587016 -0.012588110 0.002500000
v -0.003556214 -0.012689892 0.002500000
v -0.003550589 -0.012705263 0.002500000
v -0.003508231 -0.012820405 0.002500000
v -0.003476939 -0.012904775 0.002500000
v -0.003463831 -0.012934766 0.002500000
v -0.003414479 -0.013047080 0.002500000
v -0.003384695 -0.013114417 0.002500000
v -0.003362315 -0.013158110 0.002500000
v -0.003306156 -0.013267177 0.002500000
v -0.003279824 -0.013318036 0.002500000
v -0.003246474 -0.013374353 0.002500000
v -0.003214259 -0.013428555 0.002500000
v -0.003189248 -0.013470504 0.002500000
v -0.003185314 -0.013477091 0.002500000
v -0.003183718 -0.013479763 0.002500000
v -0.003163631 -0.013513348 0.002500000
v -0.003163493 -0.013513578 0.002500000
v -0.003162718 -0.013514874 0.002500000
v -0.003139308 -0.013549428 0.002500000
v -0.003134775 -0.013556111 0.002500000
v -0.003116800 -0.013582579 0.002500000
v -0.003114262 -0.013586313 0.002500000
v -0.003105410 -0.013599329 0.002500000
v -0.003088666 -0.013623917 0.002500000
v -0.003075560 -0.013643136 0.002500000
v -0.003062610 -0.013662103 0.002500000
v -0.003047682 -0.013683938 0.002500000
v -0.003045313 -0.013687400 0.002500000
v -0.003036181 -0.013700739 0.002500000
v -0.003033814 -0.013704195 0.002500000
v -0.003013256 -0.013730879 0.002500000
v -0.003007555 -0.013738271 0.002500000
v -0.002980100 -0.013773820 0.002500000
v -0.002978569 -0.013775799 0.002500000
v -0.002973843 -0.013781910 0.002500000
v -0.002949506 -0.013813335 0.002500000
v -0.002946852 -0.013816758 0.002500000
v -0.002920460 -0.013850758 0.002500000
v -0.002913608 -0.013859573 0.002500000
v -0.002898620 -0.013878836 0.002500000
v -0.002893592 -0.013885293 0.002500000
v -0.002891381 -0.013887829 0.002500000
v -0.002879553 -0.013901385 0.002500000
v -0.002860682 -0.013922989 0.002500000
v -0.002844364 -0.013941645 0.002500000
v -0.002830356 -0.013957642 0.002500000
v -0.002818207 -0.013971501 0.002500000
v -0.002809548 -0.013981372 0.002500000
v -0.002800509 -0.013991669 0.002500000
v -0.002775215 -0.014020445 0.002500000
v -0.002771251 -0.014024948 0.002500000
v -0.002742697 -0.014057357 0.002500000
v -0.002742576 -0.014057494 0.002500000
v -0.002741409 -0.014058678 0.002500000
v -0.002736831 -0.014063322 0.002500000
v -0.002713294 -0.014087171 0.002500000
v -0.002706392 -0.014094157 0.002500000
v -0.002684920 -0.014115868 0.002500000
v -0.002672315 -0.014128599 0.002500000
v -0.002657717 -0.014143328 0.002500000
v -0.002650552 -0.014150552 0.002500000
v -0.002639314 -0.014161874 0.002500000
v -0.002631821 -0.014169419 0.002500000
v -0.002607531 -0.014193849 0.002500000
v -0.002581330 -0.014220154 0.002500000
v -0.002576889 -0.014224140 0.002500000
v -0.002563056 -0.014236547 0.002500000
v -0.002471587 -0.014318304 0.002500000
v -0.002410454 -0.014372667 0.002500000
v -0.002394570 -0.014417792 0.002500000
v -0.002345591 -0.014556834 0.002500000
v -0.002294462 -0.014701918 0.002500000
v -0.002240953 -0.014853824 0.002500000
v -0.002184802 -0.015013447 0.002500000
v -0.002125701 -0.015181822 0.002500000
v -0.002063295 -0.015360154 0.002500000
v -0.001997166 -0.015549851 0.002500000
v -0.001926817 -0.015752577 0.002500000
v -0.001851661 -0.015970305 0.002500000
v -0.001770989 -0.016205404 0.002500000
v -0.001683942 -0.016460734 0.002500000
v -0.001659618 -0.016532391 0.002500000
v -0.001743934 -0.017248979 0.002500000
v -0.001911669 -0.018634447 0.002500000
v -0.002194885 -0.020913349 0.002500000
v -0.002374891 -0.022341894 0.002500000
v -0.002156861 -0.022343275 0.002500000
v -0.001790570 -0.022345325 0.002500000
v -0.001428035 -0.022347006 0.002500000
v -0.001068466 -0.022348315 0.002500000
v -0.000711097 -0.022349251 0.002500000
v -0.000355186 -0.022349813 0.002500000
v 0.000000000 -0.022350000 0.002500000
v 0.000355186 -0.022349813 0.002500000
v 0.000711097 -0.022349251 0.002500000
v 0.001068466 -0.022348315 0.002500000
v 0.001428035 -0.022347006 0.002500000
v 0.001790570 -0.022345325 0.002500000
v 0.002156861 -0.022343275 0.002500000
v 0.002374891 -0.022341894 0.002500000
v 0.002194885 -0.020913349 0.002500000
v 0.001911669 -0.018634447 0.002500000
v 0.001743934 -0.017248979 0.002500000
v 0.001659618 -0.016532391 0.002500000
v 0.001683942 -0.016460734 0.002500000
v 0.001770989 -0.016205404 0.002500000
v 0.001851661 -0.015970305 0.002500000
v 0.001926817 -0.015752577 0.002500000
v 0.001997166 -0.015549851 0.002500000
v 0.002063295 -0.015360154 0.002500000
v 0.002125701 -0.015181822 0.002500000
v 0.002184802 -0.015013447 0.002500000
v 0.002240953 -0.014853824 0.002500000
v 0.002294462 -0.014701918 0.002500000
v 0.002345591 -0.014556834 0.002500000
v 0.002394570 -0.014417792 0.002500000
v 0.002410454 -0.014372667 0.002500000
v 0.002471587 -0.014318304 0.002500000
v 0.002563056 -0.014236547 0.002500000
v 0.002576889 -0.014224140 0.002500000
v 0.002581330 -0.014220154 0.002500000
v 0.002607531 -0.014193849 0.002500000
v 0.002631821 -0.014169419 0.002500000
v 0.002639314 -0.014161874 0.002500000
v 0.002650552 -0.014150552 0.002500000
v 0.002657717 -0.014143328 0.002500000
v 0.002672315 -0.014128599 0.002500000
v 0.002684920 -0.014115868 0.002500000
v 0.002706392 -0.014094157 0.002500000
v 0.002713294 -0.014087171 0.002500000
v 0.002736831 -0.014063322 0.002500000
v 0.002741409 -0.014058678 0.002500000
v 0.002742576 -0.014057494 0.002500000
v 0.002742697 -0.014057357 0.002500000
v 0.002771251 -0.014024948 0.002500000
v 0.002775215 -0.014020445 0.002500000
v 0.002800509 -0.013991669 0.002500000
v 0.002809548 -0.013981372 0.002500000
v 0.002818207 -0.013971501 0.002500000
v 0.002830356 -0.013957642 0.002500000
v 0.002844364 -0.013941645 0.002500000
v 0.002860682 -0.013922989 0.002500000
v 0.002879553 -0.013901385 0.002500000
v 0.002891381 -0.013887829 0.002500000
v 0.002893592 -0.013885293 0.002500000
v 0.002898620 -0.013878836 0.002500000
v 0.002913608 -0.013859573 0.002500000
v 0.002920460 -0.013850758 0.002500000
v 0.002946852 -0.013816758 0.002500000
v 0.002949506 -0.013813335 0.002500000
v 0.002973843 -0.013781910 0.002500000
v 0.002978569 -0.013775799 0.002500000
v 0.002980100 -0.013773820 0.002500000
v 0.003007555 -0.013738271 0.002500000
v 0.003013256 -0.013730879 0.002500000
v 0.003033814 -0.013704195 0.002500000
v 0.003036181 -0.013700739 0.002500000
v 0.003045313 -0.013687400 0.002500000
v 0.003047682 -0.013683938 0.002500000
v 0.003062610 -0.013662103 0.002500000
v 0.003075560 -0.013643136 0.002500000
v 0.003088666 -0.013623917 0.002500000
v 0.003105410 -0.013599329 0.002500000
v 0.003114262 -0.013586313 0.002500000
v 0.003116800 -0.013582579 0.002500000
v 0.003134775 -0.013556111 0.002500000
v 0.003139308 -0.013549428 0.002500000
v 0.003162718 -0.013514874 0.002500000
v 0.003163493 -0.013513578 0.002500000
v 0.003163631 -0.013513348 0.002500000
v 0.003183718 -0.013479763 0.002500000
v 0.003185314 -0.013477091 0.002500000
v 0.003189248 -0.013470504 0.002500000
v 0.003214259 -0.013428555 0.002500000
v 0.003246474 -0.013374353 0.002500000
v 0.003279824 -0.013318036 0.002500000
v 0.003306156 -0.013267177 0.002500000
v 0.003362315 -0.013158110 0.002500000
v 0.003384695 -0.013114417 0.002500000
v 0.003414479 -0.013047080 0.002500000
v 0.003463831 -0.012934766 0.002500000
v 0.003476939 -0.012904775 0.002500000
v 0.003508231 -0.012820405 0.002500000
v 0.003550589 -0.012705263 0.002500000
v 0.003556214 -0.012689892 0.002500000
v 0.003587016 -0.012588110 0.002500000
v 0.003622222 -0.012470571 0.002500000
v 0.003650502 -0.012351178 0.002500000
v 0.003674718 -0.012247630 0.002500000
v 0.003677532 -0.012231507 0.002500000
v 0.003698420 -0.012110612 0.002500000
v 0.003713505 -0.012021899 0.002500000
v 0.003717148 -0.011989372 0.002500000
v 0.003730566 -0.011867429 0.002500000
v 0.003738440 -0.011794222 0.002500000
v 0.003740905 -0.011745192 0.002500000
v 0.003746803 -0.011622658 0.002500000
v 0.003749429 -0.011565447 0.002500000
v 0.021750000 -0.011500000 0.002500000
v 0.021750000 -0.010787979 0.002500000
v 0.021750000 -0.010550374 0.002500000
v 0.021750000 -0.010074430 0.002500000
v 0.021750000 -0.009357812 0.002500000
v 0.021750000 -0.009213983 0.002500000
v 0.021750000 -0.008636558 0.002500000
v 0.021750000 -0.007909060 0.002500000
v 0.021750000 -0.007860298 0.002500000
v 0.021750000 -0.007173656 0.002500000
v 0.021750000 -0.006478617 0.002500000
v 0.021750000 -0.006428611 0.002500000
v 0.021750000 -0.005672105 0.002500000
v 0.021750000 -0.005057356 0.002500000
v 0.021750000 -0.004902210 0.002500000
v 0.021750000 -0.004116870 0.002500000
v 0.021750000 -0.003583647 0.002500000
v 0.021750000 -0.003313880 0.002500000
v 0.021750000 -0.002490855 0.002500000
v 0.021750000 -0.002042831 0.002500000
v 0.021750000 -0.001645203 0.002500000
v 0.021750000 -0.000774087 0.002500000
v 0.021750000 -0.000417821 0.002500000
v 0.021750000 -0.000383333 0.002500000
v 0.021750000 -0.000000000 0.002500000
v 0.021749855 0.000003689 0.002500000
v 0.021745166 0.000123033 0.002500000
v 0.021736899 0.000333451 0.002500000
v 0.021729705 0.000394230 0.002500000
v 0.021697675 0.000664846 0.002500000
v 0.021675124 0.000778220 0.002500000
v 0.021633031 0.000989836 0.002500000
v 0.021632572 0.000992143 0.002500000
v 0.021587088 0.001153418 0.002500000
v 0.021572009 0.001206884 0.002500000
v 0.021541990 0.001313322 0.002500000
v 0.021466637 0.001517577 0.002500000
v 0.021426488 0.001626405 0.002500000
v 0.021355746 0.001779856 0.002500000
v 0.021314896 0.001868466 0.002500000
v 0.021286778 0.001929460 0.002500000
v 0.021133088 0.002203892 0.002500000
v 0.021123721 0.002220619 0.002500000
v 0.020941809 0.002492869 0.002500000
v 0.020938322 0.002498087 0.002500000
v 0.020920680 0.002520467 0.002500000
v 0.020873994 0.002579687 0.002500000
v 0.020731725 0.002760154 0.002500000
v 0.020679716 0.002816417 0.002500000
v 0.020505204 0.003005204 0.002500000
v 0.020412921 0.003090510 0.002500000
v 0.020390262 0.003111455 0.002500000
v 0.020260154 0.003231725 0.002500000
v 0.020121837 0.003340766 0.002500000
v 0.019998087 0.003438322 0.002500000
v 0.019808076 0.003565284 0.002500000
v 0.019720619 0.003623721 0.002500000
v 0.019714259 0.003627283 0.002500000
v 0.019473295 0.003762229 0.002500000
v 0.019429460 0.003786778 0.002500000
v 0.019126405 0.003926488 0.002500000
v 0.019118599 0.003929368 0.002500000
v 0.018899314 0.004010266 0.002500000
v 0.018813322 0.004041990 0.002500000
v 0.018742180 0.004062054 0.002500000
v 0.018492143 0.004132572 0.002500000
v 0.018348888 0.004161067 0.002500000
v 0.018164846 0.004197675 0.002500000
v 0.018070901 0.004208795 0.002500000
v 0.017939853 0.004224305 0.002500000
v 0.017931289 0.004225319 0.002500000
v 0.017833451 0.004236899 0.002500000
v 0.017515824 0.004249378 0.002500000
v 0.017500000 0.004250000 0.002500000
v 0.017094978 0.004250000 0.002500000
v 0.016816104 0.004250000 0.002500000
v 0.016704545 0.004250000 0.002500000
v 0.016027316 0.004250000 0.002500000
v 0.015750000 0.004250000 0.002500000
v 0.014751485 0.004250000 0.002500000
v 0.014181364 0.004250000 0.002500000
v 0.013812379 0.004250000 0.002500000
v 0.012925691 0.004250000 0.002500000
v 0.012528116 0.004250000 0.002500000
v 0.012085400 0.004250000 0.002500000
v 0.011286290 0.004250000 0.002500000
v 0.011028269 0.004250000 0.002500000
v 0.010523814 0.004250000 0.002500000
v 0.009793979 0.004250000 0.002500000
v 0.009651612 0.004250000 0.002500000
v 0.009093267 0.004250000 0.002500000
v 0.008418550 0.004250000 0.002500000
v 0.008374424 0.004250000 0.002500000
v 0.007767040 0.004250000 0.002500000
v 0.007177689 0.004250000 0.002500000
v 0.007136232 0.004250000 0.002500000
v 0.006523864 0.004250000 0.002500000
v 0.006045859 0.004250000 0.002500000
v 0.005927880 0.004250000 0.002500000
v 0.005346405 0.004250000 0.002500000
v 0.004965956 0.004250000 0.002500000
v 0.004777710 0.004250000 0.002500000
v 0.004220200 0.004250000 0.002500000
v 0.003926916 0.004250000 0.002500000
v 0.003672385 0.004250000 0.002500000
v 0.003132870 0.004250000 0.002500000
v 0.002919090 0.004250000 0.002500000
v 0.002600336 0.004250000 0.002500000
v 0.002073527 0.004250000 0.002500000
v 0.001933857 0.004250000 0.002500000
v 0.001551240 0.004250000 0.002500000
v 0.001032310 0.004250000 0.002500000
v 0.000963311 0.004250000 0.002500000
v 0.000515602 0.004250000 0.002500000
v -0.000000000 0.004250000 0.002500000
v -0.000515602 0.004250000 0.002500000
v -0.000963311 0.004250000 0.002500000
v -0.001032310 0.004250000 0.002500000
v -0.001551240 0.004250000 0.002500000
v -0.001933857 0.004250000 0.002500000
v -0.002073527 0.004250000 0.002500000
v -0.002600336 0.004250000 0.002500000
v -0.002919090 0.004250000 0.002500000
v -0.003132870 0.004250000 0.002500000
v -0.003672385 0.004250000 0.002500000
v -0.003926916 0.004250000 0.002500000
v -0.004220200 0.004250000 0.002500000
v -0.004777710 0.004250000 0.002500000
v -0.004965956 0.004250000 0.002500000
v -0.005346405 0.004250000 0.002500000
v -0.005927880 0.004250000 0.002500000
v -0.006045859 0.004250000 0.002500000
v -0.006523864 0.004250000 0.002500000
v -0.007136232 0.004250000 0.002500000
v -0.007177689 0.004250000 0.002500000
v -0.007767040 0.004250000 0.002500000
v -0.008374424 0.004250000 0.002500000
v -0.008418550 0.004250000 0.002500000
v -0.009093267 0.004250000 0.002500000
v -0.009651612 0.004250000 0.002500000
v -0.009793979 0.004250000 0.002500000
v -0.010523814 0.004250000 0.002500000
v -0.011028269 0.004250000 0.002500000
v -0.011286290 0.004250000 0.002500000
v -0.012085400 0.004250000 0.002500000
v -0.012528116 0.004250000 0.002500000
v -0.012925691 0.004250000 0.002500000
v -0.013812379 0.004250000 0.002500000
v -0.014181364 0.004250000 0.002500000
v -0.014751485 0.004250000 0.002500000
v -0.015750000 0.004250000 0.002500000
v -0.016027316 0.004250000 0.002500000
v -0.016704545 0.004250000 0.002500000
v -0.016816104 0.004250000 0.002500000
v -0.017094978 0.004250000 0.002500000
v -0.017500000 0.004250000 0.002500000
v -0.017515824 0.004249378 0.002500000
v -0.017833451 0.004236899 0.002500000
v -0.017931289 0.004225319 0.002500000
v -0.017939853 0.004224305 0.002500000
v -0.018070901 0.004208795 0.002500000
v -0.018164846 0.004197675 0.002500000
v -0.018348888 0.004161067 0.002500000
v -0.018492143 0.004132572 0.002500000
v -0.018742180 0.004062054 0.002500000
v -0.018813322 0.004041990 0.002500000
v -0.018899314 0.004010266 0.002500000
v -0.019118599 0.003929368 0.002500000
v -0.019126405 0.003926488 0.002500000
v -0.019429460 0.003786778 0.002500000
v -0.019473295 0.003762229 0.002500000
v -0.019714259 0.003627283 0.002500000
v -0.019720619 0.003623721 0.002500000
v -0.019808076 0.003565284 0.002500000
v -0.019998087 0.003438322 0.002500000
v -0.020121837 0.003340766 0.002500000
v -0.020260154 0.003231725 0.002500000
v -0.020390262 0.003111455 0.002500000
v -0.020412921 0.003090510 0.002500000
v -0.020505204 0.003005204 0.002500000
v -0.020679716 0.002816417 0.002500000
v -0.020731725 0.002760154 0.002500000
v -0.020873994 0.002579687 0.002500000
v -0.020920680 0.002520467 0.002500000
v -0.020938322 0.002498087 0.002500000
v -0.020941809 0.002492869 0.002500000
v -0.021123721 0.002220619 0.002500000
v -0.021133088 0.002203892 0.002500000
v -0.021286778 0.001929460 0.002500000
v -0.021314896 0.001868466 0.002500000
v -0.021355746 0.001779856 0.002500000
v -0.021426488 0.001626405 0.002500000
v -0.021466637 0.001517577 0.002500000
v -0.021541990 0.001313322 0.002500000
v -0.021572009 0.001206884 0.002500000
v -0.021587088 0.001153418 0.002500000
v -0.021632572 0.000992143 0.002500000
v -0.021633031 0.000989836 0.002500000
v -0.021675124 0.000778220 0.002500000
v -0.021697675 0.000664846 0.002500000
v -0.021729705 0.000394230 0.002500000
v -0.021736899 0.000333451 0.002500000
v -0.021745166 0.000123033 0.002500000
v -0.021749855 0.000003689 0.002500000
v -0.021750000 0.000000000 0.002500000
v -0.021750000 -0.000383333 0.002500000
v -0.021750000 -0.000417821 0.002500000
v -0.021750000 -0.000774087 0.002500000
v -0.021750000 -0.001645203 0.002500000
v -0.021750000 -0.002042831 0.002500000
v -0.021750000 -0.002490855 0.002500000
v -0.021750000 -0.003313880 0.002500000
v -0.021750000 -0.003583647 0.002500000
v -0.021750000 -0.004116870 0.002500000
v -0.021750000 -0.004902210 0.002500000
v -0.021750000 -0.005057356 0.002500000
v -0.021750000 -0.005672105 0.002500000
v -0.021750000 -0.006428611 0.002500000
v -0.021750000 -0.006478617 0.002500000
v -0.021750000 -0.007173656 0.002500000
v -0.021750000 -0.007860298 0.002500000
v -0.021750000 -0.007909060 0.002500000
v -0.021750000 -0.008636558 0.002500000
v -0.021750000 -0.009213983 0.002500000
v -0.021750000 -0.009357812 0.002500000
v -0.021750000 -0.010074430 0.002500000
v -0.021750000 -0.010550374 0.002500000
v -0.021750000 -0.010787979 0.002500000
v -0.021750000 -0.011500000 0.002500000
v -0.021750000 -0.011879648 0.002500000
v -0.021750000 -0.012212021 0.002500000
v -0.021750000 -0.012925570 0.002500000
v -0.021750000 -0.013211762 0.002500000
v -0.021750000 -0.013642188 0.002500000
v -0.021750000 -0.014363442 0.002500000
v -0.021750000 -0.014556763 0.002500000
v -0.021750000 -0.015090940 0.002500000
v -0.021750000 -0.015826344 0.002500000
v -0.021750000 -0.015925088 0.002500000
v -0.021750000 -0.016571389 0.002500000
v -0.021750000 -0.017327895 0.002500000
v -0.021750000 -0.018097790 0.002500000
v -0.021750000 -0.018777448 0.002500000
v -0.021750000 -0.018883130 0.002500000
v -0.021750000 -0.019686120 0.002500000
v -0.021750000 -0.020287570 0.002500000
v -0.021750000 -0.020509145 0.002500000
v -0.021750000 -0.021354797 0.002500000
v -0.021750000 -0.021874218 0.002500000
v -0.021750000 -0.022225913 0.002500000
v -0.021750000 -0.023125617 0.002500000
v -0.021750000 -0.023556222 0.002500000
v -0.021750000 -0.024057368 0.002500000
v -0.021750000 -0.024550000 0.002500000
v -0.021750000 -0.024938425 0.002500000
v -0.021750000 -0.025000000 0.002500000
v -0.021749040 -0.025024422 0.002500000
v -0.021736899 -0.025333451 0.002500000
v -0.021736658 -0.025335484 0.002500000
v -0.021735305 -0.025346916 0.002500000
v -0.021697675 -0.025664846 0.002500000
v -0.021685931 -0.025723889 0.002500000
v -0.021639195 -0.025958848 0.002500000
v -0.021632572 -0.025992143 0.002500000
v -0.021601311 -0.026102985 0.002500000
v -0.021541990 -0.026313322 0.002500000
v -0.021483958 -0.026470625 0.002500000
v -0.021426488 -0.026626405 0.002500000
v -0.021347618 -0.026797487 0.002500000
v -0.021335092 -0.026824659 0.002500000
v -0.021286778 -0.026929460 0.002500000
v -0.021272332 -0.026955254 0.002500000
v -0.021156012 -0.027162958 0.002500000
v -0.021123721 -0.027220619 0.002500000
v -0.020948112 -0.027483435 0.002500000
v -0.020938322 -0.027498087 0.002500000
v -0.020904698 -0.027540739 0.002500000
v -0.020731725 -0.027760154 0.002500000
v -0.020710995 -0.027782580 0.002500000
v -0.020505204 -0.028005204 0.002500000
v -0.020447055 -0.028058956 0.002500000
v -0.020320121 -0.028176292 0.002500000
v -0.020277620 -0.028215580 0.002500000
v -0.020260154 -0.028231725 0.002500000
v -0.020158999 -0.028311470 0.002500000
v -0.019998087 -0.028438322 0.002500000
v -0.019848513 -0.028538265 0.002500000
v -0.019720619 -0.028623721 0.002500000
v -0.019601762 -0.028690284 0.002500000
v -0.019517337 -0.028737564 0.002500000
v -0.019429460 -0.028786778 0.002500000
v -0.019167249 -0.028907658 0.002500000
v -0.019126405 -0.028926488 0.002500000
v -0.018813322 -0.029041990 0.002500000
v -0.018811909 -0.029042389 0.002500000
v -0.018799078 -0.029046008 0.002500000
v -0.018748816 -0.029060183 0.002500000
v -0.018492143 -0.029132572 0.002500000
v -0.018412053 -0.029148503 0.002500000
v -0.018164846 -0.029197675 0.002500000
v -0.018010570 -0.029215935 0.002500000
v -0.017833451 -0.029236899 0.002500000
v -0.017740549 -0.029240549 0.002500000
v -0.017595832 -0.029246235 0.002500000
v -0.017500000 -0.029250000 0.002500000
v -0.017181247 -0.029250000 0.002500000
v -0.016844121 -0.029250000 0.002500000
v -0.016790541 -0.029250000 0.002500000
v -0.016624689 -0.029250000 0.002500000
v -0.015566332 -0.029250000 0.002500000
v -0.014894018 -0.029250000 0.002500000
v -0.014567049 -0.029250000 0.002500000
v -0.013620054 -0.029250000 0.002500000
v -0.012719470 -0.029250000 0.002500000
v -0.011860171 -0.029250000 0.002500000
v -0.011037659 -0.029250000 0.002500000
v -0.010247967 -0.029250000 0.002500000
v -0.009487573 -0.029250000 0.002500000
v -0.008753331 -0.029250000 0.002500000
v -0.008042420 -0.029250000 0.002500000
v -0.007352291 -0.029250000 0.002500000
v -0.006680627 -0.029250000 0.002500000
v -0.006025313 -0.029250000 0.002500000
v -0.005853723 -0.029250000 0.002500000
v -0.005384404 -0.029250000 0.002500000
v -0.004756098 -0.029250000 0.002500000
v -0.004138720 -0.029250000 0.002500000
v -0.003888095 -0.029250000 0.002500000
v -0.003530695 -0.029250000 0.002500000
v -0.002930537 -0.029250000 0.002500000
v -0.002336832 -0.029250000 0.002500000
v -0.001748222 -0.029250000 0.002500000
v -0.001163396 -0.029250000 0.002500000
v -0.000581075 -0.029250000 0.002500000
v 0.000000000 -0.029250000 0.002500000
v 0.000581075 -0.029250000 0.002500000
v 0.001163396 -0.029250000 0.002500000
v 0.001748222 -0.029250000 0.002500000
v 0.002336832 -0.029250000 0.002500000
v 0.002930537 -0.029250000 0.002500000
v 0.003530695 -0.029250000 0.002500000
v 0.003888095 -0.029250000 0.002500000
v 0.004138720 -0.029250000 0.002500000
v 0.004756098 -0.029250000 0.002500000
v 0.005384404 -0.029250000 0.002500000
v 0.005853723 -0.029250000 0.002500000
v 0.006025313 -0.029250000 0.002500000
v 0.006680627 -0.029250000 0.002500000
v 0.007352291 -0.029250000 0.002500000
v 0.008042420 -0.029250000 0.002500000
v 0.008753331 -0.029250000 0.002500000
v 0.009487573 -0.029250000 0.002500000
v 0.010247967 -0.029250000 0.002500000
v 0.011037659 -0.029250000 0.002500000
v 0.011860171 -0.029250000 0.002500000
v 0.012719470 -0.029250000 0.002500000
v 0.013620054 -0.029250000 0.002500000
v 0.014567049 -0.029250000 0.002500000
v 0.014894018 -0.029250000 0.002500000
v 0.015566332 -0.029250000 0.002500000
v 0.016624689 -0.029250000 0.002500000
v 0.016790541 -0.029250000 0.002500000
v 0.016844121 -0.029250000 0.002500000
v 0.017181247 -0.029250000 0.002500000
v 0.017500000 -0.029250000 0.002500000
v 0.017595832 -0.029246235 0.002500000
v 0.017740549 -0.029240549 0.002500000
v 0.017833451 -0.029236899 0.002500000
v 0.018010570 -0.029215935 0.002500000
v 0.018164846 -0.029197675 0.002500000
v 0.018412053 -0.029148503 0.002500000
v 0.018492143 -0.029132572 0.002500000
v 0.018748816 -0.029060183 0.002500000
v 0.018799078 -0.029046008 0.002500000
v 0.018811909 -0.029042389 0.002500000
v 0.018813322 -0.029041990 0.002500000
v 0.019126405 -0.028926488 0.002500000
v 0.019167249 -0.028907658 0.002500000
v 0.019429460 -0.028786778 0.002500000
v 0.019517337 -0.028737564 0.002500000
v 0.019601762 -0.028690284 0.002500000
v 0.019720619 -0.028623721 0.002500000
v 0.019848513 -0.028538265 0.002500000
v 0.019998087 -0.028438322 0.002500000
v 0.020158999 -0.028311470 0.002500000
v 0.020260154 -0.028231725 0.002500000
v 0.020277620 -0.028215580 0.002500000
v 0.020320121 -0.028176292 0.002500000
v 0.020447055 -0.028058956 0.002500000
v 0.020505204 -0.028005204 0.002500000
v 0.020710995 -0.027782580 0.002500000
v 0.020731725 -0.027760154 0.002500000
v 0.020904698 -0.027540739 0.002500000
v 0.020938322 -0.027498087 0.002500000
v 0.020948112 -0.027483435 0.002500000
v 0.021123721 -0.027220619 0.002500000
v 0.021156012 -0.027162958 0.002500000
v 0.021272332 -0.026955254 0.002500000
v 0.021286778 -0.026929460 0.002500000
v 0.021335092 -0.026824659 0.002500000
v 0.021347618 -0.026797487 0.002500000
v 0.021426488 -0.026626405 0.002500000
v 0.021483958 -0.026470625 0.002500000
v 0.021541990 -0.026313322 0.002500000
v 0.021601311 -0.026102985 0.002500000
v 0.021632572 -0.025992143 0.002500000
v 0.021639195 -0.025958848 0.002500000
v 0.021685931 -0.025723889 0.002500000
v 0.021697675 -0.025664846 0.002500000
v 0.021735305 -0.025346916 0.002500000
v 0.021736658 -0.025335484 0.002500000
v 0.021736899 -0.025333451 0.002500000
v 0.021749040 -0.025024422 0.002500000
v 0.021750000 -0.025000000 0.002500000
v 0.021750000 -0.024938425 0.002500000
v 0.021750000 -0.024550000 0.002500000
v 0.021750000 -0.024057368 0.002500000
v 0.021750000 -0.023556222 0.002500000
v 0.021750000 -0.023125617 0.002500000
v 0.021750000 -0.022225913 0.002500000
v 0.021750000 -0.021874218 0.002500000
v 0.021750000 -0.021354797 0.002500000
v 0.021750000 -0.020509145 0.002500000
v 0.021750000 -0.020287570 0.002500000
v 0.021750000 -0.019686120 0.002500000
v 0.021750000 -0.018883130 0.002500000
v 0.021750000 -0.018777448 0.002500000
v 0.021750000 -0.018097790 0.002500000
v 0.021750000 -0.017327895 0.002500000
v 0.021750000 -0.016571389 0.002500000
v 0.021750000 -0.015925088 0.002500000
v 0.021750000 -0.015826344 0.002500000
v 0.021750000 -0.015090940 0.002500000
v 0.021750000 -0.014556763 0.002500000
v 0.021750000 -0.014363442 0.002500000
v 0.021750000 -0.013642188 0.002500000
v 0.021750000 -0.013211762 0.002500000
v 0.021750000 -0.012925570 0.002500000
v 0.021750000 -0.012212021 0.002500000
v 0.021750000 -0.011879648 0.002500000
v 0.022500000 -0.011500000 0.001750000
v 0.022500000 -0.010763426 0.001750000
v 0.022500000 -0.010517629 0.001750000
v 0.022500000 -0.010025272 0.001750000
v 0.022500000 -0.009283943 0.001750000
v 0.022500000 -0.009135155 0.001750000
v 0.022500000 -0.008537819 0.001750000
v 0.022500000 -0.007785235 0.001750000
v 0.022500000 -0.007734791 0.001750000
v 0.022500000 -0.007024472 0.001750000
v 0.022500000 -0.006305466 0.001750000
v 0.022500000 -0.006253736 0.001750000
v 0.022500000 -0.005471143 0.001750000
v 0.022500000 -0.004835196 0.001750000
v 0.022500000 -0.004674700 0.001750000
v 0.022500000 -0.003862279 0.001750000
v 0.022500000 -0.003310670 0.001750000
v 0.022500000 -0.003031600 0.001750000
v 0.022500000 -0.002180195 0.001750000
v 0.022500000 -0.001716722 0.001750000
v 0.022500000 -0.001305383 0.001750000
v 0.022500000 -0.000404228 0.001750000
v 0.022500000 -0.000035677 0.001750000
v 0.022500000 -0.000000000 0.001750000
v 0.022484737 0.000388481 0.001750000
v 0.022484587 0.000392295 0.001750000
v 0.022470565 0.000510767 0.001750000
v 0.022445870 0.000719411 0.001750000
v 0.022438442 0.000782172 0.001750000
v 0.022385116 0.001050261 0.001750000
v 0.022361850 0.001167227 0.001750000
v 0.022302818 0.001376538 0.001750000
v 0.022302175 0.001378818 0.001750000
v 0.022255283 0.001545085 0.001750000
v 0.022235802 0.001597889 0.001750000
v 0.022197042 0.001702952 0.001750000
v 0.022119398 0.001913417 0.001750000
v 0.022069976 0.002020621 0.001750000
v 0.021997109 0.002178681 0.001750000
v 0.021955033 0.002269952 0.001750000
v 0.021921473 0.002329878 0.001750000
v 0.021763201 0.002612493 0.001750000
v 0.021752255 0.002628875 0.001750000
v 0.021564930 0.002909226 0.001750000
v 0.021561340 0.002914599 0.001750000
v 0.021545085 0.002938926 0.001750000
v 0.021497006 0.002999914 0.001750000
v 0.021350491 0.003185767 0.001750000
v 0.021302030 0.003247240 0.001750000
v 0.021122266 0.003441708 0.001750000
v 0.021035534 0.003535534 0.001750000
v 0.021012184 0.003557118 0.001750000
v 0.020878108 0.003681057 0.001750000
v 0.020747240 0.003802030 0.001750000
v 0.020619645 0.003902618 0.001750000
v 0.020438926 0.004045085 0.001750000
v 0.020348684 0.004105383 0.001750000
v 0.020342615 0.004109438 0.001750000
v 0.020112493 0.004263201 0.001750000
v 0.020067218 0.004288556 0.001750000
v 0.019776895 0.004451144 0.001750000
v 0.019769952 0.004455033 0.001750000
v 0.019559489 0.004552058 0.001750000
v 0.019476860 0.004590150 0.001750000
v 0.019413417 0.004619398 0.001750000
v 0.019172958 0.004708108 0.001750000
v 0.019045085 0.004755283 0.001750000
v 0.018867913 0.004805250 0.001750000
v 0.018784203 0.004828859 0.001750000
v 0.018667227 0.004861850 0.001750000
v 0.018658983 0.004863489 0.001750000
v 0.018564759 0.004882232 0.001750000
v 0.018282172 0.004938442 0.001750000
v 0.018266939 0.004940245 0.001750000
v 0.017892295 0.004984587 0.001750000
v 0.017612165 0.004995593 0.001750000
v 0.017500000 0.005000000 0.001750000
v 0.016790522 0.005000000 0.001750000
v 0.016500000 0.005000000 0.001750000
v 0.015453936 0.005000000 0.001750000
v 0.014856667 0.005000000 0.001750000
v 0.014470112 0.005000000 0.001750000
v 0.013541200 0.005000000 0.001750000
v 0.013124693 0.005000000 0.001750000
v 0.012660895 0.005000000 0.001750000
v 0.011823733 0.005000000 0.001750000
v 0.011553424 0.005000000 0.001750000
v 0.011024948 0.005000000 0.001750000
v 0.010260359 0.005000000 0.001750000
v 0.010111213 0.005000000 0.001750000
v 0.009526279 0.005000000 0.001750000
v 0.008819434 0.005000000 0.001750000
v 0.008773206 0.005000000 0.001750000
v 0.008136900 0.005000000 0.001750000
v 0.007519483 0.005000000 0.001750000
v 0.007476053 0.005000000 0.001750000
v 0.006834524 0.005000000 0.001750000
v 0.006333757 0.005000000 0.001750000
v 0.006210160 0.005000000 0.001750000
v 0.005600995 0.005000000 0.001750000
v 0.005202430 0.005000000 0.001750000
v 0.005005220 0.005000000 0.001750000
v 0.004421162 0.005000000 0.001750000
v 0.004113912 0.005000000 0.001750000
v 0.003847260 0.005000000 0.001750000
v 0.003282054 0.005000000 0.001750000
v 0.003058094 0.005000000 0.001750000
v 0.002724161 0.005000000 0.001750000
v 0.002172266 0.005000000 0.001750000
v 0.002025945 0.005000000 0.001750000
v 0.001625108 0.005000000 0.001750000
v 0.001081467 0.005000000 0.001750000
v 0.001009183 0.005000000 0.001750000
v 0.000540154 0.005000000 0.001750000
v -0.000000000 0.005000000 0.001750000
v -0.000540154 0.005000000 0.001750000
v -0.001009183 0.005000000 0.001750000
v -0.001081467 0.005000000 0.001750000
v -0.001625108 0.005000000 0.001750000
v -0.002025945 0.005000000 0.001750000
v -0.002172266 0.005000000 0.001750000
v -0.002724161 0.005000000 0.001750000
v -0.003058094 0.005000000 0.001750000
v -0.003282054 0.005000000 0.001750000
v -0.003847260 0.005000000 0.001750000
v -0.004113912 0.005000000 0.001750000
v -0.004421162 0.005000000 0.001750000
v -0.005005220 0.005000000 0.001750000
v -0.005202430 0.005000000 0.001750000
v -0.005600995 0.005000000 0.001750000
v -0.006210160 0.005000000 0.001750000
v -0.006333757 0.005000000 0.001750000
v -0.006834524 0.005000000 0.001750000
v -0.007476053 0.005000000 0.001750000
v -0.007519483 0.005000000 0.001750000
v -0.008136900 0.005000000 0.001750000
v -0.008773206 0.005000000 0.001750000
v -0.008819434 0.005000000 0.001750000
v -0.009526279 0.005000000 0.001750000
v -0.010111213 0.005000000 0.001750000
v -0.010260359 0.005000000 0.001750000
v -0.011024948 0.005000000 0.001750000
v -0.011553424 0.005000000 0.001750000
v -0.011823733 0.005000000 0.001750000
v -0.012660895 0.005000000 0.001750000
v -0.013124693 0.005000000 0.001750000
v -0.013541200 0.005000000 0.001750000
v -0.014470112 0.005000000 0.001750000
v -0.014856667 0.005000000 0.001750000
v -0.015453936 0.005000000 0.001750000
v -0.016500000 0.005000000 0.001750000
v -0.016790522 0.005000000 0.001750000
v -0.017500000 0.005000000 0.001750000
v -0.017612165 0.004995593 0.001750000
v -0.017892295 0.004984587 0.001750000
v -0.018266939 0.004940245 0.001750000
v -0.018282172 0.004938442 0.001750000
v -0.018564759 0.004882232 0.001750000
v -0.018658983 0.004863489 0.001750000
v -0.018667227 0.004861850 0.001750000
v -0.018784203 0.004828859 0.001750000
v -0.018867913 0.004805250 0.001750000
v -0.019045085 0.004755283 0.001750000
v -0.019172958 0.004708108 0.001750000
v -0.019413417 0.004619398 0.001750000
v -0.019476860 0.004590150 0.001750000
v -0.019559489 0.004552058 0.001750000
v -0.019769952 0.004455033 0.001750000
v -0.019776895 0.004451144 0.001750000
v -0.020067218 0.004288556 0.001750000
v -0.020112493 0.004263201 0.001750000
v -0.020342615 0.004109438 0.001750000
v -0.020348684 0.004105383 0.001750000
v -0.020438926 0.004045085 0.001750000
v -0.020619645 0.003902618 0.001750000
v -0.020747240 0.003802030 0.001750000
v -0.020878108 0.003681057 0.001750000
v -0.021012184 0.003557118 0.001750000
v -0.021035534 0.003535534 0.001750000
v -0.021122266 0.003441708 0.001750000
v -0.021302030 0.003247240 0.001750000
v -0.021350491 0.003185767 0.001750000
v -0.021497006 0.002999914 0.001750000
v -0.021545085 0.002938926 0.001750000
v -0.021561340 0.002914599 0.001750000
v -0.021564930 0.002909226 0.001750000
v -0.021752255 0.002628875 0.001750000
v -0.021763201 0.002612493 0.001750000
v -0.021921473 0.002329878 0.001750000
v -0.021955033 0.002269952 0.001750000
v -0.021997109 0.002178681 0.001750000
v -0.022069976 0.002020621 0.001750000
v -0.022119398 0.001913417 0.001750000
v -0.022197042 0.001702952 0.001750000
v -0.022235802 0.001597889 0.001750000
v -0.022255283 0.001545085 0.001750000
v -0.022302175 0.001378818 0.001750000
v -0.022302818 0.001376538 0.001750000
v -0.022361850 0.001167227 0.001750000
v -0.022385116 0.001050261 0.001750000
v -0.022438442 0.000782172 0.001750000
v -0.022445870 0.000719411 0.001750000
v -0.022470565 0.000510767 0.001750000
v -0.022484587 0.000392295 0.001750000
v -0.022484737 0.000388481 0.001750000
v -0.022500000 -0.000000000 0.001750000
v -0.022500000 -0.000035677 0.001750000
v -0.022500000 -0.000404228 0.001750000
v -0.022500000 -0.001305383 0.001750000
v -0.022500000 -0.001716722 0.001750000
v -0.022500000 -0.002180195 0.001750000
v -0.022500000 -0.003031600 0.001750000
v -0.022500000 -0.003310670 0.001750000
v -0.022500000 -0.003862279 0.001750000
v -0.022500000 -0.004674700 0.001750000
v -0.022500000 -0.004835196 0.001750000
v -0.022500000 -0.005471143 0.001750000
v -0.022500000 -0.006253736 0.001750000
v -0.022500000 -0.006305466 0.001750000
v -0.022500000 -0.007024472 0.001750000
v -0.022500000 -0.007734791 0.001750000
v -0.022500000 -0.007785235 0.001750000
v -0.022500000 -0.008537819 0.001750000
v -0.022500000 -0.009135155 0.001750000
v -0.022500000 -0.009283943 0.001750000
v -0.022500000 -0.010025272 0.001750000
v -0.022500000 -0.010517629 0.001750000
v -0.022500000 -0.010763426 0.001750000
v -0.022500000 -0.011500000 0.001750000
v -0.022500000 -0.011892739 0.001750000
v -0.022500000 -0.012236574 0.001750000
v -0.022500000 -0.012974728 0.001750000
v -0.022500000 -0.013270788 0.001750000
v -0.022500000 -0.013716057 0.001750000
v -0.022500000 -0.014462181 0.001750000
v -0.022500000 -0.014662169 0.001750000
v -0.022500000 -0.015214765 0.001750000
v -0.022500000 -0.015975528 0.001750000
v -0.022500000 -0.016077677 0.001750000
v -0.022500000 -0.016746264 0.001750000
v -0.022500000 -0.017528857 0.001750000
v -0.022500000 -0.018325300 0.001750000
v -0.022500000 -0.019028395 0.001750000
v -0.022500000 -0.019137721 0.001750000
v -0.022500000 -0.019968400 0.001750000
v -0.022500000 -0.020590590 0.001750000
v -0.022500000 -0.020819805 0.001750000
v -0.022500000 -0.021694617 0.001750000
v -0.022500000 -0.022231949 0.001750000
v -0.022500000 -0.022595772 0.001750000
v -0.022500000 -0.023526501 0.001750000
v -0.022500000 -0.023971954 0.001750000
v -0.022500000 -0.024490381 0.001750000
v -0.022500000 -0.025000000 0.001750000
v -0.022484587 -0.025392295 0.001750000
v -0.022477568 -0.025451594 0.001750000
v -0.022474718 -0.025475678 0.001750000
v -0.022438690 -0.025780074 0.001750000
v -0.022438442 -0.025782172 0.001750000
v -0.022436201 -0.025793436 0.001750000
v -0.022373960 -0.026106344 0.001750000
v -0.022361850 -0.026167227 0.001750000
v -0.022296712 -0.026398187 0.001750000
v -0.022287490 -0.026430887 0.001750000
v -0.022255283 -0.026545085 0.001750000
v -0.022179146 -0.026751462 0.001750000
v -0.022119398 -0.026913417 0.001750000
v -0.022049085 -0.027065938 0.001750000
v -0.021967923 -0.027241991 0.001750000
v -0.021955033 -0.027269952 0.001750000
v -0.021897719 -0.027372293 0.001750000
v -0.021882859 -0.027398828 0.001750000
v -0.021763201 -0.027612493 0.001750000
v -0.021725698 -0.027668620 0.001750000
v -0.021545085 -0.027938926 0.001750000
v -0.021533886 -0.027953132 0.001750000
v -0.021499305 -0.027996997 0.001750000
v -0.021321413 -0.028222653 0.001750000
v -0.021302030 -0.028247240 0.001750000
v -0.021090366 -0.028476217 0.001750000
v -0.021035534 -0.028535534 0.001750000
v -0.020904947 -0.028656247 0.001750000
v -0.020861223 -0.028696665 0.001750000
v -0.020843254 -0.028713275 0.001750000
v -0.020747240 -0.028802030 0.001750000
v -0.020581633 -0.028932584 0.001750000
v -0.020438926 -0.029045085 0.001750000
v -0.020307228 -0.029133083 0.001750000
v -0.020193403 -0.029209139 0.001750000
v -0.020112493 -0.029263201 0.001750000
v -0.020021936 -0.029313915 0.001750000
v -0.019769952 -0.029455033 0.001750000
v -0.019727824 -0.029474454 0.001750000
v -0.019426238 -0.029613487 0.001750000
v -0.019424966 -0.029614074 0.001750000
v -0.019413417 -0.029619398 0.001750000
v -0.019364968 -0.029637272 0.001750000
v -0.019117278 -0.029728649 0.001750000
v -0.019045085 -0.029755283 0.001750000
v -0.018806296 -0.029822628 0.001750000
v -0.018667227 -0.029861850 0.001750000
v -0.018496041 -0.029895901 0.001750000
v -0.018412515 -0.029912515 0.001750000
v -0.018282172 -0.029938442 0.001750000
v -0.018189553 -0.029949404 0.001750000
v -0.017892295 -0.029984587 0.001750000
v -0.017553837 -0.029997885 0.001750000
v -0.017500000 -0.030000000 0.001750000
v -0.017327141 -0.030000000 0.001750000
v -0.016224065 -0.030000000 0.001750000
v -0.015523343 -0.030000000 0.001750000
v -0.015182558 -0.030000000 0.001750000
v -0.014195549 -0.030000000 0.001750000
v -0.013256913 -0.030000000 0.001750000
v -0.012361305 -0.030000000 0.001750000
v -0.011504039 -0.030000000 0.001750000
v -0.010680980 -0.030000000 0.001750000
v -0.009888456 -0.030000000 0.001750000
v -0.009123190 -0.030000000 0.001750000
v -0.008382241 -0.030000000 0.001750000
v -0.007662951 -0.030000000 0.001750000
v -0.006962907 -0.030000000 0.001750000
v -0.006279904 -0.030000000 0.001750000
v -0.006101064 -0.030000000 0.001750000
v -0.005611914 -0.030000000 0.001750000
v -0.004957060 -0.030000000 0.001750000
v -0.004313595 -0.030000000 0.001750000
v -0.004052381 -0.030000000 0.001750000
v -0.003679879 -0.030000000 0.001750000
v -0.003054362 -0.030000000 0.001750000
v -0.002435571 -0.030000000 0.001750000
v -0.001822091 -0.030000000 0.001750000
v -0.001212554 -0.030000000 0.001750000
v -0.000605627 -0.030000000 0.001750000
v 0.000000000 -0.030000000 0.001750000
v 0.000605627 -0.030000000 0.001750000
v 0.001212554 -0.030000000 0.001750000
v 0.001822091 -0.030000000 0.001750000
v 0.002435571 -0.030000000 0.001750000
v 0.003054362 -0.030000000 0.001750000
v 0.003679879 -0.030000000 0.001750000
v 0.004052381 -0.030000000 0.001750000
v 0.004313595 -0.030000000 0.001750000
v 0.004957060 -0.030000000 0.001750000
v 0.005611914 -0.030000000 0.001750000
v 0.006101064 -0.030000000 0.001750000
v 0.006279904 -0.030000000 0.001750000
v 0.006962907 -0.030000000 0.001750000
v 0.007662951 -0.030000000 0.001750000
v 0.008382241 -0.030000000 0.001750000
v 0.009123190 -0.030000000 0.001750000
v 0.009888456 -0.030000000 0.001750000
v 0.010680980 -0.030000000 0.001750000
v 0.011504039 -0.030000000 0.001750000
v 0.012361305 -0.030000000 0.001750000
v 0.013256913 -0.030000000 0.001750000
v 0.014195549 -0.030000000 0.001750000
v 0.015182558 -0.030000000 0.001750000
v 0.015523343 -0.030000000 0.001750000
v 0.016224065 -0.030000000 0.001750000
v 0.017327141 -0.030000000 0.001750000
v 0.017500000 -0.030000000 0.001750000
v 0.017553837 -0.029997885 0.001750000
v 0.017892295 -0.029984587 0.001750000
v 0.018189553 -0.029949404 0.001750000
v 0.018282172 -0.029938442 0.001750000
v 0.018412515 -0.029912515 0.001750000
v 0.018496041 -0.029895901 0.001750000
v 0.018667227 -0.029861850 0.001750000
v 0.018806296 -0.029822628 0.001750000
v 0.019045085 -0.029755283 0.001750000
v 0.019117278 -0.029728649 0.001750000
v 0.019364968 -0.029637272 0.001750000
v 0.019413417 -0.029619398 0.001750000
v 0.019424966 -0.029614074 0.001750000
v 0.019426238 -0.029613487 0.001750000
v 0.019727824 -0.029474454 0.001750000
v 0.019769952 -0.029455033 0.001750000
v 0.020021936 -0.029313915 0.001750000
v 0.020112493 -0.029263201 0.001750000
v 0.020193403 -0.029209139 0.001750000
v 0.020307228 -0.029133083 0.001750000
v 0.020438926 -0.029045085 0.001750000
v 0.020581633 -0.028932584 0.001750000
v 0.020747240 -0.028802030 0.001750000
v 0.020843254 -0.028713275 0.001750000
v 0.020861223 -0.028696665 0.001750000
v 0.020904947 -0.028656247 0.001750000
v 0.021035534 -0.028535534 0.001750000
v 0.021090366 -0.028476217 0.001750000
v 0.021302030 -0.028247240 0.001750000
v 0.021321413 -0.028222653 0.001750000
v 0.021499305 -0.027996997 0.001750000
v 0.021533886 -0.027953132 0.001750000
v 0.021545085 -0.027938926 0.001750000
v 0.021725698 -0.027668620 0.001750000
v 0.021763201 -0.027612493 0.001750000
v 0.021882859 -0.027398828 0.001750000
v 0.021897719 -0.027372293 0.001750000
v 0.021955033 -0.027269952 0.001750000
v 0.021967923 -0.027241991 0.001750000
v 0.022049085 -0.027065938 0.001750000
v 0.022119398 -0.026913417 0.001750000
v 0.022179146 -0.026751462 0.001750000
v 0.022255283 -0.026545085 0.001750000
v 0.022287490 -0.026430887 0.001750000
v 0.022296712 -0.026398187 0.001750000
v 0.022361850 -0.026167227 0.001750000
v 0.022373960 -0.026106344 0.001750000
v 0.022436201 -0.025793436 0.001750000
v 0.022438442 -0.025782172 0.001750000
v 0.022438690 -0.025780074 0.001750000
v 0.022474718 -0.025475678 0.001750000
v 0.022477568 -0.025451594 0.001750000
v 0.022484587 -0.025392295 0.001750000
v 0.022500000 -0.025000000 0.001750000
v 0.022500000 -0.024490381 0.001750000
v 0.022500000 -0.023971954 0.001750000
v 0.022500000 -0.023526501 0.001750000
v 0.022500000 -0.022595772 0.001750000
v 0.022500000 -0.022231949 0.001750000
v 0.022500000 -0.021694617 0.001750000
v 0.022500000 -0.020819805 0.001750000
v 0.022500000 -0.020590590 0.001750000
v 0.022500000 -0.019968400 0.001750000
v 0.022500000 -0.019137721 0.001750000
v 0.022500000 -0.019028395 0.001750000
v 0.022500000 -0.018325300 0.001750000
v 0.022500000 -0.017528857 0.001750000
v 0.022500000 -0.016746264 0.001750000
v 0.022500000 -0.016077677 0.001750000
v 0.022500000 -0.015975528 0.001750000
v 0.022500000 -0.015214765 0.001750000
v 0.022500000 -0.014662169 0.001750000
v 0.022500000 -0.014462181 0.001750000
v 0.022500000 -0.013716057 0.001750000
v 0.022500000 -0.013270788 0.001750000
v 0.022500000 -0.012974728 0.001750000
v 0.022500000 -0.012236574 0.001750000
v 0.022500000 -0.011892739 0.001750000
v -0.011400000 0.002000000 0.000000000
v -0.011613137 0.002000000 -0.001071514
v -0.011613146 0.012993407 -0.001071514
v -0.011400009 0.012992864 0.000000000
v -0.012220101 0.002000000 -0.001979899
v -0.012220107 0.012994954 -0.001979899
v -0.013128486 0.002000000 -0.002586863
v -0.013128490 0.012997269 -0.002586863
v -0.014200000 0.002000000 -0.002800000
v -0.014200000 0.013000000 -0.002800000
v -0.015271514 0.002000000 -0.002586863
v -0.015271510 0.013002731 -0.002586863
v -0.016179899 0.002000000 -0.001979899
v -0.016179893 0.013005046 -0.001979899
v -0.016786863 0.002000000 -0.001071514
v -0.016786854 0.013006593 -0.001071514
v -0.017000000 0.002000000 -0.000000000
v -0.016999991 0.013007136 -0.000000000
v -0.016786863 0.002000000 0.001071514
v -0.016786854 0.013006593 0.001071514
v -0.016179899 0.002000000 0.001979899
v -0.016179893 0.013005046 0.001979899
v -0.015271514 0.002000000 0.002586863
v -0.015271510 0.013002731 0.002586863
v -0.014200000 0.002000000 0.002800000
v -0.014200000 0.013000000 0.002800000
v -0.013128486 0.002000000 0.002586863
v -0.013128490 0.012997269 0.002586863
v -0.012220101 0.002000000 0.001979899
v -0.012220107 0.012994954 0.001979899
v -0.011613137 0.002000000 0.001071514
v -0.011613146 0.012993407 0.001071514
v -0.011588273 0.013759536 -0.001071514
v -0.011375592 0.013745596 0.000000000
v -0.012193937 0.013799233 -0.001979899
v -0.013100377 0.013858644 -0.002586863
v -0.014169597 0.013928724 -0.002800000
v -0.015238816 0.013998805 -0.002586863
v -0.016145257 0.014058216 -0.001979899
v -0.016750921 0.014097913 -0.001071514
v -0.016963602 0.014111853 -0.000000000
v -0.016750921 0.014097913 0.001071514
v -0.016145257 0.014058216 0.001979899
v -0.015238816 0.013998805 0.002586863
v -0.014169597 0.013928724 0.002800000
v -0.013100377 0.013858644 0.002586863
v -0.012193937 0.013799233 0.001979899
v -0.011588273 0.013759536 0.001071514
v -0.011513785 0.014515819 -0.001071514
v -0.011302471 0.014487999 0.000000000
v -0.012115556 0.014595043 -0.001979899
v -0.013016170 0.014713611 -0.002586863
v -0.014078517 0.014853472 -0.002800000
v -0.015140864 0.014993333 -0.002586863
v -0.016041478 0.015111901 -0.001979899
v -0.016643249 0.015191125 -0.001071514
v -0.016854563 0.015218945 -0.000000000
v -0.016643249 0.015191125 0.001071514
v -0.016041478 0.015111901 0.001979899
v -0.015140864 0.014993333 0.002586863
v -0.014078517 0.014853472 0.002800000
v -0.013016170 0.014713611 0.002586863
v -0.012115556 0.014595043 0.001979899
v -0.011513785 0.014515819 0.001071514
v -0.011389994 0.015265611 -0.001071514
v -0.011180952 0.015224030 0.000000000
v -0.011985295 0.015384023 -0.001979899
v -0.012876226 0.015561241 -0.002586863
v -0.013927151 0.015770283 -0.002800000
v -0.014978076 0.015979325 -0.002586863
v -0.015869007 0.016156542 -0.001979899
v -0.016464308 0.016274954 -0.001071514
v -0.016673350 0.016316535 -0.000000000
v -0.016464308 0.016274954 0.001071514
v -0.015869007 0.016156542 0.001979899
v -0.014978076 0.015979325 0.002586863
v -0.013927151 0.015770283 0.002800000
v -0.012876226 0.015561241 0.002586863
v -0.011985295 0.015384023 0.001979899
v -0.011389994 0.015265611 0.001071514
v -0.011217429 0.016005701 -0.001071514
v -0.011011554 0.015950537 0.000000000
v -0.011803711 0.016162795 -0.001979899
v -0.012681144 0.016397902 -0.002586863
v -0.013716147 0.016675230 -0.002800000
v -0.014751149 0.016952559 -0.002586863
v -0.015628582 0.017187666 -0.001979899
v -0.016214864 0.017344760 -0.001071514
v -0.016420739 0.017399924 -0.000000000
v -0.016214864 0.017344760 0.001071514
v -0.015628582 0.017187666 0.001979899
v -0.014751149 0.016952559 0.002586863
v -0.013716147 0.016675230 0.002800000
v -0.012681144 0.016397902 0.002586863
v -0.011803711 0.016162795 0.001979899
v -0.011217429 0.016005701 0.001071514
v -0.010996830 0.016732921 -0.001071514
v -0.010795003 0.016664410 0.000000000
v -0.011571582 0.016928023 -0.001979899
v -0.012431759 0.017220014 -0.002586863
v -0.013446408 0.017564440 -0.002800000
v -0.014461056 0.017908867 -0.002586863
v -0.015321234 0.018200858 -0.001979899
v -0.015895986 0.018395960 -0.001071514
v -0.016097812 0.018464471 -0.000000000
v -0.015895986 0.018395960 0.001071514
v -0.015321234 0.018200858 0.001979899
v -0.014461056 0.017908867 0.002586863
v -0.013446408 0.017564440 0.002800000
v -0.012431759 0.017220014 0.002586863
v -0.011571582 0.016928023 0.001979899
v -0.010996830 0.016732921 0.001071514
v -0.010729140 0.017444155 -0.001071514
v -0.010532227 0.017362591 0.000000000
v -0.011289901 0.017676430 -0.001979899
v -0.012129140 0.018024054 -0.002586863
v -0.013119089 0.018434105 -0.002800000
v -0.014109039 0.018844155 -0.002586863
v -0.014948278 0.019191779 -0.001979899
v -0.015509039 0.019424054 -0.001071514
v -0.015705952 0.019505618 -0.000000000
v -0.015509039 0.019424054 0.001071514
v -0.014948278 0.019191779 0.001979899
v -0.014109039 0.018844155 0.002586863
v -0.013119089 0.018434105 0.002800000
v -0.012129140 0.018024054 0.002586863
v -0.011289901 0.017676430 0.001979899
v -0.010729140 0.017444155 0.001071514
v -0.010415506 0.018136359 -0.001071514
v -0.010224349 0.018042091 0.000000000
v -0.010959875 0.018404812 -0.001979899
v -0.011774582 0.018806581 -0.002586863
v -0.012735593 0.019280499 -0.002800000
v -0.013696604 0.019754418 -0.002586863
v -0.014511310 0.020156186 -0.001979899
v -0.015055680 0.020424640 -0.001071514
v -0.015246837 0.020518908 -0.000000000
v -0.015055680 0.020424640 0.001071514
v -0.014511310 0.020156186 0.001979899
v -0.013696604 0.019754418 0.002586863
v -0.012735593 0.019280499 0.002800000
v -0.011774582 0.018806581 0.002586863
v -0.010959875 0.018404812 0.001979899
v -0.010415506 0.018136359 0.001071514
v -0.010057272 0.018806569 -0.001071514
v -0.009872690 0.018700000 0.000000000
v -0.010582918 0.019110051 -0.001979899
v -0.011369603 0.019564243 -0.002586863
v -0.012297561 0.020100000 -0.002800000
v -0.013225519 0.020635757 -0.002586863
v -0.014012204 0.021089949 -0.001979899
v -0.014537850 0.021393431 -0.001071514
v -0.014722432 0.021500000 -0.000000000
v -0.014537850 0.021393431 0.001071514
v -0.014012204 0.021089949 0.001979899
v -0.013225519 0.020635757 0.002586863
v -0.012297561 0.020100000 0.002800000
v -0.011369603 0.019564243 0.002586863
v -0.010582918 0.019110051 0.001979899
v -0.010057272 0.018806569 0.001071514
v -0.009655971 0.019451913 -0.001071514
v -0.009478754 0.019333501 0.000000000
v -0.010160643 0.019789124 -0.001979899
v -0.010915937 0.020293796 -0.002586863
v -0.011806868 0.020889097 -0.002800000
v -0.012697800 0.021484398 -0.002586863
v -0.013453094 0.021989070 -0.001979899
v -0.013957766 0.022326281 -0.001071514
v -0.014134983 0.022444694 -0.000000000
v -0.013957766 0.022326281 0.001071514
v -0.013453094 0.021989070 0.001979899
v -0.012697800 0.021484398 0.002586863
v -0.011806868 0.020889097 0.002800000
v -0.010915937 0.020293796 0.002586863
v -0.010160643 0.019789124 0.001979899
v -0.009655971 0.019451913 0.001071514
v -0.009213321 0.020069630 -0.001071514
v -0.009044228 0.019939880 0.000000000
v -0.009694858 0.020439126 -0.001979899
v -0.010415529 0.020992116 -0.002586863
v -0.011265617 0.021644412 -0.002800000
v -0.012115706 0.022296708 -0.002586863
v -0.012836377 0.022849698 -0.001979899
v -0.013317914 0.023219195 -0.001071514
v -0.013487007 0.023348944 -0.000000000
v -0.013317914 0.023219195 0.001071514
v -0.012836377 0.022849698 0.001979899
v -0.012115706 0.022296708 0.002586863
v -0.011265617 0.021644412 0.002800000
v -0.010415529 0.020992116 0.002586863
v -0.009694858 0.020439126 0.001979899
v -0.009213321 0.020069630 0.001071514
v -0.008731219 0.020657073 -0.001071514
v -0.008570974 0.020516542 0.000000000
v -0.009187558 0.021057272 -0.001979899
v -0.009870519 0.021656213 -0.002586863
v -0.010676125 0.022362711 -0.002800000
v -0.011481732 0.023069209 -0.002586863
v -0.012164692 0.023668149 -0.001979899
v -0.012621032 0.024068348 -0.001071514
v -0.012781277 0.024208879 -0.000000000
v -0.012621032 0.024068348 0.001071514
v -0.012164692 0.023668149 0.001979899
v -0.011481732 0.023069209 0.002586863
v -0.010676125 0.022362711 0.002800000
v -0.009870519 0.021656213 0.002586863
v -0.009187558 0.021057272 0.001979899
v -0.008731219 0.020657073 0.001071514
v -0.008211728 0.021211728 -0.001071514
v -0.008061017 0.021061017 0.000000000
v -0.008640916 0.021640916 -0.001979899
v -0.009283242 0.022283242 -0.002586863
v -0.010040916 0.023040916 -0.002800000
v -0.010798591 0.023798591 -0.002586863
v -0.011440916 0.024440916 -0.001979899
v -0.011870104 0.024870104 -0.001071514
v -0.012020815 0.025020815 -0.000000000
v -0.011870104 0.024870104 0.001071514
v -0.011440916 0.024440916 0.001979899
v -0.010798591 0.023798591 0.002586863
v -0.010040916 0.023040916 0.002800000
v -0.009283242 0.022283242 0.002586863
v -0.008640916 0.021640916 0.001979899
v -0.008211728 0.021211728 0.001071514
v -0.007657073 0.021731219 -0.001071514
v -0.007516542 0.021570974 0.000000000
v -0.008057272 0.022187558 -0.001979899
v -0.008656213 0.022870519 -0.002586863
v -0.009362711 0.023676125 -0.002800000
v -0.010069209 0.024481732 -0.002586863
v -0.010668149 0.025164692 -0.001979899
v -0.011068348 0.025621032 -0.001071514
v -0.011208879 0.025781277 -0.000000000
v -0.011068348 0.025621032 0.001071514
v -0.010668149 0.025164692 0.001979899
v -0.010069209 0.024481732 0.002586863
v -0.009362711 0.023676125 0.002800000
v -0.008656213 0.022870519 0.002586863
v -0.008057272 0.022187558 0.001979899
v -0.007657073 0.021731219 0.001071514
v -0.007069630 0.022213321 -0.001071514
v -0.006939880 0.022044228 0.000000000
v -0.007439126 0.022694858 -0.001979899
v -0.007992116 0.023415529 -0.002586863
v -0.008644412 0.024265617 -0.002800000
v -0.009296708 0.025115706 -0.002586863
v -0.009849698 0.025836377 -0.001979899
v -0.010219195 0.026317914 -0.001071514
v -0.010348944 0.026487007 -0.000000000
v -0.010219195 0.026317914 0.001071514
v -0.009849698 0.025836377 0.001979899
v -0.009296708 0.025115706 0.002586863
v -0.008644412 0.024265617 0.002800000
v -0.007992116 0.023415529 0.002586863
v -0.007439126 0.022694858 0.001979899
v -0.007069630 0.022213321 0.001071514
v -0.006451913 0.022655971 -0.001071514
v -0.006333501 0.022478754 0.000000000
v -0.006789124 0.023160643 -0.001979899
v -0.007293796 0.023915937 -0.002586863
v -0.007889097 0.024806868 -0.002800000
v -0.008484398 0.025697800 -0.002586863
v -0.008989070 0.026453094 -0.001979899
v -0.009326281 0.026957766 -0.001071514
v -0.009444694 0.027134983 -0.000000000
v -0.009326281 0.026957766 0.001071514
v -0.008989070 0.026453094 0.001979899
v -0.008484398 0.025697800 0.002586863
v -0.007889097 0.024806868 0.002800000
v -0.007293796 0.023915937 0.002586863
v -0.006789124 0.023160643 0.001979899
v -0.006451913 0.022655971 0.001071514
v -0.005806569 0.023057272 -0.001071514
v -0.005700000 0.022872690 0.000000000
v -0.006110051 0.023582918 -0.001979899
v -0.006564243 0.024369603 -0.002586863
v -0.007100000 0.025297561 -0.002800000
v -0.007635757 0.026225519 -0.002586863
v -0.008089949 0.027012204 -0.001979899
v -0.008393431 0.027537850 -0.001071514
v -0.008500000 0.027722432 -0.000000000
v -0.008393431 0.027537850 0.001071514
v -0.008089949 0.027012204 0.001979899
v -0.007635757 0.026225519 0.002586863
v -0.007100000 0.025297561 0.002800000
v -0.006564243 0.024369603 0.002586863
v -0.006110051 0.023582918 0.001979899
v -0.005806569 0.023057272 0.001071514
v -0.005136359 0.023415506 -0.001071514
v -0.005042091 0.023224349 0.000000000
v -0.005404812 0.023959875 -0.001979899
v -0.005806581 0.024774582 -0.002586863
v -0.006280499 0.025735593 -0.002800000
v -0.006754418 0.026696604 -0.002586863
v -0.007156186 0.027511310 -0.001979899
v -0.007424640 0.028055680 -0.001071514
v -0.007518908 0.028246837 -0.000000000
v -0.007424640 0.028055680 0.001071514
v -0.007156186 0.027511310 0.001979899
v -0.006754418 0.026696604 0.002586863
v -0.006280499 0.025735593 0.002800000
v -0.005806581 0.024774582 0.002586863
v -0.005404812 0.023959875 0.001979899
v -0.005136359 0.023415506 0.001071514
v -0.004444155 0.023729140 -0.001071514
v -0.004362591 0.023532227 0.000000000
v -0.004676430 0.024289901 -0.001979899
v -0.005024054 0.025129140 -0.002586863
v -0.005434105 0.026119089 -0.002800000
v -0.005844155 0.027109039 -0.002586863
v -0.006191779 0.027948278 -0.001979899
v -0.006424054 0.028509039 -0.001071514
v -0.006505618 0.028705952 -0.000000000
v -0.006424054 0.028509039 0.001071514
v -0.006191779 0.027948278 0.001979899
v -0.005844155 0.027109039 0.002586863
v -0.005434105 0.026119089 0.002800000
v -0.005024054 0.025129140 0.002586863
v -0.004676430 0.024289901 0.001979899
v -0.004444155 0.023729140 0.001071514
v -0.003732921 0.023996830 -0.001071514
v -0.003664410 0.023795003 0.000000000
v -0.003928023 0.024571582 -0.001979899
v -0.004220014 0.025431759 -0.002586863
v -0.004564440 0.026446408 -0.002800000
v -0.004908867 0.027461056 -0.002586863
v -0.005200858 0.028321234 -0.001979899
v -0.005395960 0.028895986 -0.001071514
v -0.005464471 0.029097812 -0.000000000
v -0.005395960 0.028895986 0.001071514
v -0.005200858 0.028321234 0.001979899
v -0.004908867 0.027461056 0.002586863
v -0.004564440 0.026446408 0.002800000
v -0.004220014 0.025431759 0.002586863
v -0.003928023 0.024571582 0.001979899
v -0.003732921 0.023996830 0.001071514
v -0.003005701 0.024217429 -0.001071514
v -0.002950537 0.024011554 0.000000000
v -0.003162795 0.024803711 -0.001979899
v -0.003397902 0.025681144 -0.002586863
v -0.003675230 0.026716147 -0.002800000
v -0.003952559 0.027751149 -0.002586863
v -0.004187666 0.028628582 -0.001979899
v -0.004344760 0.029214864 -0.001071514
v -0.004399924 0.029420739 -0.000000000
v -0.004344760 0.029214864 0.001071514
v -0.004187666 0.028628582 0.001979899
v -0.003952559 0.027751149 0.002586863
v -0.003675230 0.026716147 0.002800000
v -0.003397902 0.025681144 0.002586863
v -0.003162795 0.024803711 0.001979899
v -0.003005701 0.024217429 0.001071514
v -0.002265611 0.024389994 -0.001071514
v -0.002224030 0.024180952 0.000000000
v -0.002384023 0.024985295 -0.001979899
v -0.002561241 0.025876226 -0.002586863
v -0.002770283 0.026927151 -0.002800000
v -0.002979325 0.027978076 -0.002586863
v -0.003156542 0.028869007 -0.001979899
v -0.003274954 0.029464308 -0.001071514
v -0.003316535 0.029673350 -0.000000000
v -0.003274954 0.029464308 0.001071514
v -0.003156542 0.028869007 0.001979899
v -0.002979325 0.027978076 0.002586863
v -0.002770283 0.026927151 0.002800000
v -0.002561241 0.025876226 0.002586863
v -0.002384023 0.024985295 0.001979899
v -0.002265611 0.024389994 0.001071514
v -0.001515819 0.024513785 -0.001071514
v -0.001487999 0.024302471 0.000000000
v -0.001595043 0.025115556 -0.001979899
v -0.001713611 0.026016170 -0.002586863
v -0.001853472 0.027078517 -0.002800000
v -0.001993333 0.028140864 -0.002586863
v -0.002111901 0.029041478 -0.001979899
v -0.002191125 0.029643249 -0.001071514
v -0.002218945 0.029854563 -0.000000000
v -0.002191125 0.029643249 0.001071514
v -0.002111901 0.029041478 0.001979899
v -0.001993333 0.028140864 0.002586863
v -0.001853472 0.027078517 0.002800000
v -0.001713611 0.026016170 0.002586863
v -0.001595043 0.025115556 0.001979899
v -0.001515819 0.024513785 0.001071514
v -0.000759536 0.024588273 -0.001071514
v -0.000745596 0.024375592 0.000000000
v -0.000799233 0.025193937 -0.001979899
v -0.000858644 0.026100377 -0.002586863
v -0.000928724 0.027169597 -0.002800000
v -0.000998805 0.028238816 -0.002586863
v -0.001058216 0.029145257 -0.001979899
v -0.001097913 0.029750921 -0.001071514
v -0.001111853 0.029963602 -0.000000000
v -0.001097913 0.029750921 0.001071514
v -0.001058216 0.029145257 0.001979899
v -0.000998805 0.028238816 0.002586863
v -0.000928724 0.027169597 0.002800000
v -0.000858644 0.026100377 0.002586863
v -0.000799233 0.025193937 0.001979899
v -0.000759536 0.024588273 0.001071514
v 0.000000000 0.024613137 -0.001071514
v 0.000000000 0.024400000 0.000000000
v 0.000000000 0.025220101 -0.001979899
v 0.000000000 0.026128486 -0.002586863
v 0.000000000 0.027200000 -0.002800000
v 0.000000000 0.028271514 -0.002586863
v 0.000000000 0.029179899 -0.001979899
v 0.000000000 0.029786863 -0.001071514
v 0.000000000 0.030000000 -0.000000000
v 0.000000000 0.029786863 0.001071514
v 0.000000000 0.029179899 0.001979899
v 0.000000000 0.028271514 0.002586863
v 0.000000000 0.027200000 0.002800000
v 0.000000000 0.026128486 0.002586863
v 0.000000000 0.025220101 0.001979899
v 0.000000000 0.024613137 0.001071514
v 0.000759536 0.024588273 -0.001071514
v 0.000745596 0.024375592 0.000000000
v 0.000799233 0.025193937 -0.001979899
v 0.000858644 0.026100377 -0.002586863
v 0.000928724 0.027169597 -0.002800000
v 0.000998805 0.028238816 -0.002586863
v 0.001058216 0.029145257 -0.001979899
v 0.001097913 0.029750921 -0.001071514
v 0.001111853 0.029963602 -0.000000000
v 0.001097913 0.029750921 0.001071514
v 0.001058216 0.029145257 0.001979899
v 0.000998805 0.028238816 0.002586863
v 0.000928724 0.027169597 0.002800000
v 0.000858644 0.026100377 0.002586863
v 0.000799233 0.025193937 0.001979899
v 0.000759536 0.024588273 0.001071514
v 0.001515819 0.024513785 -0.001071514
v 0.001487999 0.024302471 0.000000000
v 0.001595043 0.025115556 -0.001979899
v 0.001713611 0.026016170 -0.002586863
v 0.001853472 0.027078517 -0.002800000
v 0.001993333 0.028140864 -0.002586863
v 0.002111901 0.029041478 -0.001979899
v 0.002191125 0.029643249 -0.001071514
v 0.002218945 0.029854563 -0.000000000
v 0.002191125 0.029643249 0.001071514
v 0.002111901 0.029041478 0.001979899
v 0.001993333 0.028140864 0.002586863
v 0.001853472 0.027078517 0.002800000
v 0.001713611 0.026016170 0.002586863
v 0.001595043 0.025115556 0.001979899
v 0.001515819 0.024513785 0.001071514
v 0.002265611 0.024389994 -0.001071514
v 0.002224030 0.024180952 0.000000000
v 0.002384023 0.024985295 -0.001979899
v 0.002561241 0.025876226 -0.002586863
v 0.002770283 0.026927151 -0.002800000
v 0.002979325 0.027978076 -0.002586863
v 0.003156542 0.028869007 -0.001979899
v 0.003274954 0.029464308 -0.001071514
v 0.003316535 0.029673350 -0.000000000
v 0.003274954 0.029464308 0.001071514
v 0.003156542 0.028869007 0.001979899
v 0.002979325 0.027978076 0.002586863
v 0.002770283 0.026927151 0.002800000
v 0.002561241 0.025876226 0.002586863
v 0.002384023 0.024985295 0.001979899
v 0.002265611 0.024389994 0.001071514
v 0.003005701 0.024217429 -0.001071514
v 0.002950537 0.024011554 0.000000000
v 0.003162795 0.024803711 -0.001979899
v 0.003397902 0.025681144 -0.002586863
v 0.003675230 0.026716147 -0.002800000
v 0.003952559 0.027751149 -0.002586863
v 0.004187666 0.028628582 -0.001979899
v 0.004344760 0.029214864 -0.001071514
v 0.004399924 0.029420739 -0.000000000
v 0.004344760 0.029214864 0.001071514
v 0.004187666 0.028628582 0.001979899
v 0.003952559 0.027751149 0.002586863
v 0.003675230 0.026716147 0.002800000
v 0.003397902 0.025681144 0.002586863
v 0.003162795 0.024803711 0.001979899
v 0.003005701 0.024217429 0.001071514
v 0.003732921 0.023996830 -0.001071514
v 0.003664410 0.023795003 0.000000000
v 0.003928023 0.024571582 -0.001979899
v 0.004220014 0.025431759 -0.002586863
v 0.004564440 0.026446408 -0.002800000
v 0.004908867 0.027461056 -0.002586863
v 0.005200858 0.028321234 -0.001979899
v 0.005395960 0.028895986 -0.001071514
v 0.005464471 0.029097812 -0.000000000
v 0.005395960 0.028895986 0.001071514
v 0.005200858 0.028321234 0.001979899
v 0.004908867 0.027461056 0.002586863
v 0.004564440 0.026446408 0.002800000
v 0.004220014 0.025431759 0.002586863
v 0.003928023 0.024571582 0.001979899
v 0.003732921 0.023996830 0.001071514
v 0.004444155 0.023729140 -0.001071514
v 0.004362591 0.023532227 0.000000000
v 0.004676430 0.024289901 -0.001979899
v 0.005024054 0.025129140 -0.002586863
v 0.005434105 0.026119089 -0.002800000
v 0.005844155 0.027109039 -0.002586863
v 0.006191779 0.027948278 -0.001979899
v 0.006424054 0.028509039 -0.001071514
v 0.006505618 0.028705952 -0.000000000
v 0.006424054 0.028509039 0.001071514
v 0.006191779 0.027948278 0.001979899
v 0.005844155 0.027109039 0.002586863
v 0.005434105 0.026119089 0.002800000
v 0.005024054 0.025129140 0.002586863
v 0.004676430 0.024289901 0.001979899
v 0.004444155 0.023729140 0.001071514
v 0.005136359 0.023415506 -0.001071514
v 0.005042091 0.023224349 0.000000000
v 0.005404812 0.023959875 -0.001979899
v 0.005806581 0.024774582 -0.002586863
v 0.006280499 0.025735593 -0.002800000
v 0.006754418 0.026696604 -0.002586863
v 0.007156186 0.027511310 -0.001979899
v 0.007424640 0.028055680 -0.001071514
v 0.007518908 0.028246837 -0.000000000
v 0.007424640 0.028055680 0.001071514
v 0.007156186 0.027511310 0.001979899
v 0.006754418 0.026696604 0.002586863
v 0.006280499 0.025735593 0.002800000
v 0.005806581 0.024774582 0.002586863
v 0.005404812 0.023959875 0.001979899
v 0.005136359 0.023415506 0.001071514
v 0.005806569 0.023057272 -0.001071514
v 0.005700000 0.022872690 0.000000000
v 0.006110051 0.023582918 -0.001979899
v 0.006564243 0.024369603 -0.002586863
v 0.007100000 0.025297561 -0.002800000
v 0.007635757 0.026225519 -0.002586863
v 0.008089949 0.027012204 -0.001979899
v 0.008393431 0.027537850 -0.001071514
v 0.008500000 0.027722432 -0.000000000
v 0.008393431 0.027537850 0.001071514
v 0.008089949 0.027012204 0.001979899
v 0.007635757 0.026225519 0.002586863
v 0.007100000 0.025297561 0.002800000
v 0.006564243 0.024369603 0.002586863
v 0.006110051 0.023582918 0.001979899
v 0.005806569 0.023057272 0.001071514
v 0.006451913 0.022655971 -0.001071514
v 0.006333501 0.022478754 0.000000000
v 0.006789124 0.023160643 -0.001979899
v 0.007293796 0.023915937 -0.002586863
v 0.007889097 0.024806868 -0.002800000
v 0.008484398 0.025697800 -0.002586863
v 0.008989070 0.026453094 -0.001979899
v 0.009326281 0.026957766 -0.001071514
v 0.009444694 0.027134983 -0.000000000
v 0.009326281 0.026957766 0.001071514
v 0.008989070 0.026453094 0.001979899
v 0.008484398 0.025697800 0.002586863
v 0.007889097 0.024806868 0.002800000
v 0.007293796 0.023915937 0.002586863
v 0.006789124 0.023160643 0.001979899
v 0.006451913 0.022655971 0.001071514
v 0.007069630 0.022213321 -0.001071514
v 0.006939880 0.022044228 0.000000000
v 0.007439126 0.022694858 -0.001979899
v 0.007992116 0.023415529 -0.002586863
v 0.008644412 0.024265617 -0.002800000
v 0.009296708 0.025115706 -0.002586863
v 0.009849698 0.025836377 -0.001979899
v 0.010219195 0.026317914 -0.001071514
v 0.010348944 0.026487007 -0.000000000
v 0.010219195 0.026317914 0.001071514
v 0.009849698 0.025836377 0.001979899
v 0.009296708 0.025115706 0.002586863
v 0.008644412 0.024265617 0.002800000
v 0.007992116 0.023415529 0.002586863
v 0.007439126 0.022694858 0.001979899
v 0.007069630 0.022213321 0.001071514
v 0.007657073 0.021731219 -0.001071514
v 0.007516542 0.021570974 0.000000000
v 0.008057272 0.022187558 -0.001979899
v 0.008656213 0.022870519 -0.002586863
v 0.009362711 0.023676125 -0.002800000
v 0.010069209 0.024481732 -0.002586863
v 0.010668149 0.025164692 -0.001979899
v 0.011068348 0.025621032 -0.001071514
v 0.011208879 0.025781277 -0.000000000
v 0.011068348 0.025621032 0.001071514
v 0.010668149 0.025164692 0.001979899
v 0.010069209 0.024481732 0.002586863
v 0.009362711 0.023676125 0.002800000
v 0.008656213 0.022870519 0.002586863
v 0.008057272 0.022187558 0.001979899
v 0.007657073 0.021731219 0.001071514
v 0.008211728 0.021211728 -0.001071514
v 0.008061017 0.021061017 0.000000000
v 0.008640916 0.021640916 -0.001979899
v 0.009283242 0.022283242 -0.002586863
v 0.010040916 0.023040916 -0.002800000
v 0.010798591 0.023798591 -0.002586863
v 0.011440916 0.024440916 -0.001979899
v 0.011870104 0.024870104 -0.001071514
v 0.012020815 0.025020815 -0.000000000
v 0.011870104 0.024870104 0.001071514
v 0.011440916 0.024440916 0.001979899
v 0.010798591 0.023798591 0.002586863
v 0.010040916 0.023040916 0.002800000
v 0.009283242 0.022283242 0.002586863
v 0.008640916 0.021640916 0.001979899
v 0.008211728 0.021211728 0.001071514
v 0.008731219 0.020657073 -0.001071514
v 0.008570974 0.020516542 0.000000000
v 0.009187558 0.021057272 -0.001979899
v 0.009870519 0.021656213 -0.002586863
v 0.010676125 0.022362711 -0.002800000
v 0.011481732 0.023069209 -0.002586863
v 0.012164692 0.023668149 -0.001979899
v 0.012621032 0.024068348 -0.001071514
v 0.012781277 0.024208879 -0.000000000
v 0.012621032 0.024068348 0.001071514
v 0.012164692 0.023668149 0.001979899
v 0.011481732 0.023069209 0.002586863
v 0.010676125 0.022362711 0.002800000
v 0.009870519 0.021656213 0.002586863
v 0.009187558 0.021057272 0.001979899
v 0.008731219 0.020657073 0.001071514
v 0.009213321 0.020069630 -0.001071514
v 0.009044228 0.019939880 0.000000000
v 0.009694858 0.020439126 -0.001979899
v 0.010415529 0.020992116 -0.002586863
v 0.011265617 0.021644412 -0.002800000
v 0.012115706 0.022296708 -0.002586863
v 0.012836377 0.022849698 -0.001979899
v 0.013317914 0.023219195 -0.001071514
v 0.013487007 0.023348944 -0.000000000
v 0.013317914 0.023219195 0.001071514
v 0.012836377 0.022849698 0.001979899
v 0.012115706 0.022296708 0.002586863
v 0.011265617 0.021644412 0.002800000
v 0.010415529 0.020992116 0.002586863
v 0.009694858 0.020439126 0.001979899
v 0.009213321 0.020069630 0.001071514
v 0.009655971 0.019451913 -0.001071514
v 0.009478754 0.019333501 0.000000000
v 0.010160643 0.019789124 -0.001979899
v 0.010915937 0.020293796 -0.002586863
v 0.011806868 0.020889097 -0.002800000
v 0.012697800 0.021484398 -0.002586863
v 0.013453094 0.021989070 -0.001979899
v 0.013957766 0.022326281 -0.001071514
v 0.014134983 0.022444694 -0.000000000
v 0.013957766 0.022326281 0.001071514
v 0.013453094 0.021989070 0.001979899
v 0.012697800 0.021484398 0.002586863
v 0.011806868 0.020889097 0.002800000
v 0.010915937 0.020293796 0.002586863
v 0.010160643 0.019789124 0.001979899
v 0.009655971 0.019451913 0.001071514
v 0.010057272 0.018806569 -0.001071514
v 0.009872690 0.018700000 0.000000000
v 0.010582918 0.019110051 -0.001979899
v 0.011369603 0.019564243 -0.002586863
v 0.012297561 0.020100000 -0.002800000
v 0.013225519 0.020635757 -0.002586863
v 0.014012204 0.021089949 -0.001979899
v 0.014537850 0.021393431 -0.001071514
v 0.014722432 0.021500000 -0.000000000
v 0.014537850 0.021393431 0.001071514
v 0.014012204 0.021089949 0.001979899
v 0.013225519 0.020635757 0.002586863
v 0.012297561 0.020100000 0.002800000
v 0.011369603 0.019564243 0.002586863
v 0.010582918 0.019110051 0.001979899
v 0.010057272 0.018806569 0.001071514
v 0.010415506 0.018136359 -0.001071514
v 0.010224349 0.018042091 0.000000000
v 0.010959875 0.018404812 -0.001979899
v 0.011774582 0.018806581 -0.002586863
v 0.012735593 0.019280499 -0.002800000
v 0.013696604 0.019754418 -0.002586863
v 0.014511310 0.020156186 -0.001979899
v 0.015055680 0.020424640 -0.001071514
v 0.015246837 0.020518908 -0.000000000
v 0.015055680 0.020424640 0.001071514
v 0.014511310 0.020156186 0.001979899
v 0.013696604 0.019754418 0.002586863
v 0.012735593 0.019280499 0.002800000
v 0.011774582 0.018806581 0.002586863
v 0.010959875 0.018404812 0.001979899
v 0.010415506 0.018136359 0.001071514
v 0.010729140 0.017444155 -0.001071514
v 0.010532227 0.017362591 0.000000000
v 0.011289901 0.017676430 -0.001979899
v 0.012129140 0.018024054 -0.002586863
v 0.013119089 0.018434105 -0.002800000
v 0.014109039 0.018844155 -0.002586863
v 0.014948278 0.019191779 -0.001979899
v 0.015509039 0.019424054 -0.001071514
v 0.015705952 0.019505618 -0.000000000
v 0.015509039 0.019424054 0.001071514
v 0.014948278 0.019191779 0.001979899
v 0.014109039 0.018844155 0.002586863
v 0.013119089 0.018434105 0.002800000
v 0.012129140 0.018024054 0.002586863
v 0.011289901 0.017676430 0.001979899
v 0.010729140 0.017444155 0.001071514
v 0.010996830 0.016732921 -0.001071514
v 0.010795003 0.016664410 0.000000000
v 0.011571582 0.016928023 -0.001979899
v 0.012431759 0.017220014 -0.002586863
v 0.013446408 0.017564440 -0.002800000
v 0.014461056 0.017908867 -0.002586863
v 0.015321234 0.018200858 -0.001979899
v 0.015895986 0.018395960 -0.001071514
v 0.016097812 0.018464471 -0.000000000
v 0.015895986 0.018395960 0.001071514
v 0.015321234 0.018200858 0.001979899
v 0.014461056 0.017908867 0.002586863
v 0.013446408 0.017564440 0.002800000
v 0.012431759 0.017220014 0.002586863
v 0.011571582 0.016928023 0.001979899
v 0.010996830 0.016732921 0.001071514
v 0.011217429 0.016005701 -0.001071514
v 0.011011554 0.015950537 0.000000000
v 0.011803711 0.016162795 -0.001979899
v 0.012681144 0.016397902 -0.002586863
v 0.013716147 0.016675230 -0.002800000
v 0.014751149 0.016952559 -0.002586863
v 0.015628582 0.017187666 -0.001979899
v 0.016214864 0.017344760 -0.001071514
v 0.016420739 0.017399924 -0.000000000
v 0.016214864 0.017344760 0.001071514
v 0.015628582 0.017187666 0.001979899
v 0.014751149 0.016952559 0.002586863
v 0.013716147 0.016675230 0.002800000
v 0.012681144 0.016397902 0.002586863
v 0.011803711 0.016162795 0.001979899
v 0.011217429 0.016005701 0.001071514
v 0.011389994 0.015265611 -0.001071514
v 0.011180952 0.015224030 0.000000000
v 0.011985295 0.015384023 -0.001979899
v 0.012876226 0.015561241 -0.002586863
v 0.013927151 0.015770283 -0.002800000
v 0.014978076 0.015979325 -0.002586863
v 0.015869007 0.016156542 -0.001979899
v 0.016464308 0.016274954 -0.001071514
v 0.016673350 0.016316535 -0.000000000
v 0.016464308 0.016274954 0.001071514
v 0.015869007 0.016156542 0.001979899
v 0.014978076 0.015979325 0.002586863
v 0.013927151 0.015770283 0.002800000
v 0.012876226 0.015561241 0.002586863
v 0.011985295 0.015384023 0.001979899
v 0.011389994 0.015265611 0.001071514
v 0.011513785 0.014515819 -0.001071514
v 0.011302471 0.014487999 0.000000000
v 0.012115556 0.014595043 -0.001979899
v 0.013016170 0.014713611 -0.002586863
v 0.014078517 0.014853472 -0.002800000
v 0.015140864 0.014993333 -0.002586863
v 0.016041478 0.015111901 -0.001979899
v 0.016643249 0.015191125 -0.001071514
v 0.016854563 0.015218945 -0.000000000
v 0.016643249 0.015191125 0.001071514
v 0.016041478 0.015111901 0.001979899
v 0.015140864 0.014993333 0.002586863
v 0.014078517 0.014853472 0.002800000
v 0.013016170 0.014713611 0.002586863
v 0.012115556 0.014595043 0.001979899
v 0.011513785 0.014515819 0.001071514
v 0.011588273 0.013759536 -0.001071514
v 0.011375592 0.013745596 0.000000000
v 0.012193937 0.013799233 -0.001979899
v 0.013100377 0.013858644 -0.002586863
v 0.014169597 0.013928724 -0.002800000
v 0.015238816 0.013998805 -0.002586863
v 0.016145257 0.014058216 -0.001979899
v 0.016750921 0.014097913 -0.001071514
v 0.016963602 0.014111853 -0.000000000
v 0.016750921 0.014097913 0.001071514
v 0.016145257 0.014058216 0.001979899
v 0.015238816 0.013998805 0.002586863
v 0.014169597 0.013928724 0.002800000
v 0.013100377 0.013858644 0.002586863
v 0.012193937 0.013799233 0.001979899
v 0.011588273 0.013759536 0.001071514
v 0.011613146 0.012993407 -0.001071514
v 0.011400009 0.012992864 0.000000000
v 0.012220107 0.012994954 -0.001979899
v 0.013128490 0.012997269 -0.002586863
v 0.014200000 0.013000000 -0.002800000
v 0.015271510 0.013002731 -0.002586863
v 0.016179893 0.013005046 -0.001979899
v 0.016786854 0.013006593 -0.001071514
v 0.016999991 0.013007136 -0.000000000
v 0.016786854 0.013006593 0.001071514
v 0.016179893 0.013005046 0.001979899
v 0.015271510 0.013002731 0.002586863
v 0.014200000 0.013000000 0.002800000
v 0.013128490 0.012997269 0.002586863
v 0.012220107 0.012994954 0.001979899
v 0.011613146 0.012993407 0.001071514
v 0.011613137 0.002000000 -0.001071514
v 0.011400000 0.002000000 0.000000000
v 0.012220101 0.002000000 -0.001979899
v 0.013128486 0.002000000 -0.002586863
v 0.014200000 0.002000000 -0.002800000
v 0.015271514 0.002000000 -0.002586863
v 0.016179899 0.002000000 -0.001979899
v 0.016786863 0.002000000 -0.001071514
v 0.017000000 0.002000000 -0.000000000
v 0.016786863 0.002000000 0.001071514
v 0.016179899 0.002000000 0.001979899
v 0.015271514 0.002000000 0.002586863
v 0.014200000 0.002000000 0.002800000
v 0.013128486 0.002000000 0.002586863
v 0.012220101 0.002000000 0.001979899
v 0.011613137 0.002000000 0.001071514
v -0.014200000 0.002000000 0.000000000
v 0.014200000 0.002000000 0.000000000
vt 1.000000000 0.308333333
vt 0.983333333 0.308333333
vt 0.983333333 0.320200355
vt 1.000000000 0.320609562
vt 0.983333333 0.324160425
vt 1.000000000 0.324706187
vt 0.983333333 0.332092839
vt 1.000000000 0.332912132
vt 0.983333333 0.344036467
vt 1.000000000 0.345267610
vt 0.983333333 0.346433619
vt 1.000000000 0.347747422
vt 0.983333333 0.356057364
vt 1.000000000 0.357703020
vt 0.983333333 0.368182326
vt 1.000000000 0.370246084
vt 0.983333333 0.368995029
vt 1.000000000 0.371086812
vt 0.983333333 0.380439067
vt 1.000000000 0.382925471
vt 0.983333333 0.392023053
vt 1.000000000 0.394908905
vt 0.983333333 0.392856479
vt 1.000000000 0.395771070
vt 0.983333333 0.405464916
vt 1.000000000 0.408814280
vt 0.983333333 0.415710725
vt 1.000000000 0.419413394
vt 0.983333333 0.418296506
vt 1.000000000 0.422088340
vt 0.983333333 0.431385502
vt 1.000000000 0.435628680
vt 0.983333333 0.440272543
vt 1.000000000 0.444822171
vt 0.983333333 0.444768672
vt 1.000000000 0.449473339
vt 0.983333333 0.458485750
vt 1.000000000 0.463663419
vt 0.983333333 0.465952819
vt 1.000000000 0.471387974
vt 0.983333333 0.472579947
vt 1.000000000 0.478243623
vt 0.983333333 0.487098550
vt 1.000000000 0.493262868
vt 0.983333333 0.493036309
vt 1.000000000 0.499405377
vt 0.983333333 0.493611111
vt 1.000000000 0.500000000
vt 0.983333333 0.500000000
vt 0.999660812 0.506474690
vt 0.983330112 0.500061491
vt 0.999657482 0.506538258
vt 0.983225911 0.502050556
vt 0.999345881 0.508512784
vt 0.983042193 0.505557519
vt 0.998797110 0.511990189
vt 0.982882334 0.506570497
vt 0.998632038 0.513036205
vt 0.982170566 0.511080775
vt 0.997447011 0.517504353
vt 0.981669423 0.512970336
vt 0.996929991 0.519453780
vt 0.980734021 0.516497271
vt 0.995618173 0.522942298
vt 0.980723826 0.516535713
vt 0.995603885 0.522980294
vt 0.979713063 0.519223635
vt 0.994561835 0.525751416
vt 0.979377973 0.520114738
vt 0.994128940 0.526631476
vt 0.978710893 0.521888704
vt 0.993267610 0.528382529
vt 0.977036373 0.525292944
vt 0.991542170 0.531890286
vt 0.976144178 0.527106743
vt 0.990443908 0.533677023
vt 0.974572130 0.529664269
vt 0.988824648 0.536311358
vt 0.973664359 0.531141100
vt 0.987889614 0.537832542
vt 0.973039505 0.532157660
vt 0.987143841 0.538831296
vt 0.969624182 0.536731535
vt 0.983626685 0.543541547
vt 0.969416016 0.537010315
vt 0.983383442 0.543814576
vt 0.965373529 0.541547821
vt 0.979220672 0.548487095
vt 0.965296049 0.541634789
vt 0.979140887 0.548576650
vt 0.964903991 0.542007781
vt 0.978779666 0.548982104
vt 0.963866540 0.542994782
vt 0.977711250 0.549998564
vt 0.960705008 0.546002570
vt 0.974455358 0.553096123
vt 0.959549253 0.546940286
vt 0.973378441 0.554120671
vt 0.955671196 0.550086730
vt 0.969383681 0.557361800
vt 0.953620457 0.551508493
vt 0.967456309 0.558925565
vt 0.953116931 0.551857584
vt 0.966937425 0.559285304
vt 0.950225649 0.553862089
vt 0.963957956 0.561350948
vt 0.947151922 0.555679437
vt 0.961049783 0.563367164
vt 0.944401940 0.557305370
vt 0.958214329 0.565043632
vt 0.940179466 0.559421396
vt 0.954198361 0.567418083
vt 0.938235976 0.560395345
vt 0.952192975 0.568423050
vt 0.938094635 0.560454711
vt 0.952058120 0.568490630
vt 0.932739894 0.562703810
vt 0.946944285 0.571053347
vt 0.931765769 0.563112962
vt 0.945938185 0.571475929
vt 0.925031213 0.565441467
vt 0.939486566 0.574185740
vt 0.924857751 0.565489462
vt 0.939332278 0.574250544
vt 0.919984755 0.566837769
vt 0.934655308 0.575867628
vt 0.918073827 0.567366503
vt 0.932819122 0.576502498
vt 0.916492890 0.567700906
vt 0.931409270 0.576989961
vt 0.910936507 0.568876203
vt 0.926065727 0.578468464
vt 0.907753065 0.569351122
vt 0.923224110 0.579254710
vt 0.903663255 0.569961257
vt 0.919286948 0.580087506
vt 0.901575579 0.570146577
vt 0.917426740 0.580480980
vt 0.898663394 0.570405087
vt 0.914827263 0.581030827
vt 0.898473098 0.570421979
vt 0.914644077 0.581058155
vt 0.896298915 0.570614978
vt 0.912550198 0.581370529
vt 0.889240528 0.570822971
vt 0.906270496 0.582307362
vt 0.888888889 0.570833333
vt 0.905931969 0.582337412
vt 0.879888410 0.570833333
vt 0.897606566 0.583076444
vt 0.873691197 0.570833333
vt 0.891381454 0.583259883
vt 0.871212121 0.570833333
vt 0.888888889 0.583333333
vt 0.856162588 0.570833333
vt 0.873122711 0.583333333
vt 0.850000000 0.570833333
vt 0.866666667 0.583333333
vt 0.827810773 0.570833333
vt 0.843420810 0.583333333
vt 0.815141416 0.570833333
vt 0.830148150 0.583333333
vt 0.806941762 0.570833333
vt 0.821558036 0.583333333
vt 0.787237577 0.570833333
vt 0.800915557 0.583333333
vt 0.778402571 0.570833333
vt 0.791659836 0.583333333
vt 0.768564446 0.570833333
vt 0.781353229 0.583333333
vt 0.750806453 0.570833333
vt 0.762749618 0.583333333
vt 0.745072638 0.570833333
vt 0.756742764 0.583333333
vt 0.733862523 0.570833333
vt 0.744998834 0.583333333
vt 0.717643986 0.570833333
vt 0.728007985 0.583333333
vt 0.714480276 0.570833333
vt 0.724693622 0.583333333
vt 0.702072594 0.570833333
vt 0.711695099 0.583333333
vt 0.687078898 0.570833333
vt 0.695987417 0.583333333
vt 0.686098301 0.570833333
vt 0.694960125 0.583333333
vt 0.672600899 0.570833333
vt 0.680819990 0.583333333
vt 0.659504189 0.570833333
vt 0.667099627 0.583333333
vt 0.658582937 0.570833333
vt 0.666134505 0.583333333
vt 0.644974747 0.570833333
vt 0.651878306 0.583333333
vt 0.634352412 0.570833333
vt 0.640750146 0.583333333
vt 0.631730672 0.570833333
vt 0.638003561 0.583333333
vt 0.618808991 0.570833333
vt 0.624466562 0.583333333
vt 0.610354576 0.570833333
vt 0.615609556 0.583333333
vt 0.606171339 0.570833333
vt 0.611227117 0.583333333
vt 0.593782217 0.570833333
vt 0.598248037 0.583333333
vt 0.587264801 0.570833333
vt 0.591420268 0.583333333
vt 0.581608554 0.570833333
vt 0.585494676 0.583333333
vt 0.569619329 0.570833333
vt 0.572934535 0.583333333
vt 0.564868666 0.570833333
vt 0.567957650 0.583333333
vt 0.557785234 0.570833333
vt 0.560536912 0.583333333
vt 0.546078374 0.570833333
vt 0.548272582 0.583333333
vt 0.542974596 0.570833333
vt 0.545021006 0.583333333
vt 0.534471991 0.570833333
vt 0.536113515 0.583333333
vt 0.522940212 0.570833333
vt 0.524032603 0.583333333
vt 0.521406917 0.570833333
vt 0.522426294 0.583333333
vt 0.511457814 0.570833333
vt 0.512003424 0.583333333
vt 0.500000000 0.570833333
vt 0.500000000 0.583333333
vt 0.488542186 0.570833333
vt 0.487996576 0.583333333
vt 0.478593083 0.570833333
vt 0.477573706 0.583333333
vt 0.477059788 0.570833333
vt 0.475967397 0.583333333
vt 0.465528009 0.570833333
vt 0.463886485 0.583333333
vt 0.457025404 0.570833333
vt 0.454978994 0.583333333
vt 0.453921626 0.570833333
vt 0.451727418 0.583333333
vt 0.442214766 0.570833333
vt 0.439463088 0.583333333
vt 0.435131334 0.570833333
vt 0.432042350 0.583333333
vt 0.430380671 0.570833333
vt 0.427065465 0.583333333
vt 0.418391446 0.570833333
vt 0.414505324 0.583333333
vt 0.412735199 0.570833333
vt 0.408579732 0.583333333
vt 0.406217783 0.570833333
vt 0.401751963 0.583333333
vt 0.393828661 0.570833333
vt 0.388772883 0.583333333
vt 0.389645424 0.570833333
vt 0.384390444 0.583333333
vt 0.381191009 0.570833333
vt 0.375533438 0.583333333
vt 0.368269328 0.570833333
vt 0.361996439 0.583333333
vt 0.365647588 0.570833333
vt 0.359249854 0.583333333
vt 0.355025253 0.570833333
vt 0.348121694 0.583333333
vt 0.341417063 0.570833333
vt 0.333865495 0.583333333
vt 0.340495811 0.570833333
vt 0.332900373 0.583333333
vt 0.327399101 0.570833333
vt 0.319180010 0.583333333
vt 0.313901699 0.570833333
vt 0.305039875 0.583333333
vt 0.312921102 0.570833333
vt 0.304012583 0.583333333
vt 0.297927406 0.570833333
vt 0.288304901 0.583333333
vt 0.285519724 0.570833333
vt 0.275306378 0.583333333
vt 0.282356014 0.570833333
vt 0.271992015 0.583333333
vt 0.266137477 0.570833333
vt 0.255001166 0.583333333
vt 0.254927362 0.570833333
vt 0.243257236 0.583333333
vt 0.249193547 0.570833333
vt 0.237250382 0.583333333
vt 0.231435554 0.570833333
vt 0.218646771 0.583333333
vt 0.221597429 0.570833333
vt 0.208340164 0.583333333
vt 0.212762423 0.570833333
vt 0.199084443 0.583333333
vt 0.193058238 0.570833333
vt 0.178441964 0.583333333
vt 0.184858584 0.570833333
vt 0.169851850 0.583333333
vt 0.172189227 0.570833333
vt 0.156579190 0.583333333
vt 0.150000000 0.570833333
vt 0.133333333 0.583333333
vt 0.143837412 0.570833333
vt 0.126877289 0.583333333
vt 0.128787879 0.570833333
vt 0.111111111 0.583333333
vt 0.126308803 0.570833333
vt 0.108618546 0.583259883
vt 0.120111590 0.570833333
vt 0.102393434 0.583076444
vt 0.111111111 0.570833333
vt 0.094068031 0.582337412
vt 0.110759472 0.570822971
vt 0.093729504 0.582307362
vt 0.103701085 0.570614978
vt 0.087449802 0.581370529
vt 0.101526902 0.570421979
vt 0.085355923 0.581058155
vt 0.101336606 0.570405087
vt 0.085172737 0.581030827
vt 0.098424421 0.570146577
vt 0.082573260 0.580480980
vt 0.096336745 0.569961257
vt 0.080713052 0.580087506
vt 0.092246935 0.569351122
vt 0.076775890 0.579254710
vt 0.089063493 0.568876203
vt 0.073934273 0.578468464
vt 0.083507110 0.567700906
vt 0.068590730 0.576989961
vt 0.081926173 0.567366503
vt 0.067180878 0.576502498
vt 0.080015245 0.566837769
vt 0.065344692 0.575867628
vt 0.075142249 0.565489462
vt 0.060667722 0.574250544
vt 0.074968787 0.565441467
vt 0.060513434 0.574185740
vt 0.068234231 0.563112962
vt 0.054061815 0.571475929
vt 0.067260106 0.562703810
vt 0.053055715 0.571053347
vt 0.061905365 0.560454711
vt 0.047941880 0.568490630
vt 0.061764024 0.560395345
vt 0.047807025 0.568423050
vt 0.059820534 0.559421396
vt 0.045801639 0.567418083
vt 0.055598060 0.557305370
vt 0.041785671 0.565043632
vt 0.052848078 0.555679437
vt 0.038950217 0.563367164
vt 0.049774351 0.553862089
vt 0.036042044 0.561350948
vt 0.046883069 0.551857584
vt 0.033062575 0.559285304
vt 0.046379543 0.551508493
vt 0.032543691 0.558925565
vt 0.044328804 0.550086730
vt 0.030616319 0.557361800
vt 0.040450747 0.546940286
vt 0.026621559 0.554120671
vt 0.039294992 0.546002570
vt 0.025544642 0.553096123
vt 0.036133460 0.542994782
vt 0.022288750 0.549998564
vt 0.035096009 0.542007781
vt 0.021220334 0.548982104
vt 0.034703951 0.541634789
vt 0.020859113 0.548576650
vt 0.034626471 0.541547821
vt 0.020779328 0.548487095
vt 0.030583984 0.537010315
vt 0.016616558 0.543814576
vt 0.030375818 0.536731535
vt 0.016373315 0.543541547
vt 0.026960495 0.532157660
vt 0.012856159 0.538831296
vt 0.026335641 0.531141100
vt 0.012110386 0.537832542
vt 0.025427870 0.529664269
vt 0.011175352 0.536311358
vt 0.023855822 0.527106743
vt 0.009556092 0.533677023
vt 0.022963627 0.525292944
vt 0.008457830 0.531890286
vt 0.021289107 0.521888704
vt 0.006732390 0.528382529
vt 0.020622027 0.520114738
vt 0.005871060 0.526631476
vt 0.020286937 0.519223635
vt 0.005438165 0.525751416
vt 0.019276174 0.516535713
vt 0.004396115 0.522980294
vt 0.019265979 0.516497271
vt 0.004381827 0.522942298
vt 0.018330577 0.512970336
vt 0.003070009 0.519453780
vt 0.017829434 0.511080775
vt 0.002552989 0.517504353
vt 0.017117666 0.506570497
vt 0.001367962 0.513036205
vt 0.016957807 0.505557519
vt 0.001202890 0.511990189
vt 0.016774089 0.502050556
vt 0.000654119 0.508512784
vt 0.016669888 0.500061491
vt 0.000342518 0.506538258
vt 0.016666667 0.500000000
vt 0.000339188 0.506474690
vt 0.016666667 0.493611111
vt 0.000000000 0.500000000
vt 0.016666667 0.493036309
vt 0.000000000 0.499405377
vt 0.016666667 0.487098550
vt 0.000000000 0.493262868
vt 0.016666667 0.472579947
vt 0.000000000 0.478243623
vt 0.016666667 0.465952819
vt 0.000000000 0.471387974
vt 0.016666667 0.458485750
vt 0.000000000 0.463663419
vt 0.016666667 0.444768672
vt 0.000000000 0.449473339
vt 0.016666667 0.440272543
vt 0.000000000 0.444822171
vt 0.016666667 0.431385502
vt 0.000000000 0.435628680
vt 0.016666667 0.418296506
vt 0.000000000 0.422088340
vt 0.016666667 0.415710725
vt 0.000000000 0.419413394
vt 0.016666667 0.405464916
vt 0.000000000 0.408814280
vt 0.016666667 0.392856479
vt 0.000000000 0.395771070
vt 0.016666667 0.392023053
vt 0.000000000 0.394908905
vt 0.016666667 0.380439067
vt 0.000000000 0.382925471
vt 0.016666667 0.368995029
vt 0.000000000 0.371086812
vt 0.016666667 0.368182326
vt 0.000000000 0.370246084
vt 0.016666667 0.356057364
vt 0.000000000 0.357703020
vt 0.016666667 0.346433619
vt 0.000000000 0.347747422
vt 0.016666667 0.344036467
vt 0.000000000 0.345267610
vt 0.016666667 0.332092839
vt 0.000000000 0.332912132
vt 0.016666667 0.324160425
vt 0.000000000 0.324706187
vt 0.016666667 0.320200355
vt 0.000000000 0.320609562
vt 0.016666667 0.308333333
vt 0.000000000 0.308333333
vt 0.016666667 0.302005872
vt 0.000000000 0.301787684
vt 0.016666667 0.296466312
vt 0.000000000 0.296057104
vt 0.016666667 0.284573828
vt 0.000000000 0.283754535
vt 0.016666667 0.279803965
vt 0.000000000 0.278820193
vt 0.016666667 0.272630200
vt 0.000000000 0.271399057
vt 0.016666667 0.260609303
vt 0.000000000 0.258963647
vt 0.016666667 0.257387281
vt 0.000000000 0.255630520
vt 0.016666667 0.248484341
vt 0.000000000 0.246420583
vt 0.016666667 0.236227600
vt 0.000000000 0.233741196
vt 0.016666667 0.234581875
vt 0.000000000 0.232038721
vt 0.016666667 0.223810188
vt 0.000000000 0.220895597
vt 0.016666667 0.211201751
vt 0.000000000 0.207852386
vt 0.016666667 0.198370161
vt 0.000000000 0.194578327
vt 0.016666667 0.187042530
vt 0.000000000 0.182860089
vt 0.016666667 0.185281164
vt 0.000000000 0.181037986
vt 0.016666667 0.171897994
vt 0.000000000 0.167193327
vt 0.016666667 0.161873826
vt 0.000000000 0.156823499
vt 0.016666667 0.158180917
vt 0.000000000 0.153003247
vt 0.016666667 0.144086720
vt 0.000000000 0.138423044
vt 0.016666667 0.135429703
vt 0.000000000 0.129467509
vt 0.016666667 0.129568116
vt 0.000000000 0.123403799
vt 0.016666667 0.114573047
vt 0.000000000 0.107891657
vt 0.016666667 0.107396302
vt 0.000000000 0.100467439
vt 0.016666667 0.099043861
vt 0.000000000 0.091826982
vt 0.016666667 0.090833333
vt 0.000000000 0.083333333
vt 0.016666667 0.084359587
vt 0.000342518 0.076795075
vt 0.016666667 0.083333333
vt 0.000498484 0.075806766
vt 0.016687990 0.082926293
vt 0.000561828 0.075405374
vt 0.016957807 0.077775814
vt 0.001362443 0.070332099
vt 0.016963154 0.077741937
vt 0.001367962 0.070297128
vt 0.016993223 0.077551393
vt 0.001417753 0.070109392
vt 0.017829434 0.072252559
vt 0.002800889 0.064894269
vt 0.018090419 0.071268514
vt 0.003070009 0.063879553
vt 0.019129001 0.067352537
vt 0.004517508 0.060030221
vt 0.019276174 0.066797620
vt 0.004722449 0.059485221
vt 0.019970859 0.064950245
vt 0.005438165 0.057581917
vt 0.021289107 0.061444630
vt 0.007130085 0.054142305
vt 0.022578708 0.058822916
vt 0.008457830 0.051443047
vt 0.023855822 0.056226590
vt 0.010020339 0.048901039
vt 0.025608488 0.053375221
vt 0.011823933 0.045966816
vt 0.025886853 0.052922355
vt 0.012110386 0.045500792
vt 0.026960495 0.051175673
vt 0.013384018 0.043795116
vt 0.027281507 0.050745767
vt 0.013714244 0.043352871
vt 0.029866391 0.047284035
vt 0.016373315 0.039791786
vt 0.030583984 0.046323018
vt 0.017206716 0.038856332
vt 0.034486393 0.041942743
vt 0.021220334 0.034351229
vt 0.034703951 0.041698545
vt 0.021469204 0.034114462
vt 0.035451150 0.040987681
vt 0.022237657 0.033383378
vt 0.039294992 0.037330763
vt 0.026190832 0.029622444
vt 0.039755667 0.036956997
vt 0.026621559 0.029212663
vt 0.044328804 0.033246603
vt 0.031325201 0.025396384
vt 0.045621011 0.032350725
vt 0.032543691 0.024407768
vt 0.048441752 0.030395126
vt 0.035445615 0.022395885
vt 0.049386220 0.029740332
vt 0.036417266 0.021722247
vt 0.049774351 0.029471244
vt 0.036816567 0.021445414
vt 0.052022245 0.028142171
vt 0.038950217 0.019966170
vt 0.055598060 0.026027963
vt 0.042630373 0.017790268
vt 0.058921943 0.024362252
vt 0.045801639 0.015915250
vt 0.061764024 0.022937988
vt 0.048728261 0.014448621
vt 0.064405291 0.021828603
vt 0.051257722 0.013181022
vt 0.066281395 0.021040601
vt 0.053055715 0.012279986
vt 0.068234231 0.020220371
vt 0.055068100 0.011434744
vt 0.074061133 0.018205692
vt 0.060667722 0.009082790
vt 0.074968787 0.017891866
vt 0.061603917 0.008759096
vt 0.081926173 0.015966830
vt 0.068305827 0.006441879
vt 0.081957581 0.015960187
vt 0.068334093 0.006432106
vt 0.082242718 0.015899874
vt 0.068590730 0.006343372
vt 0.083359638 0.015663621
vt 0.069667383 0.006045474
vt 0.089063493 0.014457131
vt 0.075171600 0.004522514
vt 0.090843258 0.014191618
vt 0.076775890 0.004078624
vt 0.096336745 0.013372076
vt 0.082082309 0.002956200
vt 0.099765106 0.013067746
vt 0.085172737 0.002302507
vt 0.103701085 0.012718356
vt 0.088976878 0.001734989
vt 0.105765582 0.012657520
vt 0.090833001 0.001458084
vt 0.108981512 0.012562754
vt 0.093729504 0.001025972
vt 0.111111111 0.012500000
vt 0.095787708 0.000843268
vt 0.118194517 0.012500000
vt 0.102393434 0.000256889
vt 0.125686199 0.012500000
vt 0.109914730 0.000035254
vt 0.126876877 0.012500000
vt 0.111111111 -0.000000000
vt 0.130562462 0.012500000
vt 0.114952426 -0.000000000
vt 0.154081506 0.012500000
vt 0.139465232 -0.000000000
vt 0.169021812 0.012500000
vt 0.155036818 -0.000000000
vt 0.176287810 0.012500000
vt 0.162609830 -0.000000000
vt 0.197332133 0.012500000
vt 0.184543349 -0.000000000
vt 0.217345108 0.012500000
vt 0.205401944 -0.000000000
vt 0.236440648 0.012500000
vt 0.225304338 -0.000000000
vt 0.254718682 0.012500000
vt 0.244354683 -0.000000000
vt 0.272267394 0.012500000
vt 0.262644889 -0.000000000
vt 0.289165052 0.012500000
vt 0.280256533 -0.000000000
vt 0.305481526 0.012500000
vt 0.297262436 -0.000000000
vt 0.321279547 0.012500000
vt 0.313727979 -0.000000000
vt 0.336615762 0.012500000
vt 0.329712202 -0.000000000
vt 0.351541623 0.012500000
vt 0.345268734 -0.000000000
vt 0.366104153 0.012500000
vt 0.360446582 -0.000000000
vt 0.369917258 0.012500000
vt 0.364420804 -0.000000000
vt 0.380346586 0.012500000
vt 0.375290808 -0.000000000
vt 0.394308930 0.012500000
vt 0.389843110 -0.000000000
vt 0.408028455 0.012500000
vt 0.404142333 -0.000000000
vt 0.413597884 0.012500000
vt 0.409947090 -0.000000000
vt 0.421540122 0.012500000
vt 0.418224916 -0.000000000
vt 0.434876959 0.012500000
vt 0.432125281 -0.000000000
vt 0.448070404 0.012500000
vt 0.445876195 -0.000000000
vt 0.461150613 0.012500000
vt 0.459509090 -0.000000000
vt 0.474146745 0.012500000
vt 0.473054354 -0.000000000
vt 0.487087226 0.012500000
vt 0.486541616 -0.000000000
vt 0.500000000 0.012500000
vt 0.500000000 -0.000000000
vt 0.512912774 0.012500000
vt 0.513458384 -0.000000000
vt 0.525853255 0.012500000
vt 0.526945646 -0.000000000
vt 0.538849387 0.012500000
vt 0.540490910 -0.000000000
vt 0.551929596 0.012500000
vt 0.554123805 -0.000000000
vt 0.565123041 0.012500000
vt 0.567874719 -0.000000000
vt 0.578459878 0.012500000
vt 0.581775084 -0.000000000
vt 0.586402116 0.012500000
vt 0.590052910 -0.000000000
vt 0.591971545 0.012500000
vt 0.595857667 -0.000000000
vt 0.605691070 0.012500000
vt 0.610156890 -0.000000000
vt 0.619653414 0.012500000
vt 0.624709192 -0.000000000
vt 0.630082742 0.012500000
vt 0.635579196 -0.000000000
vt 0.633895847 0.012500000
vt 0.639553418 -0.000000000
vt 0.648458377 0.012500000
vt 0.654731266 -0.000000000
vt 0.663384238 0.012500000
vt 0.670287798 -0.000000000
vt 0.678720453 0.012500000
vt 0.686272021 -0.000000000
vt 0.694518474 0.012500000
vt 0.702737564 -0.000000000
vt 0.710834948 0.012500000
vt 0.719743467 -0.000000000
vt 0.727732606 0.012500000
vt 0.737355111 -0.000000000
vt 0.745281318 0.012500000
vt 0.755645317 -0.000000000
vt 0.763559352 0.012500000
vt 0.774695662 -0.000000000
vt 0.782654892 0.012500000
vt 0.794598056 -0.000000000
vt 0.802667867 0.012500000
vt 0.815456651 -0.000000000
vt 0.823712190 0.012500000
vt 0.837390170 -0.000000000
vt 0.830978188 0.012500000
vt 0.844963182 -0.000000000
vt 0.845918494 0.012500000
vt 0.860534768 -0.000000000
vt 0.869437538 0.012500000
vt 0.885047574 -0.000000000
vt 0.873123123 0.012500000
vt 0.888888889 0.000000000
vt 0.874313801 0.012500000
vt 0.890085270 0.000035254
vt 0.881805483 0.012500000
vt 0.897606566 0.000256889
vt 0.888888889 0.012500000
vt 0.904212292 0.000843268
vt 0.891018488 0.012562754
vt 0.906270496 0.001025972
vt 0.894234418 0.012657520
vt 0.909166999 0.001458084
vt 0.896298915 0.012718356
vt 0.911023122 0.001734989
vt 0.900234894 0.013067746
vt 0.914827263 0.002302507
vt 0.903663255 0.013372076
vt 0.917917691 0.002956200
vt 0.909156742 0.014191618
vt 0.923224110 0.004078624
vt 0.910936507 0.014457131
vt 0.924828400 0.004522514
vt 0.916640362 0.015663621
vt 0.930332617 0.006045474
vt 0.917757282 0.015899874
vt 0.931409270 0.006343372
vt 0.918042419 0.015960187
vt 0.931665907 0.006432106
vt 0.918073827 0.015966830
vt 0.931694173 0.006441879
vt 0.925031213 0.017891866
vt 0.938396083 0.008759096
vt 0.925938867 0.018205692
vt 0.939332278 0.009082790
vt 0.931765769 0.020220371
vt 0.944931900 0.011434744
vt 0.933718605 0.021040601
vt 0.946944285 0.012279986
vt 0.935594709 0.021828603
vt 0.948742278 0.013181022
vt 0.938235976 0.022937988
vt 0.951271739 0.014448621
vt 0.941078057 0.024362252
vt 0.954198361 0.015915250
vt 0.944401940 0.026027963
vt 0.957369627 0.017790268
vt 0.947977755 0.028142171
vt 0.961049783 0.019966170
vt 0.950225649 0.029471244
vt 0.963183433 0.021445414
vt 0.950613780 0.029740332
vt 0.963582734 0.021722247
vt 0.951558248 0.030395126
vt 0.964554385 0.022395885
vt 0.954378989 0.032350725
vt 0.967456309 0.024407768
vt 0.955671196 0.033246603
vt 0.968674799 0.025396384
vt 0.960244333 0.036956997
vt 0.973378441 0.029212663
vt 0.960705008 0.037330763
vt 0.973809168 0.029622444
vt 0.964548850 0.040987681
vt 0.977762343 0.033383378
vt 0.965296049 0.041698545
vt 0.978530796 0.034114462
vt 0.965513607 0.041942743
vt 0.978779666 0.034351229
vt 0.969416016 0.046323018
vt 0.982793284 0.038856332
vt 0.970133609 0.047284035
vt 0.983626685 0.039791786
vt 0.972718493 0.050745767
vt 0.986285756 0.043352871
vt 0.973039505 0.051175673
vt 0.986615982 0.043795116
vt 0.974113147 0.052922355
vt 0.987889614 0.045500792
vt 0.974391512 0.053375221
vt 0.988176067 0.045966816
vt 0.976144178 0.056226590
vt 0.989979661 0.048901039
vt 0.977421292 0.058822916
vt 0.991542170 0.051443047
vt 0.978710893 0.061444630
vt 0.992869915 0.054142305
vt 0.980029141 0.064950245
vt 0.994561835 0.057581917
vt 0.980723826 0.066797620
vt 0.995277551 0.059485221
vt 0.980870999 0.067352537
vt 0.995482492 0.060030221
vt 0.981909581 0.071268514
vt 0.996929991 0.063879553
vt 0.982170566 0.072252559
vt 0.997199111 0.064894269
vt 0.983006777 0.077551393
vt 0.998582247 0.070109392
vt 0.983036846 0.077741937
vt 0.998632038 0.070297128
vt 0.983042193 0.077775814
vt 0.998637557 0.070332099
vt 0.983312010 0.082926293
vt 0.999438172 0.075405374
vt 0.983333333 0.083333333
vt 0.999501516 0.075806766
vt 0.983333333 0.084359587
vt 0.999657482 0.076795075
vt 0.983333333 0.090833333
vt 1.000000000 0.083333333
vt 0.983333333 0.099043861
vt 1.000000000 0.091826982
vt 0.983333333 0.107396302
vt 1.000000000 0.100467439
vt 0.983333333 0.114573047
vt 1.000000000 0.107891657
vt 0.983333333 0.129568116
vt 1.000000000 0.123403799
vt 0.983333333 0.135429703
vt 1.000000000 0.129467509
vt 0.983333333 0.144086720
vt 1.000000000 0.138423044
vt 0.983333333 0.158180917
vt 1.000000000 0.153003247
vt 0.983333333 0.161873826
vt 1.000000000 0.156823499
vt 0.983333333 0.171897994
vt 1.000000000 0.167193327
vt 0.983333333 0.185281164
vt 1.000000000 0.181037986
vt 0.983333333 0.187042530
vt 1.000000000 0.182860089
vt 0.983333333 0.198370161
vt 1.000000000 0.194578327
vt 0.983333333 0.211201751
vt 1.000000000 0.207852386
vt 0.983333333 0.223810188
vt 1.000000000 0.220895597
vt 0.983333333 0.234581875
vt 1.000000000 0.232038721
vt 0.983333333 0.236227600
vt 1.000000000 0.233741196
vt 0.983333333 0.248484341
vt 1.000000000 0.246420583
vt 0.983333333 0.257387281
vt 1.000000000 0.255630520
vt 0.983333333 0.260609303
vt 1.000000000 0.258963647
vt 0.983333333 0.272630200
vt 1.000000000 0.271399057
vt 0.983333333 0.279803965
vt 1.000000000 0.278820193
vt 0.983333333 0.284573828
vt 1.000000000 0.283754535
vt 0.983333333 0.296466312
vt 1.000000000 0.296057104
vt 0.983333333 0.302005872
vt 1.000000000 0.301787684
vt 0.583304564 0.308333333
vt 0.583268047 0.310377769
vt 0.583254018 0.311059545
vt 0.583122615 0.312419441
vt 0.582918638 0.314458413
vt 0.582876825 0.314866362
vt 0.582586180 0.316487841
vt 0.582215486 0.318513707
vt 0.582190467 0.318648809
vt 0.581697544 0.320521322
vt 0.581197505 0.322392774
vt 0.581151686 0.322524773
vt 0.580460474 0.324502823
vt 0.579901645 0.326084292
vt 0.579732121 0.326473189
vt 0.578880198 0.328415498
vt 0.578307718 0.329709592
vt 0.577972806 0.330343498
vt 0.576963382 0.332242791
vt 0.576421673 0.333255150
vt 0.575881242 0.334119341
vt 0.574718107 0.335968503
vt 0.574250544 0.336707740
vt 0.574200358 0.336776804
vt 0.573646356 0.337537923
vt 0.573640947 0.337545342
vt 0.573466323 0.337784759
vt 0.573159951 0.338204247
vt 0.573068084 0.338329895
vt 0.572660671 0.338886349
vt 0.572483518 0.339127918
vt 0.572153833 0.339576859
vt 0.572150246 0.339581739
vt 0.571888944 0.339936978
vt 0.571802430 0.340054481
vt 0.571613440 0.340280454
vt 0.571235499 0.340731756
vt 0.571034484 0.340971465
vt 0.570738296 0.341324258
vt 0.570567366 0.341527634
vt 0.570449751 0.341667480
vt 0.569894889 0.342326189
vt 0.569861061 0.342366293
vt 0.569281358 0.343052576
vt 0.569270233 0.343065729
vt 0.569219859 0.343125275
vt 0.569086464 0.343282890
vt 0.568644455 0.343745745
vt 0.568498058 0.343898864
vt 0.568005601 0.344413264
vt 0.567767326 0.344661788
vt 0.567708725 0.344722873
vt 0.567371500 0.345074111
vt 0.567041135 0.345417740
vt 0.566744236 0.345726168
vt 0.566321566 0.346164616
vt 0.566125957 0.346367275
vt 0.566112778 0.346380923
vt 0.565573512 0.346878348
vt 0.565474862 0.346969238
vt 0.564838235 0.347555012
vt 0.564822924 0.347569083
vt 0.564390436 0.347966232
vt 0.564219578 0.348122958
vt 0.564087981 0.348243605
vt 0.563621520 0.348670790
vt 0.563371302 0.348899643
vt 0.563046811 0.349196122
vt 0.562892465 0.349337023
vt 0.562661444 0.349525463
vt 0.562646286 0.349537822
vt 0.562472570 0.349679418
vt 0.561946447 0.350107762
vt 0.561919960 0.350129307
vt 0.561261321 0.350664440
vt 0.560797466 0.351040614
vt 0.560609485 0.351192898
vt 0.559437537 0.352140162
vt 0.558913358 0.352518352
vt 0.556945007 0.353933007
vt 0.555760884 0.354779885
vt 0.554929834 0.355309937
vt 0.552849338 0.356631162
vt 0.551876220 0.357246343
vt 0.550712605 0.357900799
vt 0.548527763 0.359123644
vt 0.547798036 0.359530336
vt 0.546279539 0.360280002
vt 0.543998532 0.361399879
vt 0.543541547 0.361623344
vt 0.541649406 0.362437499
vt 0.539280772 0.363450200
vt 0.539122630 0.363517558
vt 0.536841805 0.364364175
vt 0.534557770 0.365205913
vt 0.534390248 0.365259005
vt 0.531877075 0.366051884
vt 0.529863996 0.366682110
vt 0.529349420 0.366817986
vt 0.526776219 0.367493482
vt 0.525058817 0.367940643
vt 0.524184387 0.368127262
vt 0.521560808 0.368682856
vt 0.520160158 0.368976816
vt 0.518917020 0.369181338
vt 0.516252896 0.369614953
vt 0.515186294 0.369786765
vt 0.513569614 0.369975790
vt 0.510874929 0.370285800
vt 0.510155779 0.370367468
vt 0.508164799 0.370507283
vt 0.505449649 0.370692517
vt 0.505087378 0.370716758
vt 0.502725443 0.370773589
vt 0.500000000 0.370833333
vt 0.497274557 0.370773589
vt 0.494912622 0.370716758
vt 0.494550351 0.370692517
vt 0.491835201 0.370507283
vt 0.489844221 0.370367468
vt 0.489125071 0.370285800
vt 0.486430386 0.369975790
vt 0.484813706 0.369786765
vt 0.483747104 0.369614953
vt 0.481082980 0.369181338
vt 0.479839842 0.368976816
vt 0.478439192 0.368682856
vt 0.475815613 0.368127262
vt 0.474941183 0.367940643
vt 0.473223781 0.367493482
vt 0.470650580 0.366817986
vt 0.470136004 0.366682110
vt 0.468122925 0.366051884
vt 0.465609752 0.365259005
vt 0.465442230 0.365205913
vt 0.463158195 0.364364175
vt 0.460877370 0.363517558
vt 0.460719228 0.363450200
vt 0.458350594 0.362437499
vt 0.456458453 0.361623344
vt 0.456001468 0.361399879
vt 0.453720461 0.360280002
vt 0.452201964 0.359530336
vt 0.451472237 0.359123644
vt 0.449287395 0.357900799
vt 0.448123780 0.357246343
vt 0.447150662 0.356631162
vt 0.445070166 0.355309937
vt 0.444239116 0.354779885
vt 0.443054993 0.353933007
vt 0.441086642 0.352518352
vt 0.440562463 0.352140162
vt 0.439390515 0.351192898
vt 0.439202534 0.351040614
vt 0.438738679 0.350664440
vt 0.438080040 0.350129307
vt 0.438053553 0.350107762
vt 0.437527430 0.349679418
vt 0.437353714 0.349537822
vt 0.437338556 0.349525463
vt 0.437107535 0.349337023
vt 0.436953189 0.349196122
vt 0.436628698 0.348899643
vt 0.436378480 0.348670790
vt 0.435912019 0.348243605
vt 0.435780422 0.348122958
vt 0.435609564 0.347966232
vt 0.435177076 0.347569083
vt 0.435161765 0.347555012
vt 0.434525138 0.346969238
vt 0.434426488 0.346878348
vt 0.433887222 0.346380923
vt 0.433874043 0.346367275
vt 0.433678434 0.346164616
vt 0.433255764 0.345726168
vt 0.432958865 0.345417740
vt 0.432628500 0.345074111
vt 0.432291275 0.344722873
vt 0.432232674 0.344661788
vt 0.431994399 0.344413264
vt 0.431501942 0.343898864
vt 0.431355545 0.343745745
vt 0.430913536 0.343282890
vt 0.430780141 0.343125275
vt 0.430729767 0.343065729
vt 0.430718642 0.343052576
vt 0.430138939 0.342366293
vt 0.430105111 0.342326189
vt 0.429550249 0.341667480
vt 0.429432634 0.341527634
vt 0.429261704 0.341324258
vt 0.428965516 0.340971465
vt 0.428764501 0.340731756
vt 0.428386560 0.340280454
vt 0.428197570 0.340054481
vt 0.428111056 0.339936978
vt 0.427849754 0.339581739
vt 0.427846167 0.339576859
vt 0.427516482 0.339127918
vt 0.427339329 0.338886349
vt 0.426931916 0.338329895
vt 0.426840049 0.338204247
vt 0.426533677 0.337784759
vt 0.426359053 0.337545342
vt 0.426353644 0.337537923
vt 0.425799642 0.336776804
vt 0.425749456 0.336707740
vt 0.425281893 0.335968503
vt 0.424118758 0.334119341
vt 0.423578327 0.333255150
vt 0.423036618 0.332242791
vt 0.422027194 0.330343498
vt 0.421692282 0.329709592
vt 0.421119802 0.328415498
vt 0.420267879 0.326473189
vt 0.420098355 0.326084292
vt 0.419539526 0.324502823
vt 0.418848314 0.322524773
vt 0.418802495 0.322392774
vt 0.418302456 0.320521322
vt 0.417809533 0.318648809
vt 0.417784514 0.318513707
vt 0.417413820 0.316487841
vt 0.417123175 0.314866362
vt 0.417081362 0.314458413
vt 0.416877385 0.312419441
vt 0.416745982 0.311059545
vt 0.416731953 0.310377769
vt 0.416695436 0.308333333
vt 0.416679359 0.307242558
vt 0.416737703 0.306289039
vt 0.416868775 0.304246802
vt 0.416923556 0.303429640
vt 0.417098538 0.302209522
vt 0.417396711 0.300177136
vt 0.417477661 0.299635015
vt 0.417812895 0.298156474
vt 0.418277066 0.296141557
vt 0.418339608 0.295872837
vt 0.418877729 0.294147038
vt 0.419506181 0.292157143
vt 0.420288522 0.290198174
vt 0.420973029 0.288501792
vt 0.421098012 0.288245621
vt 0.422039307 0.286326588
vt 0.422734679 0.284920421
vt 0.423025989 0.284420574
vt 0.424122687 0.282548661
vt 0.424784560 0.281426390
vt 0.425281893 0.280698164
vt 0.426529873 0.278880382
vt 0.427115024 0.278032732
vt 0.427856131 0.277094122
vt 0.428572023 0.276190744
vt 0.429127829 0.275491598
vt 0.429215247 0.275381810
vt 0.429250713 0.275337283
vt 0.429697080 0.274777534
vt 0.429700145 0.274773695
vt 0.429717380 0.274752108
vt 0.430237591 0.274176202
vt 0.430338342 0.274064813
vt 0.430737775 0.273623679
vt 0.430794184 0.273561443
vt 0.430990897 0.273344523
vt 0.431362983 0.272934715
vt 0.431654230 0.272614395
vt 0.431942007 0.272298284
vt 0.432273740 0.271934370
vt 0.432326383 0.271876667
vt 0.432529309 0.271654357
vt 0.432581917 0.271596755
vt 0.433038753 0.271152017
vt 0.433165452 0.271028810
vt 0.433775564 0.270436339
vt 0.433809574 0.270403352
vt 0.433914609 0.270301505
vt 0.434455419 0.269777751
vt 0.434514392 0.269720703
vt 0.435100898 0.269154026
vt 0.435253154 0.269007124
vt 0.435586216 0.268686064
vt 0.435697951 0.268578445
vt 0.435747094 0.268536179
vt 0.436009926 0.268310245
vt 0.436429290 0.267950178
vt 0.436791913 0.267639246
vt 0.437103207 0.267372635
vt 0.437373177 0.267141646
vt 0.437565597 0.266977141
vt 0.437766471 0.266805524
vt 0.438328564 0.266325924
vt 0.438416634 0.266250864
vt 0.439051167 0.265710724
vt 0.439053858 0.265708436
vt 0.439079796 0.265688700
vt 0.439181538 0.265611304
vt 0.439704588 0.265213809
vt 0.439857961 0.265097378
vt 0.440335103 0.264735526
vt 0.440615215 0.264523352
vt 0.440939618 0.264277867
vt 0.441098845 0.264157467
vt 0.441348569 0.263968761
vt 0.441515080 0.263843019
vt 0.442054863 0.263435856
vt 0.442637119 0.262997435
vt 0.442735803 0.262931006
vt 0.443043195 0.262724212
vt 0.445075855 0.261361595
vt 0.446434366 0.260455556
vt 0.446787334 0.259703468
vt 0.447875748 0.257386098
vt 0.449011953 0.254968031
vt 0.450201035 0.252436270
vt 0.451448854 0.249775888
vt 0.452762200 0.246969631
vt 0.454148995 0.243997436
vt 0.455618541 0.240835812
vt 0.457181835 0.237457055
vt 0.458851976 0.233828245
vt 0.460644698 0.229909936
vt 0.462579062 0.225654437
vt 0.463119593 0.224460149
vt 0.461245919 0.212517021
vt 0.457518457 0.189425876
vt 0.451224774 0.151444183
vt 0.447224644 0.127635104
vt 0.452069745 0.127612086
vt 0.460209546 0.127577914
vt 0.468265880 0.127549905
vt 0.476256317 0.127528089
vt 0.484197834 0.127512490
vt 0.492106976 0.127503123
vt 0.500000000 0.127500000
vt 0.507893024 0.127503123
vt 0.515802166 0.127512490
vt 0.523743683 0.127528089
vt 0.531734120 0.127549905
vt 0.539790454 0.127577914
vt 0.547930255 0.127612086
vt 0.552775356 0.127635104
vt 0.548775226 0.151444183
vt 0.542481543 0.189425876
vt 0.538754081 0.212517021
vt 0.536880407 0.224460149
vt 0.537420938 0.225654437
vt 0.539355302 0.229909936
vt 0.541148024 0.233828245
vt 0.542818165 0.237457055
vt 0.544381459 0.240835812
vt 0.545851005 0.243997436
vt 0.547237800 0.246969631
vt 0.548551146 0.249775888
vt 0.549798965 0.252436270
vt 0.550988047 0.254968031
vt 0.552124252 0.257386098
vt 0.553212666 0.259703468
vt 0.553565634 0.260455556
vt 0.554924145 0.261361595
vt 0.556956805 0.262724212
vt 0.557264197 0.262931006
vt 0.557362881 0.262997435
vt 0.557945137 0.263435856
vt 0.558484920 0.263843019
vt 0.558651431 0.263968761
vt 0.558901155 0.264157467
vt 0.559060382 0.264277867
vt 0.559384785 0.264523352
vt 0.559664897 0.264735526
vt 0.560142039 0.265097378
vt 0.560295412 0.265213809
vt 0.560818462 0.265611304
vt 0.560920204 0.265688700
vt 0.560946142 0.265708436
vt 0.560948833 0.265710724
vt 0.561583366 0.266250864
vt 0.561671436 0.266325924
vt 0.562233529 0.266805524
vt 0.562434403 0.266977141
vt 0.562626823 0.267141646
vt 0.562896793 0.267372635
vt 0.563208087 0.267639246
vt 0.563570710 0.267950178
vt 0.563990074 0.268310245
vt 0.564252906 0.268536179
vt 0.564302049 0.268578445
vt 0.564413784 0.268686064
vt 0.564746846 0.269007124
vt 0.564899102 0.269154026
vt 0.565485608 0.269720703
vt 0.565544581 0.269777751
vt 0.566085391 0.270301505
vt 0.566190426 0.270403352
vt 0.566224436 0.270436339
vt 0.566834548 0.271028810
vt 0.566961247 0.271152017
vt 0.567418083 0.271596755
vt 0.567470691 0.271654357
vt 0.567673617 0.271876667
vt 0.567726260 0.271934370
vt 0.568057993 0.272298284
vt 0.568345770 0.272614395
vt 0.568637017 0.272934715
vt 0.569009103 0.273344523
vt 0.569205816 0.273561443
vt 0.569262225 0.273623679
vt 0.569661658 0.274064813
vt 0.569762409 0.274176202
vt 0.570282620 0.274752108
vt 0.570299855 0.274773695
vt 0.570302920 0.274777534
vt 0.570749287 0.275337283
vt 0.570784753 0.275381810
vt 0.570872171 0.275491598
vt 0.571427977 0.276190744
vt 0.572143869 0.277094122
vt 0.572884976 0.278032732
vt 0.573470127 0.278880382
vt 0.574718107 0.280698164
vt 0.575215440 0.281426390
vt 0.575877313 0.282548661
vt 0.576974011 0.284420574
vt 0.577265321 0.284920421
vt 0.577960693 0.286326588
vt 0.578901988 0.288245621
vt 0.579026971 0.288501792
vt 0.579711478 0.290198174
vt 0.580493819 0.292157143
vt 0.581122271 0.294147038
vt 0.581660392 0.295872837
vt 0.581722934 0.296141557
vt 0.582187105 0.298156474
vt 0.582522339 0.299635015
vt 0.582603289 0.300177136
vt 0.582901462 0.302209522
vt 0.583076444 0.303429640
vt 0.583131225 0.304246802
vt 0.583262297 0.306289039
vt 0.583320641 0.307242558
vt 0.575526786 0.308333333
vt 0.575494433 0.310186907
vt 0.575483643 0.310805099
vt 0.575361490 0.312037923
vt 0.575178312 0.313886646
vt 0.575141654 0.314256613
vt 0.574874942 0.315726438
vt 0.574541594 0.317563484
vt 0.574519357 0.317686031
vt 0.574069214 0.319383295
vt 0.573619072 0.321080560
vt 0.573577087 0.321200161
vt 0.572947718 0.322993045
vt 0.572444158 0.324427536
vt 0.572289252 0.324779862
vt 0.571515185 0.326540434
vt 0.570998998 0.327714475
vt 0.570693538 0.328288706
vt 0.569777652 0.330010471
vt 0.569288983 0.330929114
vt 0.568796746 0.331711883
vt 0.567742430 0.333388486
vt 0.567320493 0.334059462
vt 0.567274755 0.334121989
vt 0.566770528 0.334811301
vt 0.566765612 0.334818022
vt 0.566606935 0.335034945
vt 0.566328833 0.335415129
vt 0.566245514 0.335529033
vt 0.565876399 0.336033638
vt 0.565716097 0.336252783
vt 0.565418080 0.336660193
vt 0.565414840 0.336664622
vt 0.565178924 0.336987135
vt 0.565100870 0.337093841
vt 0.564928784 0.337298395
vt 0.564584990 0.337707056
vt 0.564402320 0.337924192
vt 0.564133391 0.338243862
vt 0.563978313 0.338428199
vt 0.563871659 0.338554976
vt 0.563369063 0.339152402
vt 0.563338450 0.339188790
vt 0.562814373 0.339811750
vt 0.562804324 0.339823694
vt 0.562758831 0.339877771
vt 0.562638394 0.340020931
vt 0.562236264 0.340439877
vt 0.562103185 0.340578521
vt 0.561655924 0.341044484
vt 0.561439733 0.341269716
vt 0.561386584 0.341325087
vt 0.561080897 0.341643556
vt 0.560781692 0.341955273
vt 0.560513015 0.342235185
vt 0.560130872 0.342633307
vt 0.559954155 0.342817414
vt 0.559942252 0.342829814
vt 0.559451870 0.343279963
vt 0.559362229 0.343362249
vt 0.558784215 0.343892839
vt 0.558770324 0.343905590
vt 0.558378132 0.344265605
vt 0.558223295 0.344407738
vt 0.558104076 0.344517176
vt 0.557681755 0.344904847
vt 0.557455384 0.345112646
vt 0.557161989 0.345381968
vt 0.557022502 0.345510012
vt 0.556812423 0.345680458
vt 0.556798643 0.345691638
vt 0.556640741 0.345819751
vt 0.556162831 0.346207501
vt 0.556138784 0.346227012
vt 0.555541186 0.346711870
vt 0.555120746 0.347052993
vt 0.554950456 0.347191156
vt 0.553890034 0.348051525
vt 0.553413638 0.348393562
vt 0.551628178 0.349675467
vt 0.550556535 0.350444873
vt 0.549801589 0.350924205
vt 0.547915168 0.352121935
vt 0.547034439 0.352681129
vt 0.545977794 0.353272904
vt 0.543997380 0.354382038
vt 0.543336886 0.354751949
vt 0.541958437 0.355429762
vt 0.539891337 0.356446200
vt 0.539477669 0.356649609
vt 0.537760517 0.357385684
vt 0.535614353 0.358305660
vt 0.535471185 0.358367030
vt 0.533401782 0.359132418
vt 0.531332378 0.359897805
vt 0.531180305 0.359945633
vt 0.528900649 0.360662587
vt 0.527076690 0.361236224
vt 0.526609697 0.361358535
vt 0.524276134 0.361969722
vt 0.522719994 0.362377294
vt 0.521926617 0.362545110
vt 0.519547771 0.363048288
vt 0.518278543 0.363316758
vt 0.517150871 0.363500389
vt 0.514735527 0.363893706
vt 0.513768906 0.364051111
vt 0.512302650 0.364220370
vt 0.509859726 0.364502372
vt 0.509207906 0.364577615
vt 0.507402444 0.364702039
vt 0.504940958 0.364871673
vt 0.504612556 0.364894305
vt 0.502470961 0.364943379
vt 0.500000000 0.365000000
vt 0.497529039 0.364943379
vt 0.495387444 0.364894305
vt 0.495059042 0.364871673
vt 0.492597556 0.364702039
vt 0.490792094 0.364577615
vt 0.490140274 0.364502372
vt 0.487697350 0.364220370
vt 0.486231094 0.364051111
vt 0.485264473 0.363893706
vt 0.482849129 0.363500389
vt 0.481721457 0.363316758
vt 0.480452229 0.363048288
vt 0.478073383 0.362545110
vt 0.477280006 0.362377294
vt 0.475723866 0.361969722
vt 0.473390303 0.361358535
vt 0.472923310 0.361236224
vt 0.471099351 0.360662587
vt 0.468819695 0.359945633
vt 0.468667622 0.359897805
vt 0.466598218 0.359132418
vt 0.464528815 0.358367030
vt 0.464385647 0.358305660
vt 0.462239483 0.357385684
vt 0.460522331 0.356649609
vt 0.460108663 0.356446200
vt 0.458041563 0.355429762
vt 0.456663114 0.354751949
vt 0.456002620 0.354382038
vt 0.454022206 0.353272904
vt 0.452965561 0.352681129
vt 0.452084832 0.352121935
vt 0.450198411 0.350924205
vt 0.449443465 0.350444873
vt 0.448371822 0.349675467
vt 0.446586362 0.348393562
vt 0.446109966 0.348051525
vt 0.445049544 0.347191156
vt 0.444879254 0.347052993
vt 0.444458814 0.346711870
vt 0.443861216 0.346227012
vt 0.443837169 0.346207501
vt 0.443359259 0.345819751
vt 0.443201357 0.345691638
vt 0.443187577 0.345680458
vt 0.442977498 0.345510012
vt 0.442838011 0.345381968
vt 0.442544616 0.345112646
vt 0.442318245 0.344904847
vt 0.441895924 0.344517176
vt 0.441776705 0.344407738
vt 0.441621868 0.344265605
vt 0.441229676 0.343905590
vt 0.441215785 0.343892839
vt 0.440637771 0.343362249
vt 0.440548130 0.343279963
vt 0.440057748 0.342829814
vt 0.440045845 0.342817414
vt 0.439869128 0.342633307
vt 0.439486985 0.342235185
vt 0.439218308 0.341955273
vt 0.438919103 0.341643556
vt 0.438613416 0.341325087
vt 0.438560267 0.341269716
vt 0.438344076 0.341044484
vt 0.437896815 0.340578521
vt 0.437763736 0.340439877
vt 0.437361606 0.340020931
vt 0.437241169 0.339877771
vt 0.437195676 0.339823694
vt 0.437185627 0.339811750
vt 0.436661550 0.339188790
vt 0.436630937 0.339152402
vt 0.436128341 0.338554976
vt 0.436021687 0.338428199
vt 0.435866609 0.338243862
vt 0.435597680 0.337924192
vt 0.435415010 0.337707056
vt 0.435071216 0.337298395
vt 0.434899130 0.337093841
vt 0.434821076 0.336987135
vt 0.434585160 0.336664622
vt 0.434581920 0.336660193
vt 0.434283903 0.336252783
vt 0.434123601 0.336033638
vt 0.433754486 0.335529033
vt 0.433671167 0.335415129
vt 0.433393065 0.335034945
vt 0.433234388 0.334818022
vt 0.433229472 0.334811301
vt 0.432725245 0.334121989
vt 0.432679507 0.334059462
vt 0.432257570 0.333388486
vt 0.431203254 0.331711883
vt 0.430711017 0.330929114
vt 0.430222348 0.330010471
vt 0.429306462 0.328288706
vt 0.429001002 0.327714475
vt 0.428484815 0.326540434
vt 0.427710748 0.324779862
vt 0.427555842 0.324427536
vt 0.427052282 0.322993045
vt 0.426422913 0.321200161
vt 0.426380928 0.321080560
vt 0.425930786 0.319383295
vt 0.425480643 0.317686031
vt 0.425458406 0.317563484
vt 0.425125058 0.315726438
vt 0.424858346 0.314256613
vt 0.424821688 0.313886646
vt 0.424638510 0.312037923
vt 0.424516357 0.310805099
vt 0.424505567 0.310186907
vt 0.424473214 0.308333333
vt 0.424455952 0.307344364
vt 0.424511316 0.306479901
vt 0.424629900 0.304628320
vt 0.424677357 0.303887318
vt 0.424838863 0.302781289
vt 0.425107949 0.300938539
vt 0.425179746 0.300446858
vt 0.425486788 0.299106698
vt 0.425905396 0.297279583
vt 0.425961245 0.297035817
vt 0.426452328 0.295471649
vt 0.427018938 0.293666921
vt 0.427731392 0.291891501
vt 0.428348879 0.290352736
vt 0.428463024 0.290120685
vt 0.429318575 0.288381380
vt 0.429946109 0.287105626
vt 0.430211718 0.286652894
vt 0.431207184 0.284956119
vt 0.431804667 0.283937705
vt 0.432257570 0.283278181
vt 0.433389260 0.281630197
vt 0.433917622 0.280860788
vt 0.434591884 0.280010788
vt 0.435241413 0.279191969
vt 0.435744521 0.278557733
vt 0.435823559 0.278458094
vt 0.435855619 0.278417679
vt 0.436258771 0.277909450
vt 0.436261537 0.277905963
vt 0.436277091 0.277886356
vt 0.436750391 0.277365004
vt 0.436841969 0.277264129
vt 0.437204761 0.276864506
vt 0.437255960 0.276808109
vt 0.437434439 0.276611510
vt 0.437771753 0.276239952
vt 0.438035529 0.275949396
vt 0.438295947 0.275662540
vt 0.438595881 0.275332156
vt 0.438643452 0.275279755
vt 0.438826765 0.275077832
vt 0.438874272 0.275025502
vt 0.439289796 0.274623010
vt 0.439404953 0.274511464
vt 0.439958985 0.273974807
vt 0.439989845 0.273944915
vt 0.440085135 0.273852614
vt 0.440575393 0.273377731
vt 0.440628816 0.273325983
vt 0.441159732 0.272811718
vt 0.441297441 0.272678328
vt 0.441598520 0.272386691
vt 0.441699476 0.272288901
vt 0.441744178 0.272250671
vt 0.441983187 0.272046268
vt 0.442364271 0.271720361
vt 0.442693530 0.271438775
vt 0.442975994 0.271197209
vt 0.443220820 0.270987830
vt 0.443395241 0.270838664
vt 0.443577256 0.270683003
vt 0.444086212 0.270247738
vt 0.444165908 0.270179581
vt 0.444739732 0.269688840
vt 0.444742165 0.269686760
vt 0.444765751 0.269668915
vt 0.444858259 0.269598926
vt 0.445333578 0.269239312
vt 0.445472874 0.269133924
vt 0.445905993 0.268806237
vt 0.446160102 0.268613985
vt 0.446454245 0.268391445
vt 0.446598564 0.268282257
vt 0.446824834 0.268111067
vt 0.446975657 0.267996958
vt 0.447464318 0.267627250
vt 0.447990988 0.267228786
vt 0.448080691 0.267168738
vt 0.448360024 0.266981752
vt 0.450204100 0.265747327
vt 0.451433825 0.264924148
vt 0.451721504 0.264212695
vt 0.452610559 0.262013992
vt 0.453542335 0.259709636
vt 0.454522137 0.257286510
vt 0.455556048 0.254729567
vt 0.456651089 0.252021446
vt 0.457815414 0.249141977
vt 0.459058564 0.246067569
vt 0.460391778 0.242770427
vt 0.461828403 0.239217542
vt 0.463384420 0.235369388
vt 0.465079147 0.231178196
vt 0.465555556 0.230000000
vt 0.463503689 0.218099172
vt 0.459531494 0.195060443
vt 0.452990923 0.157125132
vt 0.448888889 0.133333333
vt 0.453587114 0.133333333
vt 0.461476511 0.133333333
vt 0.469281084 0.133333333
vt 0.477018673 0.133333333
vt 0.484706525 0.133333333
vt 0.492361458 0.133333333
vt 0.500000000 0.133333333
vt 0.507638542 0.133333333
vt 0.515293475 0.133333333
vt 0.522981327 0.133333333
vt 0.530718916 0.133333333
vt 0.538523489 0.133333333
vt 0.546412886 0.133333333
vt 0.551111111 0.133333333
vt 0.547009077 0.157125132
vt 0.540468506 0.195060443
vt 0.536496311 0.218099172
vt 0.534444444 0.230000000
vt 0.534920853 0.231178196
vt 0.536615580 0.235369388
vt 0.538171597 0.239217542
vt 0.539608222 0.242770427
vt 0.540941436 0.246067569
vt 0.542184586 0.249141977
vt 0.543348911 0.252021446
vt 0.544443952 0.254729567
vt 0.545477863 0.257286510
vt 0.546457665 0.259709636
vt 0.547389441 0.262013992
vt 0.548278496 0.264212695
vt 0.548566175 0.264924148
vt 0.549795900 0.265747327
vt 0.551639976 0.266981752
vt 0.551919309 0.267168738
vt 0.552009012 0.267228786
vt 0.552535682 0.267627250
vt 0.553024343 0.267996958
vt 0.553175166 0.268111067
vt 0.553401436 0.268282257
vt 0.553545755 0.268391445
vt 0.553839898 0.268613985
vt 0.554094007 0.268806237
vt 0.554527126 0.269133924
vt 0.554666422 0.269239312
vt 0.555141741 0.269598926
vt 0.555234249 0.269668915
vt 0.555257835 0.269686760
vt 0.555260268 0.269688840
vt 0.555834092 0.270179581
vt 0.555913788 0.270247738
vt 0.556422744 0.270683003
vt 0.556604759 0.270838664
vt 0.556779180 0.270987830
vt 0.557024006 0.271197209
vt 0.557306470 0.271438775
vt 0.557635729 0.271720361
vt 0.558016813 0.272046268
vt 0.558255822 0.272250671
vt 0.558300524 0.272288901
vt 0.558401480 0.272386691
vt 0.558702559 0.272678328
vt 0.558840268 0.272811718
vt 0.559371184 0.273325983
vt 0.559424607 0.273377731
vt 0.559914865 0.273852614
vt 0.560010155 0.273944915
vt 0.560041015 0.273974807
vt 0.560595047 0.274511464
vt 0.560710204 0.274623010
vt 0.561125728 0.275025502
vt 0.561173235 0.275077832
vt 0.561356548 0.275279755
vt 0.561404119 0.275332156
vt 0.561704053 0.275662540
vt 0.561964471 0.275949396
vt 0.562228247 0.276239952
vt 0.562565561 0.276611510
vt 0.562744040 0.276808109
vt 0.562795239 0.276864506
vt 0.563158031 0.277264129
vt 0.563249609 0.277365004
vt 0.563722909 0.277886356
vt 0.563738463 0.277905963
vt 0.563741229 0.277909450
vt 0.564144381 0.278417679
vt 0.564176441 0.278458094
vt 0.564255479 0.278557733
vt 0.564758587 0.279191969
vt 0.565408116 0.280010788
vt 0.566082378 0.280860788
vt 0.566610740 0.281630197
vt 0.567742430 0.283278181
vt 0.568195333 0.283937705
vt 0.568792816 0.284956119
vt 0.569788282 0.286652894
vt 0.570053891 0.287105626
vt 0.570681425 0.288381380
vt 0.571536976 0.290120685
vt 0.571651121 0.290352736
vt 0.572268608 0.291891501
vt 0.572981062 0.293666921
vt 0.573547672 0.295471649
vt 0.574038755 0.297035817
vt 0.574094604 0.297279583
vt 0.574513212 0.299106698
vt 0.574820254 0.300446858
vt 0.574892051 0.300938539
vt 0.575161137 0.302781289
vt 0.575322643 0.303887318
vt 0.575370100 0.304628320
vt 0.575488684 0.306479901
vt 0.575544048 0.307344364
vt 0.000000000 0.000000000
vt 0.062500000 0.000000000
vt 0.062500000 0.019607843
vt 0.000000000 0.019607843
vt 0.125000000 0.000000000
vt 0.125000000 0.019607843
vt 0.187500000 0.000000000
vt 0.187500000 0.019607843
vt 0.250000000 0.000000000
vt 0.250000000 0.019607843
vt 0.312500000 0.000000000
vt 0.312500000 0.019607843
vt 0.375000000 0.000000000
vt 0.375000000 0.019607843
vt 0.437500000 0.000000000
vt 0.437500000 0.019607843
vt 0.500000000 0.019607843
vt 0.562500000 0.000000000
vt 0.562500000 0.019607843
vt 0.625000000 0.000000000
vt 0.625000000 0.019607843
vt 0.687500000 0.000000000
vt 0.687500000 0.019607843
vt 0.750000000 0.000000000
vt 0.750000000 0.019607843
vt 0.812500000 0.000000000
vt 0.812500000 0.019607843
vt 0.875000000 0.000000000
vt 0.875000000 0.019607843
vt 0.937500000 0.000000000
vt 0.937500000 0.019607843
vt 1.000000000 0.000000000
vt 1.000000000 0.019607843
vt 0.062500000 0.039215686
vt 0.000000000 0.039215686
vt 0.125000000 0.039215686
vt 0.187500000 0.039215686
vt 0.250000000 0.039215686
vt 0.312500000 0.039215686
vt 0.375000000 0.039215686
vt 0.437500000 0.039215686
vt 0.500000000 0.039215686
vt 0.562500000 0.039215686
vt 0.625000000 0.039215686
vt 0.687500000 0.039215686
vt 0.750000000 0.039215686
vt 0.812500000 0.039215686
vt 0.875000000 0.039215686
vt 0.937500000 0.039215686
vt 1.000000000 0.039215686
vt 0.062500000 0.058823529
vt 0.000000000 0.058823529
vt 0.125000000 0.058823529
vt 0.187500000 0.058823529
vt 0.250000000 0.058823529
vt 0.312500000 0.058823529
vt 0.375000000 0.058823529
vt 0.437500000 0.058823529
vt 0.500000000 0.058823529
vt 0.562500000 0.058823529
vt 0.625000000 0.058823529
vt 0.687500000 0.058823529
vt 0.750000000 0.058823529
vt 0.812500000 0.058823529
vt 0.875000000 0.058823529
vt 0.937500000 0.058823529
vt 1.000000000 0.058823529
vt 0.062500000 0.078431373
vt 0.000000000 0.078431373
vt 0.125000000 0.078431373
vt 0.187500000 0.078431373
vt 0.250000000 0.078431373
vt 0.312500000 0.078431373
vt 0.375000000 0.078431373
vt 0.437500000 0.078431373
vt 0.500000000 0.078431373
vt 0.562500000 0.078431373
vt 0.625000000 0.078431373
vt 0.687500000 0.078431373
vt 0.750000000 0.078431373
vt 0.812500000 0.078431373
vt 0.875000000 0.078431373
vt 0.937500000 0.078431373
vt 1.000000000 0.078431373
vt 0.062500000 0.098039216
vt 0.000000000 0.098039216
vt 0.125000000 0.098039216
vt 0.187500000 0.098039216
vt 0.250000000 0.098039216
vt 0.312500000 0.098039216
vt 0.375000000 0.098039216
vt 0.437500000 0.098039216
vt 0.500000000 0.098039216
vt 0.562500000 0.098039216
vt 0.625000000 0.098039216
vt 0.687500000 0.098039216
vt 0.750000000 0.098039216
vt 0.812500000 0.098039216
vt 0.875000000 0.098039216
vt 0.937500000 0.098039216
vt 1.000000000 0.098039216
vt 0.062500000 0.117647059
vt 0.000000000 0.117647059
vt 0.125000000 0.117647059
vt 0.187500000 0.117647059
vt 0.250000000 0.117647059
vt 0.312500000 0.117647059
vt 0.375000000 0.117647059
vt 0.437500000 0.117647059
vt 0.500000000 0.117647059
vt 0.562500000 0.117647059
vt 0.625000000 0.117647059
vt 0.687500000 0.117647059
vt 0.750000000 0.117647059
vt 0.812500000 0.117647059
vt 0.875000000 0.117647059
vt 0.937500000 0.117647059
vt 1.000000000 0.117647059
vt 0.062500000 0.137254902
vt 0.000000000 0.137254902
vt 0.125000000 0.137254902
vt 0.187500000 0.137254902
vt 0.250000000 0.137254902
vt 0.312500000 0.137254902
vt 0.375000000 0.137254902
vt 0.437500000 0.137254902
vt 0.500000000 0.137254902
vt 0.562500000 0.137254902
vt 0.625000000 0.137254902
vt 0.687500000 0.137254902
vt 0.750000000 0.137254902
vt 0.812500000 0.137254902
vt 0.875000000 0.137254902
vt 0.937500000 0.137254902
vt 1.000000000 0.137254902
vt 0.062500000 0.156862745
vt 0.000000000 0.156862745
vt 0.125000000 0.156862745
vt 0.187500000 0.156862745
vt 0.250000000 0.156862745
vt 0.312500000 0.156862745
vt 0.375000000 0.156862745
vt 0.437500000 0.156862745
vt 0.500000000 0.156862745
vt 0.562500000 0.156862745
vt 0.625000000 0.156862745
vt 0.687500000 0.156862745
vt 0.750000000 0.156862745
vt 0.812500000 0.156862745
vt 0.875000000 0.156862745
vt 0.937500000 0.156862745
vt 1.000000000 0.156862745
vt 0.062500000 0.176470588
vt 0.000000000 0.176470588
vt 0.125000000 0.176470588
vt 0.187500000 0.176470588
vt 0.250000000 0.176470588
vt 0.312500000 0.176470588
vt 0.375000000 0.176470588
vt 0.437500000 0.176470588
vt 0.500000000 0.176470588
vt 0.562500000 0.176470588
vt 0.625000000 0.176470588
vt 0.687500000 0.176470588
vt 0.750000000 0.176470588
vt 0.812500000 0.176470588
vt 0.875000000 0.176470588
vt 0.937500000 0.176470588
vt 1.000000000 0.176470588
vt 0.062500000 0.196078431
vt 0.000000000 0.196078431
vt 0.125000000 0.196078431
vt 0.187500000 0.196078431
vt 0.250000000 0.196078431
vt 0.312500000 0.196078431
vt 0.375000000 0.196078431
vt 0.437500000 0.196078431
vt 0.500000000 0.196078431
vt 0.562500000 0.196078431
vt 0.625000000 0.196078431
vt 0.687500000 0.196078431
vt 0.750000000 0.196078431
vt 0.812500000 0.196078431
vt 0.875000000 0.196078431
vt 0.937500000 0.196078431
vt 1.000000000 0.196078431
vt 0.062500000 0.215686275
vt 0.000000000 0.215686275
vt 0.125000000 0.215686275
vt 0.187500000 0.215686275
vt 0.250000000 0.215686275
vt 0.312500000 0.215686275
vt 0.375000000 0.215686275
vt 0.437500000 0.215686275
vt 0.500000000 0.215686275
vt 0.562500000 0.215686275
vt 0.625000000 0.215686275
vt 0.687500000 0.215686275
vt 0.750000000 0.215686275
vt 0.812500000 0.215686275
vt 0.875000000 0.215686275
vt 0.937500000 0.215686275
vt 1.000000000 0.215686275
vt 0.062500000 0.235294118
vt 0.000000000 0.235294118
vt 0.125000000 0.235294118
vt 0.187500000 0.235294118
vt 0.250000000 0.235294118
vt 0.312500000 0.235294118
vt 0.375000000 0.235294118
vt 0.437500000 0.235294118
vt 0.500000000 0.235294118
vt 0.562500000 0.235294118
vt 0.625000000 0.235294118
vt 0.687500000 0.235294118
vt 0.750000000 0.235294118
vt 0.812500000 0.235294118
vt 0.875000000 0.235294118
vt 0.937500000 0.235294118
vt 1.000000000 0.235294118
vt 0.062500000 0.254901961
vt 0.000000000 0.254901961
vt 0.125000000 0.254901961
vt 0.187500000 0.254901961
vt 0.250000000 0.254901961
vt 0.312500000 0.254901961
vt 0.375000000 0.254901961
vt 0.437500000 0.254901961
vt 0.500000000 0.254901961
vt 0.562500000 0.254901961
vt 0.625000000 0.254901961
vt 0.687500000 0.254901961
vt 0.750000000 0.254901961
vt 0.812500000 0.254901961
vt 0.875000000 0.254901961
vt 0.937500000 0.254901961
vt 1.000000000 0.254901961
vt 0.062500000 0.274509804
vt 0.000000000 0.274509804
vt 0.125000000 0.274509804
vt 0.187500000 0.274509804
vt 0.250000000 0.274509804
vt 0.312500000 0.274509804
vt 0.375000000 0.274509804
vt 0.437500000 0.274509804
vt 0.500000000 0.274509804
vt 0.562500000 0.274509804
vt 0.625000000 0.274509804
vt 0.687500000 0.274509804
vt 0.750000000 0.274509804
vt 0.812500000 0.274509804
vt 0.875000000 0.274509804
vt 0.937500000 0.274509804
vt 1.000000000 0.274509804
vt 0.062500000 0.294117647
vt 0.000000000 0.294117647
vt 0.125000000 0.294117647
vt 0.187500000 0.294117647
vt 0.250000000 0.294117647
vt 0.312500000 0.294117647
vt 0.375000000 0.294117647
vt 0.437500000 0.294117647
vt 0.500000000 0.294117647
vt 0.562500000 0.294117647
vt 0.625000000 0.294117647
vt 0.687500000 0.294117647
vt 0.750000000 0.294117647
vt 0.812500000 0.294117647
vt 0.875000000 0.294117647
vt 0.937500000 0.294117647
vt 1.000000000 0.294117647
vt 0.062500000 0.313725490
vt 0.000000000 0.313725490
vt 0.125000000 0.313725490
vt 0.187500000 0.313725490
vt 0.250000000 0.313725490
vt 0.312500000 0.313725490
vt 0.375000000 0.313725490
vt 0.437500000 0.313725490
vt 0.500000000 0.313725490
vt 0.562500000 0.313725490
vt 0.625000000 0.313725490
vt 0.687500000 0.313725490
vt 0.750000000 0.313725490
vt 0.812500000 0.313725490
vt 0.875000000 0.313725490
vt 0.937500000 0.313725490
vt 1.000000000 0.313725490
vt 0.062500000 0.333333333
vt 0.000000000 0.333333333
vt 0.125000000 0.333333333
vt 0.187500000 0.333333333
vt 0.250000000 0.333333333
vt 0.312500000 0.333333333
vt 0.375000000 0.333333333
vt 0.437500000 0.333333333
vt 0.500000000 0.333333333
vt 0.562500000 0.333333333
vt 0.625000000 0.333333333
vt 0.687500000 0.333333333
vt 0.750000000 0.333333333
vt 0.812500000 0.333333333
vt 0.875000000 0.333333333
vt 0.937500000 0.333333333
vt 1.000000000 0.333333333
vt 0.062500000 0.352941176
vt 0.000000000 0.352941176
vt 0.125000000 0.352941176
vt 0.187500000 0.352941176
vt 0.250000000 0.352941176
vt 0.312500000 0.352941176
vt 0.375000000 0.352941176
vt 0.437500000 0.352941176
vt 0.500000000 0.352941176
vt 0.562500000 0.352941176
vt 0.625000000 0.352941176
vt 0.687500000 0.352941176
vt 0.750000000 0.352941176
vt 0.812500000 0.352941176
vt 0.875000000 0.352941176
vt 0.937500000 0.352941176
vt 1.000000000 0.352941176
vt 0.062500000 0.372549020
vt 0.000000000 0.372549020
vt 0.125000000 0.372549020
vt 0.187500000 0.372549020
vt 0.250000000 0.372549020
vt 0.312500000 0.372549020
vt 0.375000000 0.372549020
vt 0.437500000 0.372549020
vt 0.500000000 0.372549020
vt 0.562500000 0.372549020
vt 0.625000000 0.372549020
vt 0.687500000 0.372549020
vt 0.750000000 0.372549020
vt 0.812500000 0.372549020
vt 0.875000000 0.372549020
vt 0.937500000 0.372549020
vt 1.000000000 0.372549020
vt 0.062500000 0.392156863
vt 0.000000000 0.392156863
vt 0.125000000 0.392156863
vt 0.187500000 0.392156863
vt 0.250000000 0.392156863
vt 0.312500000 0.392156863
vt 0.375000000 0.392156863
vt 0.437500000 0.392156863
vt 0.500000000 0.392156863
vt 0.562500000 0.392156863
vt 0.625000000 0.392156863
vt 0.687500000 0.392156863
vt 0.750000000 0.392156863
vt 0.812500000 0.392156863
vt 0.875000000 0.392156863
vt 0.937500000 0.392156863
vt 1.000000000 0.392156863
vt 0.062500000 0.411764706
vt 0.000000000 0.411764706
vt 0.125000000 0.411764706
vt 0.187500000 0.411764706
vt 0.250000000 0.411764706
vt 0.312500000 0.411764706
vt 0.375000000 0.411764706
vt 0.437500000 0.411764706
vt 0.500000000 0.411764706
vt 0.562500000 0.411764706
vt 0.625000000 0.411764706
vt 0.687500000 0.411764706
vt 0.750000000 0.411764706
vt 0.812500000 0.411764706
vt 0.875000000 0.411764706
vt 0.937500000 0.411764706
vt 1.000000000 0.411764706
vt 0.062500000 0.431372549
vt 0.000000000 0.431372549
vt 0.125000000 0.431372549
vt 0.187500000 0.431372549
vt 0.250000000 0.431372549
vt 0.312500000 0.431372549
vt 0.375000000 0.431372549
vt 0.437500000 0.431372549
vt 0.500000000 0.431372549
vt 0.562500000 0.431372549
vt 0.625000000 0.431372549
vt 0.687500000 0.431372549
vt 0.750000000 0.431372549
vt 0.812500000 0.431372549
vt 0.875000000 0.431372549
vt 0.937500000 0.431372549
vt 1.000000000 0.431372549
vt 0.062500000 0.450980392
vt 0.000000000 0.450980392
vt 0.125000000 0.450980392
vt 0.187500000 0.450980392
vt 0.250000000 0.450980392
vt 0.312500000 0.450980392
vt 0.375000000 0.450980392
vt 0.437500000 0.450980392
vt 0.500000000 0.450980392
vt 0.562500000 0.450980392
vt 0.625000000 0.450980392
vt 0.687500000 0.450980392
vt 0.750000000 0.450980392
vt 0.812500000 0.450980392
vt 0.875000000 0.450980392
vt 0.937500000 0.450980392
vt 1.000000000 0.450980392
vt 0.062500000 0.470588235
vt 0.000000000 0.470588235
vt 0.125000000 0.470588235
vt 0.187500000 0.470588235
vt 0.250000000 0.470588235
vt 0.312500000 0.470588235
vt 0.375000000 0.470588235
vt 0.437500000 0.470588235
vt 0.500000000 0.470588235
vt 0.562500000 0.470588235
vt 0.625000000 0.470588235
vt 0.687500000 0.470588235
vt 0.750000000 0.470588235
vt 0.812500000 0.470588235
vt 0.875000000 0.470588235
vt 0.937500000 0.470588235
vt 1.000000000 0.470588235
vt 0.062500000 0.490196078
vt 0.000000000 0.490196078
vt 0.125000000 0.490196078
vt 0.187500000 0.490196078
vt 0.250000000 0.490196078
vt 0.312500000 0.490196078
vt 0.375000000 0.490196078
vt 0.437500000 0.490196078
vt 0.500000000 0.490196078
vt 0.562500000 0.490196078
vt 0.625000000 0.490196078
vt 0.687500000 0.490196078
vt 0.750000000 0.490196078
vt 0.812500000 0.490196078
vt 0.875000000 0.490196078
vt 0.937500000 0.490196078
vt 1.000000000 0.490196078
vt 0.062500000 0.509803922
vt 0.000000000 0.509803922
vt 0.125000000 0.509803922
vt 0.187500000 0.509803922
vt 0.250000000 0.509803922
vt 0.312500000 0.509803922
vt 0.375000000 0.509803922
vt 0.437500000 0.509803922
vt 0.500000000 0.509803922
vt 0.562500000 0.509803922
vt 0.625000000 0.509803922
vt 0.687500000 0.509803922
vt 0.750000000 0.509803922
vt 0.812500000 0.509803922
vt 0.875000000 0.509803922
vt 0.937500000 0.509803922
vt 1.000000000 0.509803922
vt 0.062500000 0.529411765
vt 0.000000000 0.529411765
vt 0.125000000 0.529411765
vt 0.187500000 0.529411765
vt 0.250000000 0.529411765
vt 0.312500000 0.529411765
vt 0.375000000 0.529411765
vt 0.437500000 0.529411765
vt 0.500000000 0.529411765
vt 0.562500000 0.529411765
vt 0.625000000 0.529411765
vt 0.687500000 0.529411765
vt 0.750000000 0.529411765
vt 0.812500000 0.529411765
vt 0.875000000 0.529411765
vt 0.937500000 0.529411765
vt 1.000000000 0.529411765
vt 0.062500000 0.549019608
vt 0.000000000 0.549019608
vt 0.125000000 0.549019608
vt 0.187500000 0.549019608
vt 0.250000000 0.549019608
vt 0.312500000 0.549019608
vt 0.375000000 0.549019608
vt 0.437500000 0.549019608
vt 0.500000000 0.549019608
vt 0.562500000 0.549019608
vt 0.625000000 0.549019608
vt 0.687500000 0.549019608
vt 0.750000000 0.549019608
vt 0.812500000 0.549019608
vt 0.875000000 0.549019608
vt 0.937500000 0.549019608
vt 1.000000000 0.549019608
vt 0.062500000 0.568627451
vt 0.000000000 0.568627451
vt 0.125000000 0.568627451
vt 0.187500000 0.568627451
vt 0.250000000 0.568627451
vt 0.312500000 0.568627451
vt 0.375000000 0.568627451
vt 0.437500000 0.568627451
vt 0.500000000 0.568627451
vt 0.562500000 0.568627451
vt 0.625000000 0.568627451
vt 0.687500000 0.568627451
vt 0.750000000 0.568627451
vt 0.812500000 0.568627451
vt 0.875000000 0.568627451
vt 0.937500000 0.568627451
vt 1.000000000 0.568627451
vt 0.062500000 0.588235294
vt 0.000000000 0.588235294
vt 0.125000000 0.588235294
vt 0.187500000 0.588235294
vt 0.250000000 0.588235294
vt 0.312500000 0.588235294
vt 0.375000000 0.588235294
vt 0.437500000 0.588235294
vt 0.500000000 0.588235294
vt 0.562500000 0.588235294
vt 0.625000000 0.588235294
vt 0.687500000 0.588235294
vt 0.750000000 0.588235294
vt 0.812500000 0.588235294
vt 0.875000000 0.588235294
vt 0.937500000 0.588235294
vt 1.000000000 0.588235294
vt 0.062500000 0.607843137
vt 0.000000000 0.607843137
vt 0.125000000 0.607843137
vt 0.187500000 0.607843137
vt 0.250000000 0.607843137
vt 0.312500000 0.607843137
vt 0.375000000 0.607843137
vt 0.437500000 0.607843137
vt 0.500000000 0.607843137
vt 0.562500000 0.607843137
vt 0.625000000 0.607843137
vt 0.687500000 0.607843137
vt 0.750000000 0.607843137
vt 0.812500000 0.607843137
vt 0.875000000 0.607843137
vt 0.937500000 0.607843137
vt 1.000000000 0.607843137
vt 0.062500000 0.627450980
vt 0.000000000 0.627450980
vt 0.125000000 0.627450980
vt 0.187500000 0.627450980
vt 0.250000000 0.627450980
vt 0.312500000 0.627450980
vt 0.375000000 0.627450980
vt 0.437500000 0.627450980
vt 0.500000000 0.627450980
vt 0.562500000 0.627450980
vt 0.625000000 0.627450980
vt 0.687500000 0.627450980
vt 0.750000000 0.627450980
vt 0.812500000 0.627450980
vt 0.875000000 0.627450980
vt 0.937500000 0.627450980
vt 1.000000000 0.627450980
vt 0.062500000 0.647058824
vt 0.000000000 0.647058824
vt 0.125000000 0.647058824
vt 0.187500000 0.647058824
vt 0.250000000 0.647058824
vt 0.312500000 0.647058824
vt 0.375000000 0.647058824
vt 0.437500000 0.647058824
vt 0.500000000 0.647058824
vt 0.562500000 0.647058824
vt 0.625000000 0.647058824
vt 0.687500000 0.647058824
vt 0.750000000 0.647058824
vt 0.812500000 0.647058824
vt 0.875000000 0.647058824
vt 0.937500000 0.647058824
vt 1.000000000 0.647058824
vt 0.062500000 0.666666667
vt 0.000000000 0.666666667
vt 0.125000000 0.666666667
vt 0.187500000 0.666666667
vt 0.250000000 0.666666667
vt 0.312500000 0.666666667
vt 0.375000000 0.666666667
vt 0.437500000 0.666666667
vt 0.500000000 0.666666667
vt 0.562500000 0.666666667
vt 0.625000000 0.666666667
vt 0.687500000 0.666666667
vt 0.750000000 0.666666667
vt 0.812500000 0.666666667
vt 0.875000000 0.666666667
vt 0.937500000 0.666666667
vt 1.000000000 0.666666667
vt 0.062500000 0.686274510
vt 0.000000000 0.686274510
vt 0.125000000 0.686274510
vt 0.187500000 0.686274510
vt 0.250000000 0.686274510
vt 0.312500000 0.686274510
vt 0.375000000 0.686274510
vt 0.437500000 0.686274510
vt 0.500000000 0.686274510
vt 0.562500000 0.686274510
vt 0.625000000 0.686274510
vt 0.687500000 0.686274510
vt 0.750000000 0.686274510
vt 0.812500000 0.686274510
vt 0.875000000 0.686274510
vt 0.937500000 0.686274510
vt 1.000000000 0.686274510
vt 0.062500000 0.705882353
vt 0.000000000 0.705882353
vt 0.125000000 0.705882353
vt 0.187500000 0.705882353
vt 0.250000000 0.705882353
vt 0.312500000 0.705882353
vt 0.375000000 0.705882353
vt 0.437500000 0.705882353
vt 0.500000000 0.705882353
vt 0.562500000 0.705882353
vt 0.625000000 0.705882353
vt 0.687500000 0.705882353
vt 0.750000000 0.705882353
vt 0.812500000 0.705882353
vt 0.875000000 0.705882353
vt 0.937500000 0.705882353
vt 1.000000000 0.705882353
vt 0.062500000 0.725490196
vt 0.000000000 0.725490196
vt 0.125000000 0.725490196
vt 0.187500000 0.725490196
vt 0.250000000 0.725490196
vt 0.312500000 0.725490196
vt 0.375000000 0.725490196
vt 0.437500000 0.725490196
vt 0.500000000 0.725490196
vt 0.562500000 0.725490196
vt 0.625000000 0.725490196
vt 0.687500000 0.725490196
vt 0.750000000 0.725490196
vt 0.812500000 0.725490196
vt 0.875000000 0.725490196
vt 0.937500000 0.725490196
vt 1.000000000 0.725490196
vt 0.062500000 0.745098039
vt 0.000000000 0.745098039
vt 0.125000000 0.745098039
vt 0.187500000 0.745098039
vt 0.250000000 0.745098039
vt 0.312500000 0.745098039
vt 0.375000000 0.745098039
vt 0.437500000 0.745098039
vt 0.500000000 0.745098039
vt 0.562500000 0.745098039
vt 0.625000000 0.745098039
vt 0.687500000 0.745098039
vt 0.750000000 0.745098039
vt 0.812500000 0.745098039
vt 0.875000000 0.745098039
vt 0.937500000 0.745098039
vt 1.000000000 0.745098039
vt 0.062500000 0.764705882
vt 0.000000000 0.764705882
vt 0.125000000 0.764705882
vt 0.187500000 0.764705882
vt 0.250000000 0.764705882
vt 0.312500000 0.764705882
vt 0.375000000 0.764705882
vt 0.437500000 0.764705882
vt 0.500000000 0.764705882
vt 0.562500000 0.764705882
vt 0.625000000 0.764705882
vt 0.687500000 0.764705882
vt 0.750000000 0.764705882
vt 0.812500000 0.764705882
vt 0.875000000 0.764705882
vt 0.937500000 0.764705882
vt 1.000000000 0.764705882
vt 0.062500000 0.784313725
vt 0.000000000 0.784313725
vt 0.125000000 0.784313725
vt 0.187500000 0.784313725
vt 0.250000000 0.784313725
vt 0.312500000 0.784313725
vt 0.375000000 0.784313725
vt 0.437500000 0.784313725
vt 0.500000000 0.784313725
vt 0.562500000 0.784313725
vt 0.625000000 0.784313725
vt 0.687500000 0.784313725
vt 0.750000000 0.784313725
vt 0.812500000 0.784313725
vt 0.875000000 0.784313725
vt 0.937500000 0.784313725
vt 1.000000000 0.784313725
vt 0.062500000 0.803921569
vt 0.000000000 0.803921569
vt 0.125000000 0.803921569
vt 0.187500000 0.803921569
vt 0.250000000 0.803921569
vt 0.312500000 0.803921569
vt 0.375000000 0.803921569
vt 0.437500000 0.803921569
vt 0.500000000 0.803921569
vt 0.562500000 0.803921569
vt 0.625000000 0.803921569
vt 0.687500000 0.803921569
vt 0.750000000 0.803921569
vt 0.812500000 0.803921569
vt 0.875000000 0.803921569
vt 0.937500000 0.803921569
vt 1.000000000 0.803921569
vt 0.062500000 0.823529412
vt 0.000000000 0.823529412
vt 0.125000000 0.823529412
vt 0.187500000 0.823529412
vt 0.250000000 0.823529412
vt 0.312500000 0.823529412
vt 0.375000000 0.823529412
vt 0.437500000 0.823529412
vt 0.500000000 0.823529412
vt 0.562500000 0.823529412
vt 0.625000000 0.823529412
vt 0.687500000 0.823529412
vt 0.750000000 0.823529412
vt 0.812500000 0.823529412
vt 0.875000000 0.823529412
vt 0.937500000 0.823529412
vt 1.000000000 0.823529412
vt 0.062500000 0.843137255
vt 0.000000000 0.843137255
vt 0.125000000 0.843137255
vt 0.187500000 0.843137255
vt 0.250000000 0.843137255
vt 0.312500000 0.843137255
vt 0.375000000 0.843137255
vt 0.437500000 0.843137255
vt 0.500000000 0.843137255
vt 0.562500000 0.843137255
vt 0.625000000 0.843137255
vt 0.687500000 0.843137255
vt 0.750000000 0.843137255
vt 0.812500000 0.843137255
vt 0.875000000 0.843137255
vt 0.937500000 0.843137255
vt 1.000000000 0.843137255
vt 0.062500000 0.862745098
vt 0.000000000 0.862745098
vt 0.125000000 0.862745098
vt 0.187500000 0.862745098
vt 0.250000000 0.862745098
vt 0.312500000 0.862745098
vt 0.375000000 0.862745098
vt 0.437500000 0.862745098
vt 0.500000000 0.862745098
vt 0.562500000 0.862745098
vt 0.625000000 0.862745098
vt 0.687500000 0.862745098
vt 0.750000000 0.862745098
vt 0.812500000 0.862745098
vt 0.875000000 0.862745098
vt 0.937500000 0.862745098
vt 1.000000000 0.862745098
vt 0.062500000 0.882352941
vt 0.000000000 0.882352941
vt 0.125000000 0.882352941
vt 0.187500000 0.882352941
vt 0.250000000 0.882352941
vt 0.312500000 0.882352941
vt 0.375000000 0.882352941
vt 0.437500000 0.882352941
vt 0.500000000 0.882352941
vt 0.562500000 0.882352941
vt 0.625000000 0.882352941
vt 0.687500000 0.882352941
vt 0.750000000 0.882352941
vt 0.812500000 0.882352941
vt 0.875000000 0.882352941
vt 0.937500000 0.882352941
vt 1.000000000 0.882352941
vt 0.062500000 0.901960784
vt 0.000000000 0.901960784
vt 0.125000000 0.901960784
vt 0.187500000 0.901960784
vt 0.250000000 0.901960784
vt 0.312500000 0.901960784
vt 0.375000000 0.901960784
vt 0.437500000 0.901960784
vt 0.500000000 0.901960784
vt 0.562500000 0.901960784
vt 0.625000000 0.901960784
vt 0.687500000 0.901960784
vt 0.750000000 0.901960784
vt 0.812500000 0.901960784
vt 0.875000000 0.901960784
vt 0.937500000 0.901960784
vt 1.000000000 0.901960784
vt 0.062500000 0.921568627
vt 0.000000000 0.921568627
vt 0.125000000 0.921568627
vt 0.187500000 0.921568627
vt 0.250000000 0.921568627
vt 0.312500000 0.921568627
vt 0.375000000 0.921568627
vt 0.437500000 0.921568627
vt 0.500000000 0.921568627
vt 0.562500000 0.921568627
vt 0.625000000 0.921568627
vt 0.687500000 0.921568627
vt 0.750000000 0.921568627
vt 0.812500000 0.921568627
vt 0.875000000 0.921568627
vt 0.937500000 0.921568627
vt 1.000000000 0.921568627
vt 0.062500000 0.941176471
vt 0.000000000 0.941176471
vt 0.125000000 0.941176471
vt 0.187500000 0.941176471
vt 0.250000000 0.941176471
vt 0.312500000 0.941176471
vt 0.375000000 0.941176471
vt 0.437500000 0.941176471
vt 0.500000000 0.941176471
vt 0.562500000 0.941176471
vt 0.625000000 0.941176471
vt 0.687500000 0.941176471
vt 0.750000000 0.941176471
vt 0.812500000 0.941176471
vt 0.875000000 0.941176471
vt 0.937500000 0.941176471
vt 1.000000000 0.941176471
vt 0.062500000 0.960784314
vt 0.000000000 0.960784314
vt 0.125000000 0.960784314
vt 0.187500000 0.960784314
vt 0.250000000 0.960784314
vt 0.312500000 0.960784314
vt 0.375000000 0.960784314
vt 0.437500000 0.960784314
vt 0.500000000 0.960784314
vt 0.562500000 0.960784314
vt 0.625000000 0.960784314
vt 0.687500000 0.960784314
vt 0.750000000 0.960784314
vt 0.812500000 0.960784314
vt 0.875000000 0.960784314
vt 0.937500000 0.960784314
vt 1.000000000 0.960784314
vt 0.062500000 0.980392157
vt 0.000000000 0.980392157
vt 0.125000000 0.980392157
vt 0.187500000 0.980392157
vt 0.250000000 0.980392157
vt 0.312500000 0.980392157
vt 0.375000000 0.980392157
vt 0.437500000 0.980392157
vt 0.500000000 0.980392157
vt 0.562500000 0.980392157
vt 0.625000000 0.980392157
vt 0.687500000 0.980392157
vt 0.750000000 0.980392157
vt 0.812500000 0.980392157
vt 0.875000000 0.980392157
vt 0.937500000 0.980392157
vt 1.000000000 0.980392157
vt 0.438260870 0.018181818
vt 0.449508099 0.018181818
vt 0.450434783 0.018181818
vt 0.446869126 0.018181818
vt 0.442919624 0.018181818
vt 0.433602115 0.018181818
vt 0.429652613 0.018181818
vt 0.427013640 0.018181818
vt 0.426086957 0.018181818
vt 0.561739130 0.018181818
vt 0.549565217 0.018181818
vt 0.550491901 0.018181818
vt 0.553130874 0.018181818
vt 0.557080376 0.018181818
vt 0.566397885 0.018181818
vt 0.570347387 0.018181818
vt 0.572986360 0.018181818
vt 0.573913043 0.018181818
vn 0.707106781 0.000000000 -0.707106781
vn 0.706834047 0.027771585 -0.706834047
vn 0.706834047 0.027771586 -0.706834047
vn 0.694781678 0.082232831 -0.714504151
vn 0.711258366 0.027945417 -0.702374965
vn 0.702476180 0.083143535 -0.706834047
vn 0.693787314 0.138002877 -0.706834047
vn 0.680737275 0.191987768 -0.706921112
vn 0.701723650 0.139581512 -0.698642198
vn 0.680821018 0.192011385 -0.706834047
vn 0.659829440 0.243423932 -0.710893733
vn 0.682828227 0.192577477 -0.704740752
vn 0.663657234 0.244836080 -0.706834047
vn 0.642401783 0.296151278 -0.706834047
vn 0.617185711 0.345640606 -0.706834047
vn 0.588164484 0.392998944 -0.706834047
vn 0.556367827 0.438605029 -0.705748163
vn 0.587288425 0.392413580 -0.707886917
vn 0.555517028 0.437934313 -0.706834047
vn 0.521575768 0.482139680 -0.703917642
vn 0.553295192 0.436182759 -0.709654163
vn 0.519444624 0.480169671 -0.706834047
vn 0.483389399 0.522927705 -0.702055058
vn 0.516041400 0.477023764 -0.711441917
vn 0.480169671 0.519444624 -0.706834047
vn 0.442035445 0.560719289 -0.700141803
vn 0.475766563 0.514681368 -0.713266617
vn 0.437934313 0.555517028 -0.706834047
vn 0.397757447 0.595286087 -0.698157209
vn 0.432731184 0.548916891 -0.715146117
vn 0.392998944 0.588164484 -0.706834047
vn 0.350813732 0.626422993 -0.696077552
vn 0.392849122 0.587940259 -0.707103825
vn 0.350679896 0.626184012 -0.696359960
vn 0.387215682 0.579509221 -0.717100466
vn 0.345640606 0.617185711 -0.706834047
vn 0.301475070 0.653949981 -0.693874776
vn 0.339660905 0.606508187 -0.718872930
vn 0.250121549 0.677984125 -0.691213958
vn 0.339366484 0.605982461 -0.719455104
vn 0.249914258 0.677422238 -0.691839559
vn 0.292425768 0.634320527 -0.715628842
vn 0.246904523 0.669263995 -0.700802299
vn 0.291027760 0.631288012 -0.718872930
vn 0.197425254 0.700017147 -0.686293861
vn 0.288794794 0.626444334 -0.723992447
vn 0.195993919 0.694942018 -0.691839559
vn 0.240600332 0.652175736 -0.718872930
vn 0.142878367 0.718298056 -0.680906510
vn 0.236967421 0.642328301 -0.728876393
vn 0.140865213 0.708177249 -0.691839559
vn 0.188689523 0.669042581 -0.718872930
vn 0.086729528 0.732774085 -0.674922314
vn 0.186838814 0.662480462 -0.725403953
vn 0.085948859 0.726178243 -0.682112860
vn 0.184290567 0.653445060 -0.734197889
vn 0.084868026 0.717046332 -0.691839559
vn 0.136315755 0.685305576 -0.715384010
vn 0.084830757 0.716731451 -0.692170333
vn 0.135615380 0.681784555 -0.718872930
vn 0.029209721 0.743437053 -0.668167749
vn 0.131203176 0.659602910 -0.740074137
vn 0.028347599 0.721494586 -0.691839559
vn 0.081705123 0.690323101 -0.718872930
vn 0.000000000 0.735811364 -0.677186559
vn 0.079158229 0.668804496 -0.739212094
vn -0.000000000 0.714409629 -0.699727720
vn 0.027278998 0.694296873 -0.719171543
vn 0.000000000 0.709187299 -0.705020123
vn 0.027199519 0.692273997 -0.721121972
vn -0.000000000 0.707106781 -0.707106781
vn -0.027278998 0.694296873 -0.719171543
vn -0.027478761 0.699381166 -0.714220486
vn -0.081705123 0.690323101 -0.718872930
vn -0.028324883 0.720916414 -0.692442939
vn -0.081772793 0.690894837 -0.718315762
vn -0.028347599 0.721494586 -0.691839559
vn -0.135615380 0.681784555 -0.718872930
vn -0.084405832 0.713141274 -0.695920382
vn -0.136315755 0.685305576 -0.715384010
vn -0.084830757 0.716731451 -0.692170333
vn -0.136377236 0.685614664 -0.715076068
vn -0.084868026 0.717046332 -0.691839559
vn -0.186838814 0.662480462 -0.725403953
vn -0.085948859 0.726178243 -0.682112860
vn -0.188689523 0.669042581 -0.718872930
vn -0.139516117 0.701394884 -0.698985315
vn -0.190550075 0.675639604 -0.712181013
vn -0.140865213 0.708177249 -0.691839559
vn -0.240600332 0.652175736 -0.718872930
vn -0.193385102 0.685691848 -0.701732778
vn -0.243891298 0.661096290 -0.709555304
vn -0.195993919 0.694942018 -0.691839559
vn -0.291027760 0.631288012 -0.718872930
vn -0.245732368 0.666086729 -0.704232968
vn -0.292425768 0.634320527 -0.715628842
vn -0.246904523 0.669263995 -0.700802299
vn -0.296022424 0.642122277 -0.707141927
vn -0.249914258 0.677422238 -0.691839559
vn -0.339660905 0.606508187 -0.718872930
vn -0.296274571 0.642669226 -0.706539203
vn -0.345640606 0.617185711 -0.706834047
vn -0.392849122 0.587940259 -0.707103825
vn -0.350679896 0.626184012 -0.696359960
vn -0.392998944 0.588164484 -0.706834047
vn -0.437934313 0.555517028 -0.706834047
vn -0.480169671 0.519444624 -0.706834047
vn -0.519444624 0.480169671 -0.706834047
vn -0.555517028 0.437934313 -0.706834047
vn -0.588164484 0.392998944 -0.706834047
vn -0.617822073 0.345996986 -0.706103372
vn -0.587574985 0.392605053 -0.707542867
vn -0.617185711 0.345640606 -0.706834047
vn -0.644713745 0.297217107 -0.704277061
vn -0.615021335 0.344428497 -0.709307950
vn -0.642401783 0.296151278 -0.706834047
vn -0.667767610 0.246352478 -0.702422149
vn -0.638515966 0.294359892 -0.711090441
vn -0.663657234 0.244836080 -0.706834047
vn -0.686839278 0.193708710 -0.700520336
vn -0.659829440 0.243423932 -0.710893733
vn -0.682828227 0.192577477 -0.704740752
vn -0.657915136 0.242717708 -0.712906577
vn -0.680821018 0.192011385 -0.706834047
vn -0.701810573 0.139598803 -0.698551425
vn -0.680737275 0.191987768 -0.706921112
vn -0.701723650 0.139581512 -0.698642198
vn -0.673098488 0.189833407 -0.714773882
vn -0.693787314 0.138002877 -0.706834047
vn -0.712590362 0.084340627 -0.696492379
vn -0.683969617 0.136050016 -0.716711906
vn -0.702476180 0.083143535 -0.706834047
vn -0.719115323 0.028254118 -0.694316108
vn -0.694781678 0.082232831 -0.714504151
vn -0.711258366 0.027945417 -0.702374965
vn -0.690456362 0.081720896 -0.718743145
vn -0.706834047 0.027771585 -0.706834047
vn -0.714338276 0.000000000 -0.699800563
vn -0.699778205 0.027494361 -0.713830879
vn -0.707106781 0.000000000 -0.707106781
vn -0.705695816 -0.027726864 -0.707972200
vn -0.714409629 0.000000000 -0.699727720
vn -0.690323101 -0.081705123 -0.718872930
vn -0.709045150 -0.027858460 -0.704612575
vn -0.691205731 -0.081809589 -0.718012415
vn -0.709945118 -0.027893820 -0.703704387
vn -0.702476180 -0.083143535 -0.706834047
vn -0.682268007 -0.135711544 -0.718395952
vn -0.702898303 -0.083193496 -0.706408393
vn -0.693787314 -0.138002877 -0.706834047
vn -0.679613193 -0.191670744 -0.708087730
vn -0.702549484 -0.139745781 -0.697778861
vn -0.680821018 -0.192011385 -0.706834047
vn -0.663657234 -0.244836080 -0.706834047
vn -0.642401783 -0.296151278 -0.706834047
vn -0.617185711 -0.345640606 -0.706834047
vn -0.588164484 -0.392998944 -0.706834047
vn -0.555517028 -0.437934313 -0.706834047
vn -0.520295966 -0.480956644 -0.705671888
vn -0.554630348 -0.437235311 -0.707962188
vn -0.519444624 -0.480169671 -0.706834047
vn -0.482202730 -0.521643974 -0.703823907
vn -0.517297554 -0.478184940 -0.709748127
vn -0.480169671 -0.519444624 -0.706834047
vn -0.440939556 -0.559329160 -0.701942447
vn -0.476945507 -0.515956743 -0.711555777
vn -0.437934313 -0.555517028 -0.706834047
vn -0.396751949 -0.593781253 -0.700008368
vn -0.433833130 -0.550314702 -0.713402091
vn -0.392998944 -0.588164484 -0.706834047
vn -0.349900408 -0.624792135 -0.698000353
vn -0.390208675 -0.583988551 -0.711824812
vn -0.347404316 -0.620335042 -0.703203155
vn -0.388239059 -0.581040813 -0.715305534
vn -0.345640606 -0.617185711 -0.706834047
vn -0.300658246 -0.652178151 -0.695893870
vn -0.340460507 -0.607935978 -0.717286895
vn -0.296151278 -0.642401783 -0.706834047
vn -0.249309071 -0.675781807 -0.693659813
vn -0.291027760 -0.631288012 -0.718872930
vn -0.196282410 -0.695964929 -0.690728624
vn -0.290983218 -0.631191392 -0.718975795
vn -0.196253771 -0.695863382 -0.690839063
vn -0.290579178 -0.630314963 -0.719907486
vn -0.195993919 -0.694942018 -0.691839559
vn -0.243979273 -0.661334757 -0.709302794
vn -0.195465646 -0.693068901 -0.693865030
vn -0.240600332 -0.652175736 -0.718872930
vn -0.141998701 -0.713875676 -0.685724353
vn -0.238561841 -0.646650166 -0.724521781
vn -0.140865213 -0.708177249 -0.691839559
vn -0.188689523 -0.669042581 -0.718872930
vn -0.086154325 -0.727914219 -0.680234020
vn -0.185660797 -0.658303530 -0.729497451
vn -0.084868026 -0.717046332 -0.691839559
vn -0.135615380 -0.681784555 -0.718872930
vn -0.028998108 -0.738051145 -0.674121367
vn -0.134307992 -0.675211873 -0.725293244
vn -0.028742555 -0.731546888 -0.681185009
vn -0.132299088 -0.665112432 -0.734930204
vn -0.028347599 -0.721494586 -0.691839559
vn -0.081705123 -0.690323101 -0.718872930
vn 0.000000000 -0.731345146 -0.682007535
vn -0.079693104 -0.673323638 -0.735040331
vn 0.000000000 -0.714409629 -0.699727720
vn -0.027298998 -0.694805899 -0.718679016
vn 0.000000000 -0.708104630 -0.706107522
vn -0.027260764 -0.693832778 -0.719619988
vn 0.000000000 -0.707106781 -0.707106781
vn 0.027298998 -0.694805899 -0.718679016
vn 0.027540866 -0.700961838 -0.712666825
vn 0.081705123 -0.690323101 -0.718872930
vn 0.028209745 -0.717985946 -0.695485724
vn 0.082115852 -0.693793333 -0.715477322
vn 0.028347599 -0.721494586 -0.691839559
vn 0.134307992 -0.675211873 -0.725293244
vn 0.028742556 -0.731546888 -0.681185009
vn 0.135615380 -0.681784555 -0.718872930
vn 0.084097185 -0.710533532 -0.698619899
vn 0.136886064 -0.688172715 -0.712517031
vn 0.084868026 -0.717046332 -0.691839559
vn 0.188689523 -0.669042581 -0.718872930
vn 0.139049797 -0.699050537 -0.701422484
vn 0.191193017 -0.677919302 -0.709838468
vn 0.140865213 -0.708177249 -0.691839559
vn 0.240600332 -0.652175736 -0.718872930
vn 0.192785760 -0.683566741 -0.703967443
vn 0.243979273 -0.661334757 -0.709302794
vn 0.195465646 -0.693068901 -0.693865030
vn 0.244646616 -0.663143669 -0.707381444
vn 0.195993919 -0.694942018 -0.691839559
vn 0.290983218 -0.631191392 -0.718975795
vn 0.196253771 -0.695863382 -0.690839063
vn 0.291027760 -0.631288012 -0.718872930
vn 0.245016940 -0.664147476 -0.706310717
vn 0.296151278 -0.642401783 -0.706834047
vn 0.345640606 -0.617185711 -0.706834047
vn 0.390208675 -0.583988551 -0.711824812
vn 0.347404316 -0.620335042 -0.703203155
vn 0.392998944 -0.588164484 -0.706834047
vn 0.437934313 -0.555517028 -0.706834047
vn 0.480169671 -0.519444624 -0.706834047
vn 0.519444624 -0.480169671 -0.706834047
vn 0.555517028 -0.437934313 -0.706834047
vn 0.588721265 -0.393370973 -0.706163261
vn 0.555005231 -0.437530845 -0.707485656
vn 0.588164484 -0.392998944 -0.706834047
vn 0.619368730 -0.346863155 -0.704321182
vn 0.586134855 -0.391642789 -0.709268537
vn 0.617185711 -0.345640606 -0.706834047
vn 0.646355110 -0.297973787 -0.702450493
vn 0.613471556 -0.343560579 -0.711068758
vn 0.642401783 -0.296151278 -0.706834047
vn 0.669512584 -0.246996232 -0.700532484
vn 0.636846906 -0.293590445 -0.712902987
vn 0.663657234 -0.244836080 -0.706834047
vn 0.688698944 -0.194233190 -0.698546514
vn 0.656114695 -0.242053490 -0.714789210
vn 0.680821018 -0.192011385 -0.706834047
vn 0.703798623 -0.139994250 -0.696469028
vn 0.679613193 -0.191670744 -0.708087730
vn 0.702549484 -0.139745781 -0.697778861
vn 0.671151592 -0.189284325 -0.716747505
vn 0.693787314 -0.138002877 -0.706834047
vn 0.714723704 -0.084593125 -0.694272303
vn 0.682268007 -0.135711544 -0.718395952
vn 0.702898303 -0.083193496 -0.706408393
vn 0.681857511 -0.135629892 -0.718800993
vn 0.702476180 -0.083143535 -0.706834047
vn 0.721414925 -0.028344470 -0.691922754
vn 0.691205731 -0.081809589 -0.718012415
vn 0.709945118 -0.027893820 -0.703704387
vn 0.690323101 -0.081705123 -0.718872930
vn 0.717759051 -0.000000000 -0.696291566
vn 0.687002796 -0.081312139 -0.722091057
vn 0.714409629 0.000000000 -0.699727720
vn 0.698558505 -0.027446438 -0.715026368
vn 0.000000000 0.000000000 -1.000000000
vn -0.906119387 -0.011861753 -0.422855714
vn -0.906132108 -0.012138810 -0.422820591
vn -0.906136739 -0.011861980 -0.422818524
vn -0.906139681 -0.013983806 -0.422747361
vn -0.903766672 -0.067161465 -0.422723480
vn -0.903816694 -0.065499976 -0.422877213
vn -0.903697458 -0.067156322 -0.422872243
vn -0.903687009 -0.067803329 -0.422791319
vn -0.903737835 -0.067159322 -0.422785466
vn -0.903580832 -0.069459853 -0.422749345
vn -0.897980855 -0.122209831 -0.422723480
vn -0.898104445 -0.120736847 -0.422884167
vn -0.897907499 -0.122199847 -0.422882160
vn -0.897828095 -0.123213473 -0.422756610
vn -0.897970541 -0.122208427 -0.422745795
vn -0.897628822 -0.124674872 -0.422751314
vn -0.888845208 -0.176802305 -0.422723480
vn -0.889022347 -0.175520504 -0.422885113
vn -0.888771085 -0.176787561 -0.422885465
vn -0.888585526 -0.178067786 -0.422738247
vn -0.876393811 -0.230735235 -0.422723480
vn -0.877002771 -0.228320738 -0.422771547
vn -0.876383744 -0.230732584 -0.422745795
vn -0.876580955 -0.229734907 -0.422880245
vn -0.876322217 -0.230716386 -0.422882160
vn -0.876009191 -0.232160586 -0.422740299
vn -0.860673110 -0.283807429 -0.422723480
vn -0.861356050 -0.281604730 -0.422805547
vn -0.860645649 -0.283798374 -0.422785466
vn -0.860810271 -0.283172467 -0.422869994
vn -0.860607196 -0.283785694 -0.422872243
vn -0.860143228 -0.285381404 -0.422742335
vn -0.841741752 -0.335820907 -0.422723480
vn -0.842477900 -0.333830481 -0.422833536
vn -0.841700570 -0.335804477 -0.422818524
vn -0.841787615 -0.335541121 -0.422854309
vn -0.841684452 -0.335798047 -0.422855714
vn -0.841047236 -0.337530378 -0.422744357
vn -0.819670358 -0.386581638 -0.422723480
vn -0.820439119 -0.384802373 -0.422855514
vn -0.819619095 -0.386557461 -0.422844970
vn -0.819584695 -0.386643275 -0.422833189
vn -0.819624326 -0.386559928 -0.422832574
vn -0.818792943 -0.388411674 -0.422746363
vn -0.794541264 -0.435900264 -0.422723480
vn -0.795738169 -0.433672368 -0.422763579
vn -0.794535919 -0.435897332 -0.422736550
vn -0.795394941 -0.434212906 -0.422854633
vn -0.794491876 -0.435873169 -0.422844227
vn -0.795112111 -0.434732972 -0.422852190
vn -0.794491581 -0.435873007 -0.422844948
vn -0.795013805 -0.434896207 -0.422869175
vn -0.794483457 -0.435868550 -0.422864805
vn -0.794763452 -0.435338862 -0.422884299
vn -0.794475756 -0.435864325 -0.422883628
vn -0.794560731 -0.435707715 -0.422885364
vn -0.794475070 -0.435863949 -0.422885306
vn -0.794312726 -0.436172665 -0.422871966
vn -0.794481020 -0.435867213 -0.422870762
vn -0.794021490 -0.436716022 -0.422858119
vn -0.794488172 -0.435871137 -0.422853280
vn -0.793782015 -0.437192970 -0.422814875
vn -0.794508813 -0.435882461 -0.422802822
vn -0.793612087 -0.437499358 -0.422816943
vn -0.794509090 -0.435882613 -0.422802145
vn -0.793498032 -0.437753807 -0.422767641
vn -0.794532277 -0.435895334 -0.422745453
vn -0.793328506 -0.438076700 -0.422751329
vn -0.766448209 -0.483592806 -0.422723480
vn -0.767701566 -0.481543510 -0.422788545
vn -0.766431601 -0.483582327 -0.422765578
vn -0.767392973 -0.481987636 -0.422842693
vn -0.766405881 -0.483566098 -0.422830763
vn -0.767091918 -0.482450229 -0.422861402
vn -0.766396265 -0.483560031 -0.422855131
vn -0.766832236 -0.482846608 -0.422879977
vn -0.766387229 -0.483554330 -0.422878028
vn -0.766593207 -0.483221991 -0.422884574
vn -0.766384791 -0.483552792 -0.422884202
vn -0.766446306 -0.483454181 -0.422885464
vn -0.766384293 -0.483552478 -0.422885465
vn -0.766114520 -0.484001056 -0.422861111
vn -0.766394865 -0.483559148 -0.422858678
vn -0.765815725 -0.484474203 -0.422860524
vn -0.766396197 -0.483559989 -0.422855302
vn -0.765535357 -0.484985066 -0.422782571
vn -0.766431254 -0.483582108 -0.422766457
vn -0.765234488 -0.485456962 -0.422785662
vn -0.766432152 -0.483582675 -0.422764181
vn -0.765206908 -0.485508320 -0.422776607
vn -0.766436325 -0.483585307 -0.422753606
vn -0.765123971 -0.485661344 -0.422750952
vn -0.735495995 -0.529481352 -0.422723480
vn -0.736740184 -0.527669266 -0.422822714
vn -0.735464872 -0.529458947 -0.422805683
vn -0.736436188 -0.528081335 -0.422837846
vn -0.735456971 -0.529453259 -0.422826548
vn -0.736097338 -0.528522345 -0.422876862
vn -0.735439174 -0.529440447 -0.422873545
vn -0.735723574 -0.529036758 -0.422884064
vn -0.735435413 -0.529437739 -0.422883474
vn -0.735572500 -0.529246183 -0.422884824
vn -0.735434972 -0.529437422 -0.422884639
vn -0.735372668 -0.529526266 -0.422881749
vn -0.735436141 -0.529438263 -0.422881554
vn -0.735039855 -0.530001246 -0.422865335
vn -0.735443397 -0.529443487 -0.422862394
vn -0.734731172 -0.530449609 -0.422839588
vn -0.735455063 -0.529451885 -0.422831588
vn -0.734387414 -0.530970031 -0.422783576
vn -0.735480041 -0.529469867 -0.422765620
vn -0.734085709 -0.531411516 -0.422752850
vn -0.735494917 -0.529480576 -0.422726326
vn -0.733980257 -0.531557695 -0.422752172
vn -0.701800083 -0.573394718 -0.422723480
vn -0.703119442 -0.571697530 -0.422829735
vn -0.701767380 -0.573367999 -0.422814004
vn -0.702793212 -0.572092717 -0.422837586
vn -0.701762827 -0.573364279 -0.422826605
vn -0.702404573 -0.572537870 -0.422880838
vn -0.701744062 -0.573348947 -0.422878537
vn -0.702073686 -0.572943962 -0.422880308
vn -0.701743836 -0.573348763 -0.422879160
vn -0.701844804 -0.573221226 -0.422884497
vn -0.701741856 -0.573347145 -0.422884639
vn -0.701539594 -0.573597291 -0.422881007
vn -0.701743403 -0.573348409 -0.422880361
vn -0.701387719 -0.573786514 -0.422876227
vn -0.701745491 -0.573350115 -0.422874582
vn -0.701096076 -0.574167156 -0.422843197
vn -0.701759170 -0.573361291 -0.422836727
vn -0.700741457 -0.574618405 -0.422818045
vn -0.701770533 -0.573370575 -0.422805278
vn -0.700466007 -0.574986525 -0.422774016
vn -0.701789440 -0.573386023 -0.422752942
vn -0.700231757 -0.575288704 -0.422750983
vn -0.665486174 -0.615169092 -0.422723480
vn -0.667097378 -0.613377598 -0.422787194
vn -0.665472294 -0.615156261 -0.422764002
vn -0.666972522 -0.613512989 -0.422787733
vn -0.665471453 -0.615155483 -0.422766457
vn -0.666869081 -0.613609856 -0.422810328
vn -0.665462428 -0.615147141 -0.422792799
vn -0.666497193 -0.613979426 -0.422860208
vn -0.665441979 -0.615128238 -0.422852484
vn -0.666216759 -0.614283673 -0.422860260
vn -0.665441223 -0.615127539 -0.422854691
vn -0.665860432 -0.614652669 -0.422885306
vn -0.665430841 -0.615117942 -0.422884989
vn -0.665292650 -0.615271836 -0.422878537
vn -0.665433226 -0.615120147 -0.422878028
vn -0.664964137 -0.615631986 -0.422871085
vn -0.665436470 -0.615123145 -0.422868562
vn -0.664318334 -0.616416759 -0.422742865
vn -0.626689734 -0.654648636 -0.422723480
vn -0.628255693 -0.653083290 -0.422820293
vn -0.626664139 -0.654621900 -0.422802822
vn -0.626978013 -0.654282506 -0.422862831
vn -0.626644139 -0.654601008 -0.422864805
vn -0.625415890 -0.655852900 -0.422743348
vn -0.585555488 -0.691686078 -0.422723480
vn -0.587066180 -0.690329757 -0.422845276
vn -0.585522604 -0.691647233 -0.422832574
vn -0.585589464 -0.691583378 -0.422844428
vn -0.585518866 -0.691642818 -0.422844970
vn -0.584068941 -0.692928446 -0.422745362
vn -0.542236884 -0.726143251 -0.422723480
vn -0.543674792 -0.724985205 -0.422864249
vn -0.542199972 -0.726093820 -0.422855714
vn -0.541987911 -0.726272574 -0.422820591
vn -0.542210355 -0.726107724 -0.422818524
vn -0.540528788 -0.727401745 -0.422747361
vn -0.496895518 -0.757891617 -0.422723480
vn -0.498244117 -0.756919852 -0.422877213
vn -0.496857464 -0.757833575 -0.422872243
vn -0.496337797 -0.758219158 -0.422791319
vn -0.496879664 -0.757867435 -0.422785466
vn -0.494958952 -0.759143351 -0.422749345
vn -0.449700531 -0.786812743 -0.422723480
vn -0.450944365 -0.786014097 -0.422884167
vn -0.449663795 -0.786748467 -0.422882160
vn -0.448811294 -0.787302529 -0.422756610
vn -0.449695366 -0.786803705 -0.422745795
vn -0.447530578 -0.788034078 -0.422751314
vn -0.400827980 -0.812798739 -0.422723480
vn -0.401952737 -0.812158962 -0.422885113
vn -0.400794554 -0.812730957 -0.422885465
vn -0.399665922 -0.813363095 -0.422738247
vn -0.350460179 -0.835752668 -0.422723480
vn -0.352746440 -0.834765936 -0.422771547
vn -0.350456154 -0.835743069 -0.422745795
vn -0.351367719 -0.835292179 -0.422880245
vn -0.350431550 -0.835684395 -0.422882160
vn -0.349095231 -0.836315228 -0.422740299
vn -0.298785021 -0.855588903 -0.422723480
vn -0.300948287 -0.854789798 -0.422805547
vn -0.298775487 -0.855561604 -0.422785466
vn -0.299372268 -0.855311179 -0.422869994
vn -0.298762139 -0.855523378 -0.422872243
vn -0.297213731 -0.856126694 -0.422742335
vn -0.245995273 -0.872233446 -0.422723480
vn -0.248022523 -0.871605776 -0.422833536
vn -0.245983238 -0.872190772 -0.422818524
vn -0.246245162 -0.872099509 -0.422854309
vn -0.245978528 -0.872174070 -0.422855714
vn -0.244216264 -0.872723109 -0.422744357
vn -0.192287865 -0.885624207 -0.422723480
vn -0.194167443 -0.885150958 -0.422855514
vn -0.192275839 -0.885568819 -0.422844970
vn -0.192186816 -0.885593768 -0.422833189
vn -0.192277066 -0.885574471 -0.422832574
vn -0.190301863 -0.886042162 -0.422746363
vn -0.137863145 -0.895711233 -0.422723480
vn -0.139584810 -0.895374665 -0.422871482
vn -0.137853114 -0.895646066 -0.422864805
vn -0.137401156 -0.895742972 -0.422806634
vn -0.137857514 -0.895674651 -0.422802822
vn -0.135673001 -0.896033853 -0.422748355
vn -0.082924139 -0.902456895 -0.422723480
vn -0.084479108 -0.902238642 -0.422881441
vn -0.082917542 -0.902385092 -0.422878028
vn -0.082094856 -0.902508745 -0.422774644
vn -0.082922305 -0.902436931 -0.422766457
vn -0.080534834 -0.902660677 -0.422750331
vn -0.027675794 -0.905836028 -0.422723480
vn -0.029056776 -0.905717202 -0.422885391
vn -0.027673498 -0.905760873 -0.422884639
vn -0.026476558 -0.905865463 -0.422737216
vn 0.027675794 -0.905836028 -0.422723480
vn 0.026474566 -0.905797320 -0.422883332
vn 0.027673498 -0.905760873 -0.422884639
vn 0.029058962 -0.905785340 -0.422739275
vn 0.082924139 -0.902456895 -0.422723480
vn 0.080533219 -0.902642570 -0.422789298
vn 0.082922305 -0.902436931 -0.422766457
vn 0.082090580 -0.902461742 -0.422875799
vn 0.082917542 -0.902385092 -0.422878028
vn 0.084485203 -0.902303734 -0.422741319
vn 0.137863145 -0.895711233 -0.422723480
vn 0.135667976 -0.896000670 -0.422820293
vn 0.137857514 -0.895674651 -0.422802822
vn 0.137397180 -0.895717054 -0.422862831
vn 0.137853114 -0.895646066 -0.422864805
vn 0.139594019 -0.895433734 -0.422743348
vn 0.192287865 -0.885624207 -0.422723480
vn 0.190292172 -0.885997044 -0.422845276
vn 0.192277066 -0.885574471 -0.422832574
vn 0.192185704 -0.885588643 -0.422844428
vn 0.192275839 -0.885568819 -0.422844970
vn 0.194178454 -0.885201156 -0.422745362
vn 0.245995273 -0.872233446 -0.422723480
vn 0.244201190 -0.872669242 -0.422864249
vn 0.245978528 -0.872174070 -0.422855714
vn 0.246249437 -0.872114650 -0.422820591
vn 0.245983238 -0.872190772 -0.422818524
vn 0.248033527 -0.871644445 -0.422747361
vn 0.298785021 -0.855588903 -0.422723480
vn 0.297193092 -0.856067245 -0.422877213
vn 0.298762139 -0.855523378 -0.422872243
vn 0.299384395 -0.855345828 -0.422791319
vn 0.298775487 -0.855561604 -0.422785466
vn 0.300956994 -0.854814529 -0.422749345
vn 0.350460179 -0.835752668 -0.422723480
vn 0.349069374 -0.836253283 -0.422884167
vn 0.350431550 -0.835684395 -0.422882160
vn 0.351390086 -0.835345351 -0.422756610
vn 0.350456154 -0.835743069 -0.422745795
vn 0.352750114 -0.834774631 -0.422751314
vn 0.400827980 -0.812798739 -0.422723480
vn 0.399635703 -0.813301596 -0.422885113
vn 0.400794554 -0.812730957 -0.422885465
vn 0.401983131 -0.812220374 -0.422738247
vn 0.449700531 -0.786812743 -0.422723480
vn 0.447525917 -0.788025870 -0.422771547
vn 0.449695366 -0.786803705 -0.422745795
vn 0.448782725 -0.787252414 -0.422880245
vn 0.449663795 -0.786748467 -0.422882160
vn 0.450977768 -0.786072320 -0.422740299
vn 0.496895518 -0.757891617 -0.422723480
vn 0.494944632 -0.759121387 -0.422805547
vn 0.496879664 -0.757867435 -0.422785466
vn 0.496317692 -0.758188444 -0.422869994
vn 0.496857464 -0.757833575 -0.422872243
vn 0.498278717 -0.756972416 -0.422742335
vn 0.542236884 -0.726143251 -0.422723480
vn 0.540504808 -0.727369475 -0.422833536
vn 0.542210355 -0.726107724 -0.422818524
vn 0.541978502 -0.726259965 -0.422854309
vn 0.542199972 -0.726093820 -0.422855714
vn 0.543708352 -0.725029956 -0.422744357
vn 0.585555488 -0.691686078 -0.422723480
vn 0.584035819 -0.692889151 -0.422855514
vn 0.585518866 -0.691642818 -0.422844970
vn 0.585592853 -0.691587380 -0.422833189
vn 0.585522604 -0.691647233 -0.422832574
vn 0.587096075 -0.690364911 -0.422746363
vn 0.626689734 -0.654648636 -0.422723480
vn 0.625374633 -0.655809636 -0.422871482
vn 0.626644139 -0.654601008 -0.422864805
vn 0.626996155 -0.654301438 -0.422806634
vn 0.626664139 -0.654621900 -0.422802822
vn 0.628278960 -0.653107477 -0.422748355
vn 0.665486174 -0.615169092 -0.422723480
vn 0.664273346 -0.616375015 -0.422874406
vn 0.665436470 -0.615123145 -0.422868562
vn 0.664961198 -0.615629265 -0.422879667
vn 0.665433226 -0.615120147 -0.422878028
vn 0.665290488 -0.615269836 -0.422884849
vn 0.665430841 -0.615117942 -0.422884989
vn 0.665869851 -0.614661364 -0.422857837
vn 0.665441223 -0.615127539 -0.422854691
vn 0.666217445 -0.614284306 -0.422858260
vn 0.665441979 -0.615128238 -0.422852484
vn 0.666515763 -0.613996534 -0.422806095
vn 0.665462428 -0.615147141 -0.422792799
vn 0.666877281 -0.613617401 -0.422786444
vn 0.665471453 -0.615155483 -0.422766457
vn 0.666973286 -0.613513692 -0.422785508
vn 0.665472294 -0.615156261 -0.422764002
vn 0.667109995 -0.613389199 -0.422750452
vn 0.701800083 -0.573394718 -0.422723480
vn 0.700222128 -0.575280793 -0.422777696
vn 0.701789440 -0.573386023 -0.422752942
vn 0.700448895 -0.574972478 -0.422821468
vn 0.701770533 -0.573370575 -0.422805278
vn 0.700731170 -0.574609969 -0.422846558
vn 0.701759170 -0.573361291 -0.422836727
vn 0.701083686 -0.574157008 -0.422877518
vn 0.701745491 -0.573350115 -0.422874582
vn 0.701385827 -0.573784966 -0.422881466
vn 0.701743403 -0.573348409 -0.422880361
vn 0.701538192 -0.573596145 -0.422884886
vn 0.701741856 -0.573347145 -0.422884639
vn 0.701846599 -0.573222692 -0.422879530
vn 0.701743836 -0.573348763 -0.422879160
vn 0.702073891 -0.572944129 -0.422879743
vn 0.701744062 -0.573348947 -0.422878537
vn 0.702421603 -0.572551751 -0.422833754
vn 0.701762827 -0.573364279 -0.422826605
vn 0.702797347 -0.572096082 -0.422826161
vn 0.701767380 -0.573367999 -0.422814004
vn 0.703149152 -0.571721687 -0.422747658
vn 0.735495995 -0.529481352 -0.422723480
vn 0.733979282 -0.531556989 -0.422754752
vn 0.735494917 -0.529480576 -0.422726326
vn 0.734072246 -0.531401770 -0.422788478
vn 0.735480041 -0.529469867 -0.422765620
vn 0.734364800 -0.530953681 -0.422843387
vn 0.735455063 -0.529451885 -0.422831588
vn 0.734720605 -0.530441980 -0.422867518
vn 0.735443397 -0.529443487 -0.422862394
vn 0.735033280 -0.529996505 -0.422882706
vn 0.735436141 -0.529438263 -0.422881554
vn 0.735371609 -0.529525503 -0.422884546
vn 0.735434972 -0.529437422 -0.422884639
vn 0.735572900 -0.529246471 -0.422883768
vn 0.735435413 -0.529437739 -0.422883474
vn 0.735726985 -0.529039211 -0.422875061
vn 0.735439174 -0.529440447 -0.422873545
vn 0.736113489 -0.528533941 -0.422834253
vn 0.735456971 -0.529453259 -0.422826548
vn 0.736443361 -0.528086479 -0.422818928
vn 0.735464872 -0.529458947 -0.422805683
vn 0.736768453 -0.527689513 -0.422748182
vn 0.766448209 -0.483592806 -0.422723480
vn 0.765113213 -0.485654515 -0.422778267
vn 0.766436325 -0.483585307 -0.422753606
vn 0.765203130 -0.485505924 -0.422786196
vn 0.766432152 -0.483582675 -0.422764181
vn 0.765233675 -0.485456446 -0.422787726
vn 0.766431254 -0.483582108 -0.422766457
vn 0.765503608 -0.484964953 -0.422863123
vn 0.766396197 -0.483559989 -0.422855302
vn 0.765814517 -0.484473440 -0.422863585
vn 0.766394865 -0.483559148 -0.422858678
vn 0.766104939 -0.483995003 -0.422885397
vn 0.766384293 -0.483552478 -0.422885465
vn 0.766446757 -0.483454466 -0.422884320
vn 0.766384791 -0.483552792 -0.422884202
vn 0.766595417 -0.483223384 -0.422878976
vn 0.766387229 -0.483554330 -0.422878028
vn 0.766840434 -0.482851770 -0.422859217
vn 0.766396265 -0.483560031 -0.422855131
vn 0.767100644 -0.482455718 -0.422839310
vn 0.766405881 -0.483566098 -0.422830763
vn 0.767416325 -0.482002302 -0.422783592
vn 0.766431601 -0.483582327 -0.422765578
vn 0.767716650 -0.481552972 -0.422750375
vn 0.794541264 -0.435900264 -0.422723480
vn 0.793320370 -0.438072207 -0.422771252
vn 0.794532277 -0.435895334 -0.422745453
vn 0.793477034 -0.437742223 -0.422819042
vn 0.794509090 -0.435882613 -0.422802145
vn 0.793611836 -0.437499220 -0.422817556
vn 0.794508813 -0.435882461 -0.422802822
vn 0.793763318 -0.437182672 -0.422860623
vn 0.794488172 -0.435871137 -0.422853280
vn 0.794015010 -0.436712458 -0.422873968
vn 0.794481020 -0.435867213 -0.422870762
vn 0.794307333 -0.436169703 -0.422885152
vn 0.794475070 -0.435863949 -0.422885306
vn 0.794561354 -0.435708056 -0.422883844
vn 0.794475756 -0.435864325 -0.422883628
vn 0.794770437 -0.435342688 -0.422867233
vn 0.794483457 -0.435868550 -0.422864805
vn 0.795021175 -0.434900239 -0.422851172
vn 0.794491581 -0.435873007 -0.422844948
vn 0.795112379 -0.434733118 -0.422851536
vn 0.794491876 -0.435873169 -0.422844227
vn 0.795434920 -0.434234731 -0.422757006
vn 0.794535919 -0.435897332 -0.422736550
vn 0.795743023 -0.433675014 -0.422751729
vn 0.819670358 -0.386581638 -0.422723480
vn 0.818751249 -0.388391896 -0.422845276
vn 0.819624326 -0.386559928 -0.422832574
vn 0.819579952 -0.386641038 -0.422844428
vn 0.819619095 -0.386557461 -0.422844970
vn 0.820485647 -0.384824196 -0.422745362
vn 0.841741752 -0.335820907 -0.422723480
vn 0.840995323 -0.337509545 -0.422864249
vn 0.841684452 -0.335798047 -0.422855714
vn 0.841802230 -0.335546947 -0.422820591
vn 0.841700570 -0.335804477 -0.422818524
vn 0.842515276 -0.333845291 -0.422747361
vn 0.860673110 -0.283807429 -0.422723480
vn 0.860083500 -0.285361587 -0.422877213
vn 0.860607196 -0.283785694 -0.422872243
vn 0.860845142 -0.283183939 -0.422791319
vn 0.860645649 -0.283798374 -0.422785466
vn 0.861380972 -0.281612878 -0.422749345
vn 0.876393811 -0.230735235 -0.422723480
vn 0.875944306 -0.232143390 -0.422884167
vn 0.876322217 -0.230716386 -0.422882160
vn 0.876636756 -0.229749531 -0.422756610
vn 0.876383744 -0.230732584 -0.422745795
vn 0.877011905 -0.228323116 -0.422751314
vn 0.888845208 -0.176802305 -0.422723480
vn 0.888518340 -0.178054322 -0.422885113
vn 0.888771085 -0.176787561 -0.422885465
vn 0.889089572 -0.175533776 -0.422738247
vn 0.897980855 -0.122209831 -0.422723480
vn 0.897619473 -0.124673574 -0.422771547
vn 0.897970541 -0.122208427 -0.422745795
vn 0.897770946 -0.123205630 -0.422880245
vn 0.897907499 -0.122199847 -0.422882160
vn 0.898170971 -0.120745790 -0.422740299
vn 0.903766672 -0.067161465 -0.422723480
vn 0.903554690 -0.069457843 -0.422805547
vn 0.903737835 -0.067159322 -0.422785466
vn 0.903650402 -0.067800582 -0.422869994
vn 0.903697458 -0.067156322 -0.422872243
vn 0.903879458 -0.065504525 -0.422742335
vn 0.906181074 -0.011862560 -0.422723480
vn 0.906099482 -0.013983186 -0.422833536
vn 0.906136739 -0.011861980 -0.422818524
vn 0.906116376 -0.012138600 -0.422854309
vn 0.906119387 -0.011861753 -0.422855714
vn 0.906193611 -0.010017435 -0.422744357
vn 0.905215056 0.043480597 -0.422723480
vn 0.905244403 0.041542578 -0.422855514
vn 0.905158442 0.043477878 -0.422844970
vn 0.905159500 0.043570325 -0.422833189
vn 0.905164220 0.043478155 -0.422832574
vn 0.905104754 0.045507102 -0.422746363
vn 0.900872220 0.098661554 -0.422723480
vn 0.900992720 0.096911443 -0.422871482
vn 0.900806678 0.098654376 -0.422864805
vn 0.900783307 0.099116016 -0.422806634
vn 0.900835427 0.098657525 -0.422802822
vn 0.900616996 0.100860571 -0.422748355
vn 0.893168768 0.153474464 -0.422723480
vn 0.893360408 0.151915991 -0.422881441
vn 0.893097705 0.153462253 -0.422878028
vn 0.893004218 0.154288910 -0.422774644
vn 0.893149010 0.153471069 -0.422766457
vn 0.892747209 0.155835098 -0.422750331
vn 0.882133437 0.207714852 -0.422723480
vn 0.882376084 0.206350171 -0.422885391
vn 0.882060248 0.207697618 -0.422884639
vn 0.881851484 0.208880843 -0.422737216
vn 0.867807392 0.261180380 -0.422723480
vn 0.868080903 0.260010065 -0.422883332
vn 0.867735392 0.261158710 -0.422884639
vn 0.867400440 0.262503298 -0.422739275
vn 0.850244075 0.313671600 -0.422723480
vn 0.851042240 0.311410204 -0.422789298
vn 0.850225266 0.313664661 -0.422766457
vn 0.850464498 0.312867698 -0.422875799
vn 0.850176427 0.313646643 -0.422878028
vn 0.849692100 0.315139830 -0.422741319
vn 0.829509005 0.364992698 -0.422723480
vn 0.830356731 0.362947240 -0.422820293
vn 0.829475127 0.364977791 -0.422802822
vn 0.829635229 0.364544117 -0.422862831
vn 0.829448655 0.364966143 -0.422864805
vn 0.828792979 0.366592772 -0.422743348
vn 0.805679533 0.414952226 -0.422723480
vn 0.806556188 0.413121033 -0.422845276
vn 0.805634286 0.414928923 -0.422832574
vn 0.805671621 0.414844342 -0.422844428
vn 0.805629144 0.414926274 -0.422844970
vn 0.804781576 0.416668902 -0.422745362
vn 0.778844551 0.463363815 -0.422723480
vn 0.779729839 0.461743656 -0.422864249
vn 0.778791532 0.463332273 -0.422855714
vn 0.778983174 0.462985581 -0.422882449
vn 0.778780570 0.463325751 -0.422883049
vn 0.778353472 0.464080193 -0.422842107
vn 0.778799157 0.463336809 -0.422836700
vn 0.778029950 0.464629365 -0.422834425
vn 0.778804224 0.463339824 -0.422824064
vn 0.777969310 0.464734738 -0.422830198
vn 0.778806445 0.463341145 -0.422818524
vn 0.777756595 0.465161945 -0.422751752
vn 0.778842551 0.463362626 -0.422728469
vn 0.777527269 0.465541537 -0.422755748
vn 0.778842851 0.463362804 -0.422727720
vn 0.777518451 0.465559566 -0.422752112
vn 0.749104164 0.510046871 -0.422723480
vn 0.750247968 0.508270330 -0.422834789
vn 0.749066938 0.510021524 -0.422820018
vn 0.749929758 0.508732488 -0.422843485
vn 0.749061648 0.510017922 -0.422833734
vn 0.749663583 0.509097914 -0.422875663
vn 0.749046795 0.510007809 -0.422872243
vn 0.749431406 0.509438091 -0.422877522
vn 0.749045484 0.510006917 -0.422875641
vn 0.749300349 0.509625387 -0.422884088
vn 0.749042434 0.510004840 -0.422883548
vn 0.749012367 0.510050392 -0.422881866
vn 0.749043120 0.510005307 -0.422881770
vn 0.748680916 0.510548474 -0.422867759
vn 0.749049533 0.510009674 -0.422865143
vn 0.748396535 0.510985781 -0.422842946
vn 0.749060923 0.510017429 -0.422835613
vn 0.748098524 0.511456860 -0.422800755
vn 0.749080263 0.510030597 -0.422785466
vn 0.747905846 0.511743325 -0.422795003
vn 0.749083941 0.510033102 -0.422775926
vn 0.747789884 0.511941678 -0.422759988
vn 0.749099681 0.510043818 -0.422735109
vn 0.747663645 0.512132792 -0.422751792
vn 0.716569318 0.554827246 -0.422723480
vn 0.717879547 0.553055679 -0.422821915
vn 0.716539345 0.554804038 -0.422804738
vn 0.717579219 0.553435877 -0.422834240
vn 0.716532864 0.554799021 -0.422822305
vn 0.717188777 0.553907214 -0.422879482
vn 0.716512783 0.554783472 -0.422876733
vn 0.716861626 0.554330426 -0.422879638
vn 0.716512205 0.554783024 -0.422878299
vn 0.716789823 0.554420798 -0.422882879
vn 0.716510780 0.554781922 -0.422882160
vn 0.716463371 0.554845637 -0.422878893
vn 0.716512055 0.554782909 -0.422878704
vn 0.716159179 0.555239247 -0.422877533
vn 0.716513065 0.554783690 -0.422875969
vn 0.715848623 0.555674705 -0.422831373
vn 0.716532388 0.554798652 -0.422823596
vn 0.715479240 0.556161668 -0.422816338
vn 0.716540156 0.554804666 -0.422802540
vn 0.715251118 0.556491802 -0.422767918
vn 0.716561087 0.554820873 -0.422745795
vn 0.715031927 0.556786018 -0.422751314
vn 0.681361378 0.597537892 -0.422723480
vn 0.683023252 0.595611358 -0.422760390
vn 0.681358091 0.597535008 -0.422732854
vn 0.682851719 0.595780568 -0.422799059
vn 0.681342172 0.597521048 -0.422778242
vn 0.682489842 0.596162390 -0.422845149
vn 0.681322579 0.597503866 -0.422834097
vn 0.682084260 0.596608435 -0.422870474
vn 0.681311388 0.597494051 -0.422865996
vn 0.681737949 0.596995673 -0.422882413
vn 0.681306030 0.597489353 -0.422881268
vn 0.681441692 0.597331659 -0.422885456
vn 0.681304558 0.597488061 -0.422885465
vn 0.681207518 0.597600065 -0.422883529
vn 0.681305305 0.597488717 -0.422883335
vn 0.681009802 0.597829447 -0.422877763
vn 0.681307679 0.597490798 -0.422876569
vn 0.680635845 0.598282059 -0.422839715
vn 0.681322953 0.597504194 -0.422833031
vn 0.680307970 0.598659170 -0.422833613
vn 0.681326496 0.597507301 -0.422822931
vn 0.679971923 0.599101595 -0.422747517
vn 0.681361197 0.597537732 -0.422723997
vn 0.679647417 0.599466351 -0.422752271
vn 0.643611686 0.638019480 -0.422723480
vn 0.645402861 0.636185693 -0.422756326
vn 0.643610140 0.638017947 -0.422728147
vn 0.645333241 0.636246323 -0.422771363
vn 0.643604294 0.638012152 -0.422745795
vn 0.644995962 0.636546557 -0.422834116
vn 0.643579729 0.637987800 -0.422819937
vn 0.644649115 0.636890067 -0.422845789
vn 0.643574269 0.637982388 -0.422836415
vn 0.644319260 0.637203873 -0.422875767
vn 0.643562332 0.637970554 -0.422872436
vn 0.643932191 0.637589847 -0.422883577
vn 0.643558881 0.637967134 -0.422882847
vn 0.643624741 0.637899309 -0.422884932
vn 0.643558170 0.637966429 -0.422884993
vn 0.643379878 0.638147838 -0.422882571
vn 0.643559109 0.637967360 -0.422882160
vn 0.643174938 0.638359861 -0.422874317
vn 0.643562288 0.637970511 -0.422872567
vn 0.642966253 0.638575389 -0.422866256
vn 0.643565565 0.637973759 -0.422862680
vn 0.642622556 0.638950671 -0.422821818
vn 0.643582535 0.637990582 -0.422811467
vn 0.642078147 0.639546662 -0.422747821
vn 0.603461063 0.676120998 -0.422723480
vn 0.605321653 0.674428795 -0.422766480
vn 0.603455959 0.676115279 -0.422739914
vn 0.605104047 0.674599903 -0.422804994
vn 0.603441809 0.676099426 -0.422785466
vn 0.603897328 0.675639686 -0.422869994
vn 0.603414848 0.676069218 -0.422872243
vn 0.602215184 0.677219159 -0.422742335
vn 0.891314683 0.270305213 -0.363996192
vn 0.876099332 0.308376747 -0.370612658
vn 0.892160554 0.270561737 -0.361726267
vn 0.878444363 0.309438445 -0.364119966
vn 0.894757567 0.271349321 -0.354652566
vn 0.880920180 0.310446165 -0.357215363
vn 0.897436507 0.272161752 -0.347182513
vn 0.883589198 0.311243916 -0.349853333
vn 0.900187688 0.272996091 -0.339315871
vn 0.886442767 0.311830930 -0.342024402
vn 0.903000868 0.273849232 -0.331052910
vn 0.889469912 0.312208196 -0.333720420
vn 0.905865261 0.274717905 -0.322394480
vn 0.892657263 0.312378532 -0.324934862
vn 0.908769555 0.275598677 -0.313342090
vn 0.895989042 0.312346638 -0.315663136
vn 0.911701934 0.276487968 -0.303897989
vn 0.899447089 0.312119146 -0.305902882
vn 0.914650114 0.277382050 -0.294065243
vn 0.903010946 0.311704642 -0.295654271
vn 0.917601378 0.278277067 -0.283847821
vn 0.906657996 0.311113668 -0.284920276
vn 0.920542621 0.279169045 -0.273250668
vn 0.910363667 0.310358697 -0.273706912
vn 0.923460407 0.280053910 -0.262279782
vn 0.911658425 0.309459993 -0.270394950
vn 0.987915002 -0.127747630 -0.087775230
vn 0.989798081 -0.116461858 -0.082075545
vn 0.988809905 -0.127863350 -0.076850091
vn 0.990613304 -0.119931478 -0.065587516
vn 0.989843545 -0.127997010 -0.061858880
vn 0.991171361 -0.123180093 -0.049050975
vn 0.990658033 -0.128102332 -0.046759539
vn 0.991277203 -0.124907329 -0.042043623
vn 0.000000000 0.909915915 -0.414792753
vn 0.005758458 0.909069319 -0.416605105
vn 0.000000000 0.909282892 -0.416178595
vn 0.005083560 0.908182277 -0.418544036
vn 0.000000000 0.908340877 -0.418230619
vn 0.004206546 0.907461070 -0.420115117
vn 0.000000000 0.907566772 -0.419907793
vn 0.003301417 0.906899962 -0.421333074
vn 0.000000000 0.906962603 -0.421211154
vn 0.002374177 0.906499652 -0.422199888
vn 0.000000000 0.906529939 -0.422141528
vn 0.001430981 0.906260597 -0.422717024
vn 0.000000000 0.906269895 -0.422699511
vn 0.000478098 0.906183036 -0.422885417
vn 0.000000000 0.906183140 -0.422885465
vn -0.000478142 0.906266995 -0.422705459
vn -0.001431379 0.906512291 -0.422176998
vn -0.002375274 0.906918534 -0.421299336
vn -0.003303547 0.907485118 -0.420071240
vn -0.004210023 0.908211208 -0.418490952
vn -0.005088673 0.909095720 -0.416556211
vn -0.005762348 0.909683513 -0.415262208
vn -0.990927677 -0.128137200 -0.040536358
vn -0.990998265 -0.124872181 -0.048263619
vn -0.990658033 -0.128102332 -0.046759539
vn -0.990322805 -0.123074636 -0.064135602
vn -0.989843545 -0.127997010 -0.061858880
vn -0.989525163 -0.119799739 -0.080547969
vn -0.988809905 -0.127863350 -0.076850091
vn -0.988848100 -0.116350081 -0.092962867
vn -0.924229855 0.280287257 -0.259303352
vn -0.910888591 0.309198675 -0.273273039
vn -0.923460407 0.280053910 -0.262279782
vn -0.907453867 0.309366696 -0.284288103
vn -0.920542621 0.279169045 -0.273250668
vn -0.903740683 0.310112612 -0.295098198
vn -0.917601378 0.278277067 -0.283847821
vn -0.900100440 0.310699983 -0.305425472
vn -0.914650114 0.277382050 -0.294065243
vn -0.896556980 0.311116242 -0.315265389
vn -0.911701934 0.276487968 -0.303897989
vn -0.893132126 0.311350701 -0.324616308
vn -0.908769555 0.275598677 -0.313342090
vn -0.889845501 0.311394577 -0.333479237
vn -0.905865261 0.274717905 -0.322394480
vn -0.886714412 0.311241003 -0.341857559
vn -0.903000868 0.273849232 -0.331052910
vn -0.883753777 0.310885003 -0.349756738
vn -0.900187688 0.272996091 -0.339315871
vn -0.880976120 0.310323460 -0.357184024
vn -0.897436507 0.272161752 -0.347182513
vn -0.878391592 0.309555062 -0.364148150
vn -0.894757567 0.271349321 -0.354652566
vn -0.876008055 0.308580237 -0.370659042
vn -0.892160554 0.270561736 -0.361726267
vn -0.875308969 0.308098549 -0.372705639
vn -0.603461063 0.676120998 -0.422723480
vn -0.602173367 0.677172134 -0.422877213
vn -0.603414848 0.676069218 -0.422872243
vn -0.603921792 0.675667056 -0.422791319
vn -0.603441809 0.676099426 -0.422785466
vn -0.605116913 0.674614247 -0.422763692
vn -0.603455959 0.676115279 -0.422739914
vn -0.605326296 0.674433968 -0.422751579
vn -0.643611686 0.638019480 -0.422723480
vn -0.642051778 0.639520396 -0.422827598
vn -0.643582535 0.637990582 -0.422811467
vn -0.642607192 0.638935395 -0.422868251
vn -0.643565565 0.637973759 -0.422862680
vn -0.642963285 0.638572441 -0.422875219
vn -0.643562288 0.637970511 -0.422872567
vn -0.643172057 0.638357002 -0.422883014
vn -0.643559109 0.637967360 -0.422882160
vn -0.643379027 0.638146994 -0.422885140
vn -0.643558170 0.637966429 -0.422884993
vn -0.643625386 0.637899948 -0.422882986
vn -0.643558881 0.637967134 -0.422882847
vn -0.643935321 0.637592947 -0.422874138
vn -0.643562332 0.637970554 -0.422872436
vn -0.644330096 0.637214589 -0.422843109
vn -0.643574269 0.637982388 -0.422836415
vn -0.644654074 0.636894966 -0.422830849
vn -0.643579729 0.637987800 -0.422819937
vn -0.645018285 0.636568587 -0.422766894
vn -0.643604294 0.638012152 -0.422745795
vn -0.645338556 0.636251563 -0.422755362
vn -0.643610140 0.638017947 -0.422728147
vn -0.645404266 0.636187079 -0.422752094
vn -0.681361378 0.597537892 -0.422723480
vn -0.679647253 0.599466207 -0.422752740
vn -0.681361197 0.597537732 -0.422723997
vn -0.679940523 0.599073929 -0.422837218
vn -0.681326496 0.597507301 -0.422822931
vn -0.680304762 0.598656347 -0.422842770
vn -0.681322953 0.597504194 -0.422833031
vn -0.680622011 0.598269898 -0.422879188
vn -0.681307679 0.597490798 -0.422876569
vn -0.681007651 0.597827558 -0.422883897
vn -0.681305305 0.597488717 -0.422883335
vn -0.681206840 0.597599471 -0.422885461
vn -0.681304558 0.597488061 -0.422885465
vn -0.681443028 0.597332830 -0.422881651
vn -0.681306030 0.597489353 -0.422881268
vn -0.681742810 0.596999929 -0.422868567
vn -0.681311388 0.597494051 -0.422865996
vn -0.682094418 0.596617320 -0.422841553
vn -0.681322579 0.597503866 -0.422834097
vn -0.682507637 0.596177934 -0.422794508
vn -0.681342172 0.597521048 -0.422778242
vn -0.682866185 0.595793190 -0.422757907
vn -0.681358091 0.597535008 -0.422732854
vn -0.683026240 0.595613964 -0.422751891
vn -0.716569318 0.554827246 -0.422723480
vn -0.715024480 0.556780219 -0.422771547
vn -0.716561087 0.554820873 -0.422745795
vn -0.715232173 0.556477062 -0.422819367
vn -0.716540156 0.554804666 -0.422802540
vn -0.715472208 0.556156202 -0.422835428
vn -0.716532388 0.554798652 -0.422823596
vn -0.715831121 0.555661119 -0.422878857
vn -0.716513065 0.554783690 -0.422875969
vn -0.716158265 0.555238538 -0.422880013
vn -0.716512055 0.554782909 -0.422878704
vn -0.716462215 0.554844742 -0.422882026
vn -0.716510780 0.554781922 -0.422882160
vn -0.716791114 0.554421797 -0.422879379
vn -0.716512205 0.554783024 -0.422878299
vn -0.716862150 0.554330831 -0.422878218
vn -0.716512783 0.554783472 -0.422876733
vn -0.717207001 0.553921289 -0.422830134
vn -0.716532864 0.554799021 -0.422822305
vn -0.717585104 0.553440415 -0.422818313
vn -0.716539345 0.554804038 -0.422804738
vn -0.717906776 0.553076656 -0.422748239
vn -0.749104164 0.510046871 -0.422723480
vn -0.747659587 0.512130012 -0.422762336
vn -0.749099681 0.510043818 -0.422735109
vn -0.747775637 0.511931925 -0.422796997
vn -0.749083941 0.510033102 -0.422775926
vn -0.747902516 0.511741046 -0.422803652
vn -0.749080263 0.510030597 -0.422785466
vn -0.748081012 0.511444887 -0.422846221
vn -0.749060923 0.510017429 -0.422835613
vn -0.748386218 0.510978737 -0.422869720
vn -0.749049533 0.510009674 -0.422865143
vn -0.748675104 0.510544511 -0.422882834
vn -0.749043120 0.510005307 -0.422881770
vn -0.749011745 0.510049968 -0.422883478
vn -0.749042434 0.510004840 -0.422883548
vn -0.749303115 0.509627268 -0.422876919
vn -0.749045484 0.510006917 -0.422875641
vn -0.749432595 0.509438900 -0.422874441
vn -0.749046795 0.510007809 -0.422872243
vn -0.749677060 0.509107067 -0.422840750
vn -0.749061648 0.510017922 -0.422833734
vn -0.749934560 0.508735746 -0.422831049
vn -0.749066938 0.510021524 -0.422820018
vn -0.750281775 0.508293234 -0.422747260
vn -0.778844551 0.463363816 -0.422723480
vn -0.777516912 0.465558645 -0.422755957
vn -0.778842851 0.463362804 -0.422727720
vn -0.777526998 0.465541375 -0.422756426
vn -0.778842551 0.463362626 -0.422728469
vn -0.777723902 0.465142392 -0.422833403
vn -0.778806445 0.463341145 -0.422818524
vn -0.777967298 0.464733536 -0.422835220
vn -0.778804224 0.463339824 -0.422824064
vn -0.778025360 0.464626624 -0.422845881
vn -0.778799157 0.463336809 -0.422836700
vn -0.778336629 0.464070151 -0.422884129
vn -0.778780570 0.463325751 -0.422883049
vn -0.778993115 0.462991490 -0.422857667
vn -0.778791532 0.463332273 -0.422855714
vn -0.779777970 0.461772158 -0.422744357
vn -0.805679533 0.414952226 -0.422723480
vn -0.804735938 0.416645273 -0.422855514
vn -0.805629144 0.414926274 -0.422844970
vn -0.805676284 0.414846742 -0.422833189
vn -0.805634286 0.414928923 -0.422832574
vn -0.806597261 0.413142070 -0.422746363
vn -0.829509005 0.364992698 -0.422723480
vn -0.828738306 0.366568589 -0.422871482
vn -0.829448655 0.364966143 -0.422864805
vn -0.829659235 0.364554666 -0.422806634
vn -0.829475127 0.364977791 -0.422802822
vn -0.830387483 0.362960681 -0.422748355
vn -0.850244075 0.313671600 -0.422723480
vn -0.849630804 0.315117096 -0.422881441
vn -0.850176427 0.313646643 -0.422878028
vn -0.850508793 0.312883993 -0.422774644
vn -0.850225266 0.313664661 -0.422766457
vn -0.851059312 0.311416451 -0.422750331
vn -0.867807392 0.261180380 -0.422723480
vn -0.867335190 0.262483551 -0.422885391
vn -0.867735392 0.261158710 -0.422884639
vn -0.868146209 0.260029625 -0.422737216
vn -0.882133437 0.207714852 -0.422723480
vn -0.881785147 0.208865130 -0.422883332
vn -0.882060248 0.207697618 -0.422884639
vn -0.882442466 0.206365695 -0.422739275
vn -0.893168768 0.153474464 -0.422723480
vn -0.892729301 0.155831973 -0.422789298
vn -0.893149010 0.153471069 -0.422766457
vn -0.892957709 0.154280875 -0.422875799
vn -0.893097705 0.153462253 -0.422878028
vn -0.893424859 0.151926951 -0.422741319
vn -0.900872220 0.098661554 -0.422723480
vn -0.900583643 0.100856836 -0.422820293
vn -0.900835427 0.098657525 -0.422802822
vn -0.900757243 0.099113148 -0.422862831
vn -0.900806678 0.098654376 -0.422864805
vn -0.901052160 0.096917836 -0.422743348
vn -0.905215056 0.043480597 -0.422723480
vn -0.905058665 0.045504785 -0.422845276
vn -0.905164220 0.043478155 -0.422832574
vn -0.905154262 0.043570072 -0.422844428
vn -0.905158442 0.043477878 -0.422844970
vn -0.905295740 0.041544934 -0.422745362
vn -0.906181074 -0.011862560 -0.422723480
vn -0.906137677 -0.010016817 -0.422864249
vn -0.999914328 -0.013089596 0.000000000
vn -0.997250185 -0.074108490 0.000000000
vn -0.990865897 -0.134850930 0.000000000
vn -0.980785280 -0.195090322 0.000000000
vn -0.967045939 -0.254601948 0.000000000
vn -0.949699126 -0.313163806 0.000000000
vn -0.928809553 -0.370557438 0.000000000
vn -0.904455145 -0.426568740 0.000000000
vn -0.876726756 -0.480988769 0.000000000
vn -0.845727822 -0.533614516 0.000000000
vn -0.811573982 -0.584249666 0.000000000
vn -0.774392644 -0.632705329 0.000000000
vn -0.734322509 -0.678800746 0.000000000
vn -0.691513056 -0.722363962 0.000000000
vn -0.646123980 -0.763232470 0.000000000
vn -0.598324601 -0.801253813 0.000000000
vn -0.548293230 -0.836286156 0.000000000
vn -0.496216504 -0.868198814 0.000000000
vn -0.442288690 -0.896872742 0.000000000
vn -0.386710962 -0.922200972 0.000000000
vn -0.329690645 -0.944089020 0.000000000
vn -0.271440450 -0.962455236 0.000000000
vn -0.212177672 -0.977231106 0.000000000
vn -0.152123386 -0.988361510 0.000000000
vn -0.091501619 -0.995804928 0.000000000
vn -0.030538513 -0.999533591 0.000000000
vn 0.030538513 -0.999533591 0.000000000
vn 0.091501619 -0.995804928 0.000000000
vn 0.152123386 -0.988361510 0.000000000
vn 0.212177672 -0.977231106 0.000000000
vn 0.271440450 -0.962455236 0.000000000
vn 0.329690645 -0.944089020 0.000000000
vn 0.386710962 -0.922200972 0.000000000
vn 0.442288690 -0.896872742 0.000000000
vn 0.496216504 -0.868198814 0.000000000
vn 0.548293230 -0.836286156 0.000000000
vn 0.598324601 -0.801253813 0.000000000
vn 0.646123980 -0.763232470 0.000000000
vn 0.691513056 -0.722363962 0.000000000
vn 0.734322509 -0.678800746 0.000000000
vn 0.774392644 -0.632705329 0.000000000
vn 0.811573982 -0.584249666 0.000000000
vn 0.845727822 -0.533614516 0.000000000
vn 0.876726756 -0.480988769 0.000000000
vn 0.904455145 -0.426568740 0.000000000
vn 0.928809553 -0.370557438 0.000000000
vn 0.949699126 -0.313163806 0.000000000
vn 0.967045939 -0.254601948 0.000000000
vn 0.980785280 -0.195090322 0.000000000
vn 0.990865897 -0.134850930 0.000000000
vn 0.997250185 -0.074108490 0.000000000
vn 0.999914328 -0.013089596 0.000000000
vn 0.998848386 0.047978129 -0.000000000
vn 0.994056338 0.108866875 -0.000000000
vn 0.985556059 0.169349504 -0.000000000
vn 0.973379258 0.229200391 -0.000000000
vn 0.957571361 0.288196268 -0.000000000
vn 0.938191336 0.346117057 -0.000000000
vn 0.915311479 0.402746690 -0.000000000
vn 0.889017141 0.457873915 -0.000000000
vn 0.859406412 0.511293086 -0.000000000
vn 0.859406411 0.511293086 -0.000000000
vn 0.826589749 0.562804928 -0.000000000
vn 0.790689574 0.612217280 -0.000000000
vn 0.751839807 0.659345815 -0.000000000
vn 0.710185376 0.704014724 -0.000000000
vn 0.665881666 0.746057375 -0.000000000
vn 0.956961849 0.290213749 -0.000000000
vn 0.991742826 -0.128242607 0.000000000
vn 0.000000000 1.000000000 -0.000000000
vn -0.991742826 -0.128242607 0.000000000
vn -0.956961849 0.290213749 0.000000000
vn -0.665881666 0.746057375 0.000000000
vn -0.710185376 0.704014724 0.000000000
vn -0.751839807 0.659345815 0.000000000
vn -0.790689574 0.612217280 0.000000000
vn -0.826589749 0.562804928 0.000000000
vn -0.859406411 0.511293086 0.000000000
vn -0.859406412 0.511293086 0.000000000
vn -0.889017141 0.457873915 0.000000000
vn -0.915311479 0.402746690 0.000000000
vn -0.938191336 0.346117057 0.000000000
vn -0.957571361 0.288196268 0.000000000
vn -0.973379258 0.229200391 0.000000000
vn -0.985556059 0.169349504 0.000000000
vn -0.994056338 0.108866875 0.000000000
vn -0.998848386 0.047978129 0.000000000
vn -0.906116376 -0.012138600 0.422854309
vn -0.906136739 -0.011861980 0.422818524
vn -0.906099482 -0.013983186 0.422833536
vn -0.906181074 -0.011862560 0.422723480
vn -0.903879458 -0.065504525 0.422742335
vn -0.903697458 -0.067156322 0.422872243
vn -0.903650402 -0.067800582 0.422869994
vn -0.903737835 -0.067159322 0.422785466
vn -0.903554690 -0.069457843 0.422805547
vn -0.903766672 -0.067161465 0.422723480
vn -0.898170971 -0.120745790 0.422740299
vn -0.897907499 -0.122199847 0.422882160
vn -0.897770946 -0.123205630 0.422880245
vn -0.897970541 -0.122208427 0.422745795
vn -0.897619473 -0.124673574 0.422771547
vn -0.897980855 -0.122209831 0.422723480
vn -0.889089572 -0.175533776 0.422738247
vn -0.888771085 -0.176787561 0.422885465
vn -0.888518340 -0.178054322 0.422885113
vn -0.888845208 -0.176802305 0.422723480
vn -0.877011905 -0.228323116 0.422751314
vn -0.876383744 -0.230732584 0.422745795
vn -0.876636756 -0.229749531 0.422756610
vn -0.876322217 -0.230716386 0.422882160
vn -0.875944306 -0.232143390 0.422884167
vn -0.876393811 -0.230735235 0.422723480
vn -0.861380972 -0.281612878 0.422749345
vn -0.860645649 -0.283798374 0.422785466
vn -0.860845142 -0.283183939 0.422791319
vn -0.860607196 -0.283785694 0.422872243
vn -0.860083500 -0.285361587 0.422877213
vn -0.860673110 -0.283807429 0.422723480
vn -0.842515276 -0.333845291 0.422747361
vn -0.841700570 -0.335804477 0.422818524
vn -0.841802230 -0.335546947 0.422820591
vn -0.841684452 -0.335798047 0.422855714
vn -0.840995323 -0.337509545 0.422864249
vn -0.841741752 -0.335820907 0.422723480
vn -0.820485647 -0.384824196 0.422745362
vn -0.819619095 -0.386557461 0.422844970
vn -0.819579952 -0.386641038 0.422844428
vn -0.819624326 -0.386559928 0.422832574
vn -0.818751249 -0.388391896 0.422845276
vn -0.819670358 -0.386581638 0.422723480
vn -0.795743023 -0.433675014 0.422751729
vn -0.794535919 -0.435897332 0.422736550
vn -0.795434920 -0.434234731 0.422757006
vn -0.794491876 -0.435873169 0.422844227
vn -0.795112379 -0.434733118 0.422851536
vn -0.794491581 -0.435873007 0.422844948
vn -0.795021175 -0.434900239 0.422851172
vn -0.794483457 -0.435868550 0.422864805
vn -0.794770437 -0.435342688 0.422867233
vn -0.794475756 -0.435864325 0.422883628
vn -0.794561354 -0.435708056 0.422883844
vn -0.794475070 -0.435863949 0.422885306
vn -0.794307333 -0.436169703 0.422885152
vn -0.794481020 -0.435867213 0.422870762
vn -0.794015010 -0.436712458 0.422873968
vn -0.794488172 -0.435871137 0.422853280
vn -0.793763318 -0.437182672 0.422860623
vn -0.794508813 -0.435882461 0.422802822
vn -0.793611836 -0.437499220 0.422817556
vn -0.794509090 -0.435882613 0.422802145
vn -0.793477034 -0.437742223 0.422819042
vn -0.794532277 -0.435895334 0.422745453
vn -0.793320370 -0.438072207 0.422771252
vn -0.794541264 -0.435900264 0.422723480
vn -0.767716650 -0.481552972 0.422750375
vn -0.766431601 -0.483582327 0.422765578
vn -0.767416325 -0.482002302 0.422783592
vn -0.766405881 -0.483566098 0.422830763
vn -0.767100644 -0.482455718 0.422839310
vn -0.766396265 -0.483560031 0.422855131
vn -0.766840434 -0.482851770 0.422859217
vn -0.766387229 -0.483554330 0.422878028
vn -0.766595417 -0.483223384 0.422878976
vn -0.766384791 -0.483552792 0.422884202
vn -0.766446757 -0.483454466 0.422884320
vn -0.766384293 -0.483552478 0.422885465
vn -0.766104939 -0.483995003 0.422885397
vn -0.766394865 -0.483559148 0.422858678
vn -0.765814517 -0.484473440 0.422863585
vn -0.766396197 -0.483559989 0.422855302
vn -0.765503608 -0.484964953 0.422863123
vn -0.766431254 -0.483582108 0.422766457
vn -0.765233675 -0.485456446 0.422787726
vn -0.766432152 -0.483582675 0.422764181
vn -0.765203130 -0.485505924 0.422786196
vn -0.766436325 -0.483585307 0.422753606
vn -0.765113213 -0.485654515 0.422778267
vn -0.766448209 -0.483592806 0.422723480
vn -0.736768453 -0.527689513 0.422748182
vn -0.735464872 -0.529458947 0.422805683
vn -0.736443361 -0.528086479 0.422818928
vn -0.735456971 -0.529453259 0.422826548
vn -0.736113489 -0.528533941 0.422834253
vn -0.735439174 -0.529440447 0.422873545
vn -0.735726985 -0.529039211 0.422875061
vn -0.735435413 -0.529437739 0.422883474
vn -0.735572900 -0.529246471 0.422883768
vn -0.735434972 -0.529437422 0.422884639
vn -0.735371609 -0.529525503 0.422884546
vn -0.735436141 -0.529438263 0.422881554
vn -0.735033280 -0.529996505 0.422882706
vn -0.735443397 -0.529443487 0.422862394
vn -0.734720605 -0.530441980 0.422867518
vn -0.735455063 -0.529451885 0.422831588
vn -0.734364800 -0.530953681 0.422843387
vn -0.735480041 -0.529469867 0.422765620
vn -0.734072246 -0.531401770 0.422788478
vn -0.735494917 -0.529480576 0.422726326
vn -0.733979282 -0.531556989 0.422754752
vn -0.735495994 -0.529481352 0.422723480
vn -0.703149152 -0.571721687 0.422747658
vn -0.701767380 -0.573367999 0.422814004
vn -0.702797347 -0.572096082 0.422826161
vn -0.701762827 -0.573364279 0.422826605
vn -0.702421603 -0.572551751 0.422833754
vn -0.701744062 -0.573348947 0.422878537
vn -0.702073891 -0.572944129 0.422879743
vn -0.701743836 -0.573348763 0.422879160
vn -0.701846599 -0.573222692 0.422879530
vn -0.701741856 -0.573347145 0.422884639
vn -0.701538192 -0.573596145 0.422884886
vn -0.701743403 -0.573348409 0.422880361
vn -0.701385827 -0.573784966 0.422881466
vn -0.701745491 -0.573350115 0.422874582
vn -0.701083686 -0.574157008 0.422877518
vn -0.701759170 -0.573361291 0.422836727
vn -0.700731170 -0.574609969 0.422846558
vn -0.701770533 -0.573370575 0.422805278
vn -0.700448895 -0.574972478 0.422821468
vn -0.701789440 -0.573386023 0.422752942
vn -0.700222128 -0.575280793 0.422777696
vn -0.701800083 -0.573394718 0.422723480
vn -0.667109995 -0.613389199 0.422750452
vn -0.665472294 -0.615156261 0.422764002
vn -0.666973286 -0.613513692 0.422785508
vn -0.665471453 -0.615155483 0.422766457
vn -0.666877281 -0.613617401 0.422786444
vn -0.665462428 -0.615147141 0.422792799
vn -0.666515763 -0.613996534 0.422806095
vn -0.665441979 -0.615128238 0.422852484
vn -0.666217445 -0.614284306 0.422858260
vn -0.665441223 -0.615127539 0.422854691
vn -0.665869851 -0.614661364 0.422857837
vn -0.665430841 -0.615117942 0.422884989
vn -0.665290488 -0.615269836 0.422884849
vn -0.665433226 -0.615120147 0.422878028
vn -0.664961198 -0.615629265 0.422879667
vn -0.665436470 -0.615123145 0.422868562
vn -0.664273346 -0.616375015 0.422874406
vn -0.665486174 -0.615169092 0.422723480
vn -0.628278960 -0.653107477 0.422748355
vn -0.626664139 -0.654621900 0.422802822
vn -0.626996155 -0.654301438 0.422806634
vn -0.626644139 -0.654601008 0.422864805
vn -0.625374633 -0.655809636 0.422871482
vn -0.626689734 -0.654648636 0.422723480
vn -0.587096075 -0.690364911 0.422746363
vn -0.585522604 -0.691647233 0.422832574
vn -0.585592853 -0.691587380 0.422833189
vn -0.585518866 -0.691642818 0.422844970
vn -0.584035819 -0.692889151 0.422855514
vn -0.585555488 -0.691686078 0.422723480
vn -0.543708352 -0.725029956 0.422744357
vn -0.542199972 -0.726093820 0.422855714
vn -0.541978502 -0.726259965 0.422854309
vn -0.542210355 -0.726107724 0.422818524
vn -0.540504808 -0.727369475 0.422833536
vn -0.542236884 -0.726143251 0.422723480
vn -0.498278717 -0.756972416 0.422742335
vn -0.496857464 -0.757833575 0.422872243
vn -0.496317692 -0.758188444 0.422869994
vn -0.496879664 -0.757867435 0.422785466
vn -0.494944632 -0.759121387 0.422805547
vn -0.496895518 -0.757891617 0.422723480
vn -0.450977768 -0.786072320 0.422740299
vn -0.449663795 -0.786748467 0.422882160
vn -0.448782725 -0.787252414 0.422880245
vn -0.449695366 -0.786803705 0.422745795
vn -0.447525917 -0.788025870 0.422771547
vn -0.449700531 -0.786812743 0.422723480
vn -0.401983131 -0.812220374 0.422738247
vn -0.400794554 -0.812730957 0.422885465
vn -0.399635703 -0.813301596 0.422885113
vn -0.400827980 -0.812798739 0.422723480
vn -0.352750114 -0.834774631 0.422751314
vn -0.350456154 -0.835743069 0.422745795
vn -0.351390086 -0.835345351 0.422756610
vn -0.350431550 -0.835684395 0.422882160
vn -0.349069374 -0.836253283 0.422884167
vn -0.350460179 -0.835752668 0.422723480
vn -0.300956994 -0.854814529 0.422749345
vn -0.298775487 -0.855561604 0.422785466
vn -0.299384395 -0.855345828 0.422791319
vn -0.298762139 -0.855523378 0.422872243
vn -0.297193092 -0.856067245 0.422877213
vn -0.298785021 -0.855588903 0.422723480
vn -0.248033527 -0.871644445 0.422747361
vn -0.245983238 -0.872190772 0.422818524
vn -0.246249437 -0.872114650 0.422820591
vn -0.245978528 -0.872174070 0.422855714
vn -0.244201190 -0.872669242 0.422864249
vn -0.245995273 -0.872233446 0.422723480
vn -0.194178454 -0.885201156 0.422745362
vn -0.192275839 -0.885568819 0.422844970
vn -0.192185704 -0.885588643 0.422844428
vn -0.192277066 -0.885574471 0.422832574
vn -0.190292172 -0.885997044 0.422845276
vn -0.192287865 -0.885624207 0.422723480
vn -0.139594019 -0.895433734 0.422743348
vn -0.137853114 -0.895646066 0.422864805
vn -0.137397180 -0.895717054 0.422862831
vn -0.137857514 -0.895674651 0.422802822
vn -0.135667976 -0.896000670 0.422820293
vn -0.137863145 -0.895711233 0.422723480
vn -0.084485203 -0.902303734 0.422741319
vn -0.082917542 -0.902385092 0.422878028
vn -0.082090580 -0.902461742 0.422875799
vn -0.082922305 -0.902436931 0.422766457
vn -0.080533219 -0.902642570 0.422789298
vn -0.082924139 -0.902456895 0.422723480
vn -0.029058962 -0.905785340 0.422739275
vn -0.027673498 -0.905760873 0.422884639
vn -0.026474566 -0.905797320 0.422883332
vn -0.027675794 -0.905836028 0.422723480
vn 0.026476558 -0.905865463 0.422737216
vn 0.027673498 -0.905760873 0.422884639
vn 0.029056776 -0.905717202 0.422885391
vn 0.027675794 -0.905836028 0.422723480
vn 0.080534834 -0.902660677 0.422750331
vn 0.082922305 -0.902436931 0.422766457
vn 0.082094856 -0.902508745 0.422774644
vn 0.082917542 -0.902385092 0.422878028
vn 0.084479108 -0.902238642 0.422881441
vn 0.082924139 -0.902456895 0.422723480
vn 0.135673001 -0.896033853 0.422748355
vn 0.137857514 -0.895674651 0.422802822
vn 0.137401156 -0.895742972 0.422806634
vn 0.137853114 -0.895646066 0.422864805
vn 0.139584810 -0.895374665 0.422871482
vn 0.137863145 -0.895711233 0.422723480
vn 0.190301863 -0.886042162 0.422746363
vn 0.192277066 -0.885574471 0.422832574
vn 0.192186816 -0.885593768 0.422833189
vn 0.192275839 -0.885568819 0.422844970
vn 0.194167443 -0.885150958 0.422855514
vn 0.192287865 -0.885624207 0.422723480
vn 0.244216264 -0.872723109 0.422744357
vn 0.245978528 -0.872174070 0.422855714
vn 0.246245162 -0.872099509 0.422854309
vn 0.245983238 -0.872190772 0.422818524
vn 0.248022523 -0.871605776 0.422833536
vn 0.245995273 -0.872233446 0.422723480
vn 0.297213731 -0.856126694 0.422742335
vn 0.298762139 -0.855523378 0.422872243
vn 0.299372268 -0.855311179 0.422869994
vn 0.298775487 -0.855561604 0.422785466
vn 0.300948287 -0.854789798 0.422805547
vn 0.298785021 -0.855588903 0.422723480
vn 0.349095231 -0.836315228 0.422740299
vn 0.350431550 -0.835684395 0.422882160
vn 0.351367719 -0.835292179 0.422880245
vn 0.350456154 -0.835743069 0.422745795
vn 0.352746440 -0.834765936 0.422771547
vn 0.350460179 -0.835752668 0.422723480
vn 0.399665922 -0.813363095 0.422738247
vn 0.400794554 -0.812730957 0.422885465
vn 0.401952737 -0.812158962 0.422885113
vn 0.400827980 -0.812798739 0.422723480
vn 0.447530578 -0.788034078 0.422751314
vn 0.449695366 -0.786803705 0.422745795
vn 0.448811294 -0.787302529 0.422756610
vn 0.449663795 -0.786748467 0.422882160
vn 0.450944365 -0.786014097 0.422884167
vn 0.449700531 -0.786812743 0.422723480
vn 0.494958952 -0.759143351 0.422749345
vn 0.496879664 -0.757867435 0.422785466
vn 0.496337797 -0.758219158 0.422791319
vn 0.496857464 -0.757833575 0.422872243
vn 0.498244117 -0.756919852 0.422877213
vn 0.496895518 -0.757891617 0.422723480
vn 0.540528788 -0.727401745 0.422747361
vn 0.542210355 -0.726107724 0.422818524
vn 0.541987911 -0.726272574 0.422820591
vn 0.542199972 -0.726093820 0.422855714
vn 0.543674792 -0.724985205 0.422864249
vn 0.542236884 -0.726143251 0.422723480
vn 0.584068941 -0.692928446 0.422745362
vn 0.585518866 -0.691642818 0.422844970
vn 0.585589464 -0.691583378 0.422844428
vn 0.585522604 -0.691647233 0.422832574
vn 0.587066180 -0.690329757 0.422845276
vn 0.585555488 -0.691686078 0.422723480
vn 0.625415890 -0.655852900 0.422743348
vn 0.626644139 -0.654601008 0.422864805
vn 0.626978013 -0.654282506 0.422862831
vn 0.626664139 -0.654621900 0.422802822
vn 0.628255693 -0.653083290 0.422820293
vn 0.626689734 -0.654648636 0.422723480
vn 0.664318334 -0.616416759 0.422742865
vn 0.665436470 -0.615123145 0.422868562
vn 0.664964137 -0.615631986 0.422871085
vn 0.665433226 -0.615120147 0.422878028
vn 0.665292650 -0.615271836 0.422878537
vn 0.665430841 -0.615117942 0.422884989
vn 0.665860432 -0.614652669 0.422885306
vn 0.665441223 -0.615127539 0.422854691
vn 0.666216759 -0.614283673 0.422860260
vn 0.665441979 -0.615128238 0.422852484
vn 0.666497193 -0.613979426 0.422860208
vn 0.665462428 -0.615147141 0.422792799
vn 0.666869081 -0.613609856 0.422810328
vn 0.665471453 -0.615155483 0.422766457
vn 0.666972522 -0.613512989 0.422787733
vn 0.665472294 -0.615156261 0.422764002
vn 0.667097378 -0.613377598 0.422787194
vn 0.665486174 -0.615169092 0.422723480
vn 0.700231757 -0.575288704 0.422750983
vn 0.701789440 -0.573386023 0.422752942
vn 0.700466007 -0.574986525 0.422774016
vn 0.701770533 -0.573370575 0.422805278
vn 0.700741457 -0.574618405 0.422818045
vn 0.701759170 -0.573361291 0.422836727
vn 0.701096076 -0.574167156 0.422843197
vn 0.701745491 -0.573350115 0.422874582
vn 0.701387719 -0.573786514 0.422876227
vn 0.701743403 -0.573348409 0.422880361
vn 0.701539594 -0.573597291 0.422881007
vn 0.701741856 -0.573347145 0.422884639
vn 0.701844804 -0.573221226 0.422884497
vn 0.701743836 -0.573348763 0.422879160
vn 0.702073686 -0.572943962 0.422880308
vn 0.701744062 -0.573348947 0.422878537
vn 0.702404573 -0.572537870 0.422880838
vn 0.701762827 -0.573364279 0.422826605
vn 0.702793212 -0.572092717 0.422837586
vn 0.701767380 -0.573367999 0.422814004
vn 0.703119442 -0.571697530 0.422829735
vn 0.701800083 -0.573394718 0.422723480
vn 0.733980257 -0.531557695 0.422752172
vn 0.735494917 -0.529480576 0.422726326
vn 0.734085709 -0.531411516 0.422752850
vn 0.735480041 -0.529469867 0.422765620
vn 0.734387414 -0.530970031 0.422783576
vn 0.735455063 -0.529451885 0.422831588
vn 0.734731172 -0.530449609 0.422839588
vn 0.735443397 -0.529443487 0.422862394
vn 0.735039855 -0.530001246 0.422865335
vn 0.735436141 -0.529438263 0.422881554
vn 0.735372668 -0.529526266 0.422881749
vn 0.735434972 -0.529437422 0.422884639
vn 0.735572500 -0.529246183 0.422884824
vn 0.735435413 -0.529437739 0.422883474
vn 0.735723574 -0.529036758 0.422884064
vn 0.735439174 -0.529440447 0.422873545
vn 0.736097338 -0.528522345 0.422876862
vn 0.735456971 -0.529453259 0.422826548
vn 0.736436188 -0.528081335 0.422837846
vn 0.735464872 -0.529458947 0.422805683
vn 0.736740184 -0.527669266 0.422822714
vn 0.735495995 -0.529481352 0.422723480
vn 0.765123971 -0.485661344 0.422750952
vn 0.766436325 -0.483585307 0.422753606
vn 0.765206908 -0.485508320 0.422776607
vn 0.766432152 -0.483582675 0.422764181
vn 0.765234488 -0.485456962 0.422785662
vn 0.766431254 -0.483582108 0.422766457
vn 0.765535357 -0.484985066 0.422782571
vn 0.766396197 -0.483559989 0.422855302
vn 0.765815725 -0.484474203 0.422860524
vn 0.766394865 -0.483559148 0.422858678
vn 0.766114520 -0.484001056 0.422861111
vn 0.766384293 -0.483552478 0.422885465
vn 0.766446306 -0.483454181 0.422885464
vn 0.766384791 -0.483552792 0.422884202
vn 0.766593207 -0.483221991 0.422884574
vn 0.766387229 -0.483554330 0.422878028
vn 0.766832236 -0.482846608 0.422879977
vn 0.766396265 -0.483560031 0.422855131
vn 0.767091918 -0.482450229 0.422861402
vn 0.766405881 -0.483566098 0.422830763
vn 0.767392973 -0.481987636 0.422842693
vn 0.766431601 -0.483582327 0.422765578
vn 0.767701566 -0.481543510 0.422788545
vn 0.766448209 -0.483592806 0.422723480
vn 0.793328506 -0.438076700 0.422751329
vn 0.794532277 -0.435895334 0.422745453
vn 0.793498032 -0.437753807 0.422767641
vn 0.794509090 -0.435882613 0.422802145
vn 0.793612087 -0.437499358 0.422816943
vn 0.794508813 -0.435882461 0.422802822
vn 0.793782015 -0.437192970 0.422814875
vn 0.794488172 -0.435871137 0.422853280
vn 0.794021490 -0.436716022 0.422858119
vn 0.794481020 -0.435867213 0.422870762
vn 0.794312726 -0.436172665 0.422871966
vn 0.794475070 -0.435863949 0.422885306
vn 0.794560731 -0.435707715 0.422885364
vn 0.794475756 -0.435864325 0.422883628
vn 0.794763452 -0.435338862 0.422884299
vn 0.794483457 -0.435868550 0.422864805
vn 0.795013805 -0.434896207 0.422869175
vn 0.794491581 -0.435873007 0.422844948
vn 0.795112111 -0.434732972 0.422852190
vn 0.794491876 -0.435873169 0.422844227
vn 0.795394941 -0.434212906 0.422854633
vn 0.794535919 -0.435897332 0.422736550
vn 0.795738169 -0.433672368 0.422763579
vn 0.794541264 -0.435900264 0.422723480
vn 0.818792943 -0.388411674 0.422746363
vn 0.819624326 -0.386559928 0.422832574
vn 0.819584695 -0.386643275 0.422833189
vn 0.819619095 -0.386557461 0.422844970
vn 0.820439119 -0.384802373 0.422855514
vn 0.819670358 -0.386581638 0.422723480
vn 0.841047236 -0.337530378 0.422744357
vn 0.841684452 -0.335798047 0.422855714
vn 0.841787615 -0.335541121 0.422854309
vn 0.841700570 -0.335804477 0.422818524
vn 0.842477900 -0.333830481 0.422833536
vn 0.841741752 -0.335820907 0.422723480
vn 0.860143228 -0.285381404 0.422742335
vn 0.860607196 -0.283785694 0.422872243
vn 0.860810271 -0.283172467 0.422869994
vn 0.860645649 -0.283798374 0.422785466
vn 0.861356050 -0.281604730 0.422805547
vn 0.860673110 -0.283807429 0.422723480
vn 0.876009191 -0.232160586 0.422740299
vn 0.876322217 -0.230716386 0.422882160
vn 0.876580955 -0.229734907 0.422880245
vn 0.876383744 -0.230732584 0.422745795
vn 0.877002771 -0.228320738 0.422771547
vn 0.876393811 -0.230735235 0.422723480
vn 0.888585526 -0.178067786 0.422738247
vn 0.888771085 -0.176787561 0.422885465
vn 0.889022347 -0.175520504 0.422885113
vn 0.888845208 -0.176802305 0.422723480
vn 0.897628822 -0.124674872 0.422751314
vn 0.897970541 -0.122208427 0.422745795
vn 0.897828095 -0.123213473 0.422756610
vn 0.897907499 -0.122199847 0.422882160
vn 0.898104445 -0.120736847 0.422884167
vn 0.897980855 -0.122209831 0.422723480
vn 0.903580832 -0.069459853 0.422749345
vn 0.903737835 -0.067159322 0.422785466
vn 0.903687009 -0.067803329 0.422791319
vn 0.903697458 -0.067156322 0.422872243
vn 0.903816694 -0.065499976 0.422877213
vn 0.903766672 -0.067161465 0.422723480
vn 0.906139681 -0.013983806 0.422747361
vn 0.906136739 -0.011861980 0.422818524
vn 0.906132108 -0.012138810 0.422820591
vn 0.906119387 -0.011861753 0.422855714
vn 0.906137677 -0.010016817 0.422864249
vn 0.906181074 -0.011862560 0.422723480
vn 0.905295740 0.041544934 0.422745362
vn 0.905158442 0.043477878 0.422844970
vn 0.905154262 0.043570072 0.422844428
vn 0.905164220 0.043478155 0.422832574
vn 0.905058665 0.045504785 0.422845276
vn 0.905215056 0.043480597 0.422723480
vn 0.901052160 0.096917836 0.422743348
vn 0.900806678 0.098654376 0.422864805
vn 0.900757243 0.099113148 0.422862831
vn 0.900835427 0.098657525 0.422802822
vn 0.900583643 0.100856836 0.422820293
vn 0.900872220 0.098661554 0.422723480
vn 0.893424859 0.151926951 0.422741319
vn 0.893097705 0.153462253 0.422878028
vn 0.892957709 0.154280875 0.422875799
vn 0.893149010 0.153471069 0.422766457
vn 0.892729301 0.155831972 0.422789298
vn 0.893168768 0.153474464 0.422723480
vn 0.882442466 0.206365695 0.422739275
vn 0.882060248 0.207697618 0.422884639
vn 0.881785147 0.208865130 0.422883332
vn 0.882133437 0.207714852 0.422723480
vn 0.868146209 0.260029625 0.422737216
vn 0.867735392 0.261158710 0.422884639
vn 0.867335190 0.262483551 0.422885391
vn 0.867807392 0.261180380 0.422723480
vn 0.851059312 0.311416451 0.422750331
vn 0.850225266 0.313664661 0.422766457
vn 0.850508793 0.312883993 0.422774644
vn 0.850176427 0.313646643 0.422878028
vn 0.849630804 0.315117096 0.422881441
vn 0.850244075 0.313671600 0.422723480
vn 0.830387483 0.362960681 0.422748355
vn 0.829475127 0.364977791 0.422802822
vn 0.829659235 0.364554666 0.422806634
vn 0.829448655 0.364966143 0.422864805
vn 0.828738306 0.366568589 0.422871482
vn 0.829509005 0.364992698 0.422723480
vn 0.806597261 0.413142070 0.422746363
vn 0.805634286 0.414928923 0.422832574
vn 0.805676284 0.414846742 0.422833189
vn 0.805629144 0.414926274 0.422844970
vn 0.804735938 0.416645273 0.422855514
vn 0.805679533 0.414952226 0.422723480
vn 0.779777970 0.461772158 0.422744357
vn 0.778791532 0.463332273 0.422855714
vn 0.778993115 0.462991490 0.422857667
vn 0.778780570 0.463325751 0.422883049
vn 0.778336629 0.464070151 0.422884129
vn 0.778799157 0.463336809 0.422836700
vn 0.778025360 0.464626624 0.422845881
vn 0.778804224 0.463339824 0.422824064
vn 0.777967298 0.464733536 0.422835220
vn 0.778806445 0.463341145 0.422818524
vn 0.777723902 0.465142392 0.422833403
vn 0.778842551 0.463362626 0.422728469
vn 0.777526998 0.465541375 0.422756426
vn 0.778842851 0.463362804 0.422727720
vn 0.777516912 0.465558645 0.422755957
vn 0.778844551 0.463363815 0.422723480
vn 0.750281775 0.508293234 0.422747260
vn 0.749066938 0.510021524 0.422820018
vn 0.749934560 0.508735746 0.422831049
vn 0.749061648 0.510017922 0.422833734
vn 0.749677060 0.509107067 0.422840750
vn 0.749046795 0.510007809 0.422872243
vn 0.749432595 0.509438900 0.422874441
vn 0.749045484 0.510006917 0.422875641
vn 0.749303115 0.509627268 0.422876919
vn 0.749042434 0.510004840 0.422883548
vn 0.749011745 0.510049968 0.422883478
vn 0.749043120 0.510005307 0.422881770
vn 0.748675104 0.510544511 0.422882834
vn 0.749049533 0.510009674 0.422865143
vn 0.748386218 0.510978737 0.422869720
vn 0.749060923 0.510017429 0.422835613
vn 0.748081012 0.511444887 0.422846221
vn 0.749080263 0.510030597 0.422785466
vn 0.747902516 0.511741046 0.422803652
vn 0.749083941 0.510033102 0.422775926
vn 0.747775637 0.511931925 0.422796997
vn 0.749099681 0.510043818 0.422735109
vn 0.747659587 0.512130012 0.422762336
vn 0.749104164 0.510046871 0.422723480
vn 0.717906776 0.553076656 0.422748239
vn 0.716539345 0.554804038 0.422804738
vn 0.717585104 0.553440415 0.422818313
vn 0.716532864 0.554799021 0.422822305
vn 0.717207001 0.553921289 0.422830134
vn 0.716512783 0.554783472 0.422876733
vn 0.716862150 0.554330831 0.422878218
vn 0.716512205 0.554783024 0.422878299
vn 0.716791114 0.554421797 0.422879379
vn 0.716510780 0.554781922 0.422882160
vn 0.716462215 0.554844742 0.422882026
vn 0.716512055 0.554782909 0.422878704
vn 0.716158265 0.555238538 0.422880013
vn 0.716513065 0.554783690 0.422875969
vn 0.715831121 0.555661119 0.422878857
vn 0.716532388 0.554798652 0.422823596
vn 0.715472208 0.556156202 0.422835428
vn 0.716540156 0.554804666 0.422802540
vn 0.715232173 0.556477062 0.422819367
vn 0.716561087 0.554820873 0.422745795
vn 0.715024480 0.556780219 0.422771547
vn 0.716569318 0.554827246 0.422723480
vn 0.683026240 0.595613964 0.422751891
vn 0.681358091 0.597535008 0.422732854
vn 0.682866185 0.595793190 0.422757907
vn 0.681342172 0.597521048 0.422778242
vn 0.682507637 0.596177934 0.422794508
vn 0.681322579 0.597503866 0.422834097
vn 0.682094418 0.596617320 0.422841553
vn 0.681311388 0.597494051 0.422865996
vn 0.681742810 0.596999929 0.422868567
vn 0.681306030 0.597489353 0.422881268
vn 0.681443028 0.597332830 0.422881651
vn 0.681304558 0.597488061 0.422885465
vn 0.681206840 0.597599471 0.422885461
vn 0.681305305 0.597488717 0.422883335
vn 0.681007651 0.597827558 0.422883897
vn 0.681307679 0.597490798 0.422876569
vn 0.680622011 0.598269898 0.422879188
vn 0.681322953 0.597504194 0.422833031
vn 0.680304762 0.598656347 0.422842770
vn 0.681326496 0.597507301 0.422822931
vn 0.679940523 0.599073929 0.422837218
vn 0.681361197 0.597537732 0.422723997
vn 0.679647253 0.599466207 0.422752740
vn 0.681361378 0.597537892 0.422723480
vn 0.645404266 0.636187079 0.422752094
vn 0.643610140 0.638017947 0.422728147
vn 0.645338556 0.636251563 0.422755362
vn 0.643604294 0.638012152 0.422745795
vn 0.645018285 0.636568587 0.422766894
vn 0.643579729 0.637987800 0.422819937
vn 0.644654074 0.636894966 0.422830849
vn 0.643574269 0.637982388 0.422836415
vn 0.644330096 0.637214589 0.422843109
vn 0.643562332 0.637970554 0.422872436
vn 0.643935321 0.637592947 0.422874138
vn 0.643558881 0.637967134 0.422882847
vn 0.643625386 0.637899948 0.422882986
vn 0.643558170 0.637966429 0.422884993
vn 0.643379027 0.638146994 0.422885140
vn 0.643559109 0.637967360 0.422882160
vn 0.643172057 0.638357002 0.422883014
vn 0.643562288 0.637970511 0.422872567
vn 0.642963285 0.638572441 0.422875219
vn 0.643565565 0.637973759 0.422862680
vn 0.642607192 0.638935395 0.422868251
vn 0.643582535 0.637990582 0.422811467
vn 0.642051778 0.639520396 0.422827598
vn 0.643611686 0.638019480 0.422723480
vn 0.605326296 0.674433968 0.422751579
vn 0.603455959 0.676115279 0.422739914
vn 0.605116913 0.674614247 0.422763692
vn 0.603441809 0.676099426 0.422785466
vn 0.603921792 0.675667056 0.422791319
vn 0.603414848 0.676069218 0.422872243
vn 0.602173367 0.677172134 0.422877213
vn 0.603461063 0.676120998 0.422723480
vn 0.875308969 0.308098549 0.372705639
vn 0.892160554 0.270561737 0.361726267
vn 0.876008055 0.308580237 0.370659042
vn 0.894757567 0.271349321 0.354652566
vn 0.878391592 0.309555062 0.364148150
vn 0.897436507 0.272161752 0.347182513
vn 0.880976120 0.310323460 0.357184024
vn 0.900187688 0.272996091 0.339315871
vn 0.883753777 0.310885003 0.349756738
vn 0.903000868 0.273849232 0.331052910
vn 0.886714412 0.311241003 0.341857559
vn 0.905865261 0.274717905 0.322394480
vn 0.889845501 0.311394577 0.333479237
vn 0.908769555 0.275598677 0.313342090
vn 0.893132126 0.311350701 0.324616308
vn 0.911701934 0.276487968 0.303897989
vn 0.896556980 0.311116242 0.315265389
vn 0.914650114 0.277382050 0.294065243
vn 0.900100440 0.310699983 0.305425472
vn 0.917601378 0.278277067 0.283847821
vn 0.903740683 0.310112612 0.295098198
vn 0.920542621 0.279169045 0.273250668
vn 0.907453867 0.309366696 0.284288103
vn 0.923460407 0.280053910 0.262279782
vn 0.910888591 0.309198675 0.273273039
vn 0.924229855 0.280287257 0.259303352
vn 0.988848100 -0.116350081 0.092962867
vn 0.988809905 -0.127863350 0.076850091
vn 0.989525163 -0.119799739 0.080547969
vn 0.989843545 -0.127997010 0.061858880
vn 0.990322805 -0.123074636 0.064135602
vn 0.990658033 -0.128102332 0.046759539
vn 0.990998265 -0.124872181 0.048263619
vn 0.990927677 -0.128137200 0.040536358
vn 0.005762348 0.909683513 0.415262208
vn 0.000000000 0.909282892 0.416178595
vn 0.005088673 0.909095720 0.416556211
vn -0.000000000 0.908340877 0.418230619
vn 0.004210023 0.908211208 0.418490952
vn -0.000000000 0.907566772 0.419907793
vn 0.003303547 0.907485118 0.420071240
vn -0.000000000 0.906962603 0.421211154
vn 0.002375274 0.906918534 0.421299336
vn -0.000000000 0.906529939 0.422141528
vn 0.001431379 0.906512291 0.422176998
vn -0.000000000 0.906269895 0.422699511
vn 0.000478142 0.906266995 0.422705459
vn -0.000000000 0.906183140 0.422885465
vn -0.000478098 0.906183036 0.422885417
vn -0.001430981 0.906260597 0.422717024
vn -0.002374177 0.906499652 0.422199888
vn -0.003301417 0.906899962 0.421333074
vn -0.004206546 0.907461070 0.420115117
vn -0.005083560 0.908182277 0.418544036
vn -0.005758458 0.909069319 0.416605105
vn -0.000000000 0.909915915 0.414792753
vn -0.991277203 -0.124907329 0.042043623
vn -0.990658033 -0.128102332 0.046759539
vn -0.991171361 -0.123180093 0.049050975
vn -0.989843545 -0.127997010 0.061858880
vn -0.990613304 -0.119931478 0.065587516
vn -0.988809905 -0.127863350 0.076850091
vn -0.989798081 -0.116461858 0.082075545
vn -0.987915002 -0.127747630 0.087775230
vn -0.911658425 0.309459993 0.270394950
vn -0.923460407 0.280053910 0.262279782
vn -0.910363667 0.310358697 0.273706912
vn -0.920542621 0.279169045 0.273250668
vn -0.906657996 0.311113668 0.284920276
vn -0.917601378 0.278277067 0.283847821
vn -0.903010946 0.311704642 0.295654271
vn -0.914650114 0.277382050 0.294065243
vn -0.899447089 0.312119146 0.305902882
vn -0.911701934 0.276487968 0.303897989
vn -0.895989042 0.312346638 0.315663136
vn -0.908769555 0.275598677 0.313342090
vn -0.892657263 0.312378532 0.324934862
vn -0.905865261 0.274717905 0.322394480
vn -0.889469912 0.312208196 0.333720420
vn -0.903000868 0.273849232 0.331052910
vn -0.886442767 0.311830930 0.342024402
vn -0.900187688 0.272996091 0.339315871
vn -0.883589198 0.311243916 0.349853333
vn -0.897436507 0.272161752 0.347182513
vn -0.880920180 0.310446165 0.357215363
vn -0.894757567 0.271349321 0.354652566
vn -0.878444363 0.309438445 0.364119966
vn -0.892160554 0.270561737 0.361726267
vn -0.876099332 0.308376747 0.370612658
vn -0.891314683 0.270305213 0.363996192
vn -0.602215184 0.677219159 0.422742335
vn -0.603414848 0.676069218 0.422872243
vn -0.603897328 0.675639686 0.422869994
vn -0.603441809 0.676099426 0.422785466
vn -0.605104047 0.674599903 0.422804994
vn -0.603455959 0.676115279 0.422739914
vn -0.605321653 0.674428795 0.422766480
vn -0.603461063 0.676120998 0.422723480
vn -0.642078147 0.639546662 0.422747821
vn -0.643582535 0.637990582 0.422811467
vn -0.642622556 0.638950671 0.422821818
vn -0.643565565 0.637973759 0.422862680
vn -0.642966253 0.638575389 0.422866256
vn -0.643562288 0.637970511 0.422872567
vn -0.643174938 0.638359861 0.422874317
vn -0.643559109 0.637967360 0.422882160
vn -0.643379878 0.638147838 0.422882571
vn -0.643558170 0.637966429 0.422884993
vn -0.643624741 0.637899309 0.422884932
vn -0.643558881 0.637967134 0.422882847
vn -0.643932191 0.637589847 0.422883577
vn -0.643562332 0.637970554 0.422872436
vn -0.644319260 0.637203873 0.422875767
vn -0.643574269 0.637982388 0.422836415
vn -0.644649115 0.636890067 0.422845789
vn -0.643579729 0.637987800 0.422819937
vn -0.644995962 0.636546557 0.422834116
vn -0.643604294 0.638012152 0.422745795
vn -0.645333241 0.636246323 0.422771363
vn -0.643610140 0.638017947 0.422728147
vn -0.645402861 0.636185694 0.422756326
vn -0.643611686 0.638019480 0.422723480
vn -0.679647417 0.599466352 0.422752271
vn -0.681361197 0.597537732 0.422723997
vn -0.679971923 0.599101595 0.422747517
vn -0.681326496 0.597507301 0.422822931
vn -0.680307970 0.598659170 0.422833613
vn -0.681322953 0.597504194 0.422833031
vn -0.680635845 0.598282059 0.422839715
vn -0.681307679 0.597490798 0.422876569
vn -0.681009802 0.597829447 0.422877763
vn -0.681305305 0.597488717 0.422883335
vn -0.681207518 0.597600065 0.422883529
vn -0.681304558 0.597488061 0.422885465
vn -0.681441692 0.597331659 0.422885456
vn -0.681306030 0.597489353 0.422881268
vn -0.681737949 0.596995673 0.422882413
vn -0.681311388 0.597494051 0.422865996
vn -0.682084260 0.596608435 0.422870474
vn -0.681322579 0.597503866 0.422834097
vn -0.682489842 0.596162390 0.422845149
vn -0.681342172 0.597521048 0.422778242
vn -0.682851719 0.595780568 0.422799059
vn -0.681358091 0.597535008 0.422732854
vn -0.683023252 0.595611358 0.422760390
vn -0.681361378 0.597537892 0.422723480
vn -0.715031927 0.556786018 0.422751314
vn -0.716561087 0.554820873 0.422745795
vn -0.715251118 0.556491802 0.422767918
vn -0.716540156 0.554804666 0.422802540
vn -0.715479240 0.556161668 0.422816338
vn -0.716532388 0.554798652 0.422823596
vn -0.715848623 0.555674705 0.422831373
vn -0.716513065 0.554783690 0.422875969
vn -0.716159179 0.555239247 0.422877533
vn -0.716512055 0.554782909 0.422878704
vn -0.716463371 0.554845637 0.422878893
vn -0.716510780 0.554781922 0.422882160
vn -0.716789823 0.554420798 0.422882879
vn -0.716512205 0.554783024 0.422878299
vn -0.716861626 0.554330426 0.422879638
vn -0.716512783 0.554783472 0.422876733
vn -0.717188777 0.553907214 0.422879482
vn -0.716532864 0.554799021 0.422822305
vn -0.717579219 0.553435877 0.422834240
vn -0.716539345 0.554804038 0.422804738
vn -0.717879547 0.553055679 0.422821915
vn -0.716569318 0.554827246 0.422723480
vn -0.747663645 0.512132792 0.422751792
vn -0.749099681 0.510043818 0.422735109
vn -0.747789884 0.511941678 0.422759988
vn -0.749083941 0.510033102 0.422775926
vn -0.747905846 0.511743325 0.422795003
vn -0.749080263 0.510030597 0.422785466
vn -0.748098524 0.511456860 0.422800755
vn -0.749060923 0.510017429 0.422835613
vn -0.748396535 0.510985781 0.422842946
vn -0.749049533 0.510009674 0.422865143
vn -0.748680916 0.510548474 0.422867759
vn -0.749043120 0.510005307 0.422881770
vn -0.749012367 0.510050392 0.422881866
vn -0.749042434 0.510004840 0.422883548
vn -0.749300349 0.509625387 0.422884088
vn -0.749045484 0.510006917 0.422875641
vn -0.749431406 0.509438091 0.422877522
vn -0.749046795 0.510007809 0.422872243
vn -0.749663583 0.509097914 0.422875663
vn -0.749061648 0.510017922 0.422833734
vn -0.749929758 0.508732488 0.422843485
vn -0.749066938 0.510021524 0.422820018
vn -0.750247968 0.508270330 0.422834789
vn -0.749104164 0.510046871 0.422723480
vn -0.777518451 0.465559566 0.422752112
vn -0.778842851 0.463362804 0.422727720
vn -0.777527269 0.465541537 0.422755748
vn -0.778842551 0.463362626 0.422728469
vn -0.777756595 0.465161945 0.422751752
vn -0.778806445 0.463341145 0.422818524
vn -0.777969310 0.464734738 0.422830198
vn -0.778804224 0.463339824 0.422824064
vn -0.778029950 0.464629365 0.422834425
vn -0.778799157 0.463336809 0.422836700
vn -0.778353472 0.464080193 0.422842107
vn -0.778780570 0.463325751 0.422883049
vn -0.778983174 0.462985581 0.422882449
vn -0.778791532 0.463332273 0.422855714
vn -0.779729839 0.461743656 0.422864249
vn -0.778844551 0.463363815 0.422723480
vn -0.804781576 0.416668902 0.422745362
vn -0.805629144 0.414926274 0.422844970
vn -0.805671621 0.414844342 0.422844428
vn -0.805634286 0.414928923 0.422832574
vn -0.806556188 0.413121033 0.422845276
vn -0.805679533 0.414952226 0.422723480
vn -0.828792979 0.366592772 0.422743348
vn -0.829448655 0.364966143 0.422864805
vn -0.829635229 0.364544117 0.422862831
vn -0.829475127 0.364977791 0.422802822
vn -0.830356731 0.362947240 0.422820293
vn -0.829509005 0.364992698 0.422723480
vn -0.849692100 0.315139830 0.422741319
vn -0.850176427 0.313646643 0.422878028
vn -0.850464498 0.312867698 0.422875799
vn -0.850225266 0.313664661 0.422766457
vn -0.851042240 0.311410204 0.422789298
vn -0.850244075 0.313671600 0.422723480
vn -0.867400440 0.262503298 0.422739275
vn -0.867735392 0.261158710 0.422884639
vn -0.868080903 0.260010065 0.422883332
vn -0.867807392 0.261180380 0.422723480
vn -0.881851484 0.208880843 0.422737216
vn -0.882060248 0.207697618 0.422884639
vn -0.882376084 0.206350171 0.422885391
vn -0.882133437 0.207714852 0.422723480
vn -0.892747209 0.155835098 0.422750331
vn -0.893149010 0.153471069 0.422766457
vn -0.893004218 0.154288910 0.422774644
vn -0.893097705 0.153462253 0.422878028
vn -0.893360408 0.151915991 0.422881441
vn -0.893168768 0.153474464 0.422723480
vn -0.900616996 0.100860571 0.422748355
vn -0.900835427 0.098657525 0.422802822
vn -0.900783307 0.099116016 0.422806634
vn -0.900806678 0.098654376 0.422864805
vn -0.900992720 0.096911443 0.422871482
vn -0.900872220 0.098661554 0.422723480
vn -0.905104754 0.045507102 0.422746363
vn -0.905164220 0.043478155 0.422832574
vn -0.905159500 0.043570325 0.422833189
vn -0.905158442 0.043477878 0.422844970
vn -0.905244403 0.041542578 0.422855514
vn -0.905215056 0.043480597 0.422723480
vn -0.906193611 -0.010017435 0.422744357
vn -0.906119387 -0.011861753 0.422855714
vn 0.000000000 0.000000000 1.000000000
vn 0.707106781 0.000000000 0.707106781
vn 0.699778205 0.027494361 0.713830879
vn 0.714338276 -0.000000000 0.699800563
vn 0.706834047 0.027771586 0.706834047
vn 0.706834047 0.027771585 0.706834047
vn 0.690456362 0.081720896 0.718743145
vn 0.711258366 0.027945417 0.702374965
vn 0.694781678 0.082232831 0.714504151
vn 0.719115323 0.028254118 0.694316108
vn 0.702476180 0.083143535 0.706834047
vn 0.683969617 0.136050016 0.716711906
vn 0.712590362 0.084340627 0.696492379
vn 0.693787314 0.138002877 0.706834047
vn 0.673098488 0.189833407 0.714773882
vn 0.701723650 0.139581512 0.698642198
vn 0.680737275 0.191987768 0.706921112
vn 0.701810573 0.139598803 0.698551425
vn 0.680821018 0.192011385 0.706834047
vn 0.657915136 0.242717708 0.712906577
vn 0.682828227 0.192577477 0.704740752
vn 0.659829440 0.243423932 0.710893733
vn 0.686839278 0.193708710 0.700520336
vn 0.663657234 0.244836080 0.706834047
vn 0.638515966 0.294359892 0.711090441
vn 0.667767610 0.246352478 0.702422149
vn 0.642401783 0.296151278 0.706834047
vn 0.615021335 0.344428497 0.709307950
vn 0.644713745 0.297217107 0.704277061
vn 0.617185711 0.345640606 0.706834047
vn 0.587574985 0.392605053 0.707542867
vn 0.617822073 0.345996986 0.706103372
vn 0.588164484 0.392998944 0.706834047
vn 0.555517028 0.437934313 0.706834047
vn 0.519444624 0.480169671 0.706834047
vn 0.480169671 0.519444624 0.706834047
vn 0.437934313 0.555517028 0.706834047
vn 0.392998944 0.588164484 0.706834047
vn 0.350679896 0.626184012 0.696359960
vn 0.392849122 0.587940259 0.707103825
vn 0.345640606 0.617185711 0.706834047
vn 0.296274571 0.642669226 0.706539203
vn 0.339660905 0.606508187 0.718872930
vn 0.249914258 0.677422238 0.691839559
vn 0.296022424 0.642122277 0.707141927
vn 0.246904523 0.669263995 0.700802299
vn 0.292425768 0.634320527 0.715628842
vn 0.245732368 0.666086729 0.704232968
vn 0.291027760 0.631288012 0.718872930
vn 0.195993919 0.694942018 0.691839559
vn 0.243891298 0.661096290 0.709555304
vn 0.193385102 0.685691848 0.701732778
vn 0.240600332 0.652175736 0.718872930
vn 0.140865213 0.708177249 0.691839559
vn 0.190550075 0.675639604 0.712181013
vn 0.139516117 0.701394884 0.698985315
vn 0.188689523 0.669042581 0.718872930
vn 0.085948859 0.726178243 0.682112860
vn 0.186838814 0.662480462 0.725403953
vn 0.084868026 0.717046332 0.691839559
vn 0.136377236 0.685614664 0.715076068
vn 0.084830757 0.716731451 0.692170333
vn 0.136315755 0.685305576 0.715384010
vn 0.084405832 0.713141274 0.695920382
vn 0.135615380 0.681784555 0.718872930
vn 0.028347599 0.721494586 0.691839559
vn 0.081772793 0.690894837 0.718315762
vn 0.028324883 0.720916414 0.692442939
vn 0.081705123 0.690323101 0.718872930
vn 0.000000000 0.714409629 0.699727720
vn 0.027478761 0.699381166 0.714220486
vn -0.000000000 0.709187299 0.705020123
vn 0.027278998 0.694296873 0.719171543
vn 0.000000000 0.707106781 0.707106781
vn -0.027199519 0.692273997 0.721121972
vn -0.027278998 0.694296873 0.719171543
vn -0.079158229 0.668804496 0.739212094
vn -0.000000000 0.735811364 0.677186559
vn -0.081705123 0.690323101 0.718872930
vn -0.028347599 0.721494586 0.691839559
vn -0.131203176 0.659602910 0.740074137
vn -0.029209721 0.743437053 0.668167749
vn -0.135615380 0.681784555 0.718872930
vn -0.084830757 0.716731451 0.692170333
vn -0.136315755 0.685305576 0.715384010
vn -0.084868026 0.717046332 0.691839559
vn -0.184290567 0.653445060 0.734197889
vn -0.085948859 0.726178243 0.682112860
vn -0.186838814 0.662480462 0.725403953
vn -0.086729528 0.732774085 0.674922314
vn -0.188689523 0.669042581 0.718872930
vn -0.140865213 0.708177249 0.691839559
vn -0.236967421 0.642328301 0.728876393
vn -0.142878367 0.718298056 0.680906510
vn -0.240600332 0.652175736 0.718872930
vn -0.195993919 0.694942018 0.691839559
vn -0.288794794 0.626444334 0.723992447
vn -0.197425254 0.700017147 0.686293861
vn -0.291027760 0.631288012 0.718872930
vn -0.246904523 0.669263995 0.700802299
vn -0.292425768 0.634320527 0.715628842
vn -0.249914258 0.677422238 0.691839559
vn -0.339366484 0.605982461 0.719455104
vn -0.250121549 0.677984125 0.691213958
vn -0.339660905 0.606508187 0.718872930
vn -0.301475070 0.653949981 0.693874776
vn -0.345640606 0.617185711 0.706834047
vn -0.387215682 0.579509221 0.717100466
vn -0.350679896 0.626184012 0.696359960
vn -0.392849122 0.587940259 0.707103825
vn -0.350813732 0.626422993 0.696077552
vn -0.392998944 0.588164484 0.706834047
vn -0.432731184 0.548916891 0.715146117
vn -0.397757447 0.595286087 0.698157209
vn -0.437934313 0.555517028 0.706834047
vn -0.475766563 0.514681368 0.713266617
vn -0.442035445 0.560719289 0.700141803
vn -0.480169671 0.519444624 0.706834047
vn -0.516041400 0.477023764 0.711441917
vn -0.483389399 0.522927705 0.702055058
vn -0.519444624 0.480169671 0.706834047
vn -0.553295192 0.436182759 0.709654163
vn -0.521575768 0.482139680 0.703917642
vn -0.555517028 0.437934313 0.706834047
vn -0.587288425 0.392413580 0.707886917
vn -0.556367827 0.438605029 0.705748163
vn -0.588164484 0.392998944 0.706834047
vn -0.617185711 0.345640606 0.706834047
vn -0.642401783 0.296151278 0.706834047
vn -0.663657234 0.244836080 0.706834047
vn -0.682828227 0.192577477 0.704740752
vn -0.659829440 0.243423932 0.710893733
vn -0.680821018 0.192011385 0.706834047
vn -0.701723650 0.139581512 0.698642198
vn -0.680737275 0.191987768 0.706921112
vn -0.693787314 0.138002877 0.706834047
vn -0.702476180 0.083143535 0.706834047
vn -0.711258366 0.027945417 0.702374965
vn -0.694781678 0.082232831 0.714504151
vn -0.706834047 0.027771585 0.706834047
vn -0.707106781 0.000000000 0.707106781
vn -0.698558505 -0.027446438 0.715026368
vn -0.714409629 0.000000000 0.699727720
vn -0.687002796 -0.081312139 0.722091057
vn -0.717759051 0.000000000 0.696291566
vn -0.690323101 -0.081705123 0.718872930
vn -0.709945118 -0.027893820 0.703704387
vn -0.691205731 -0.081809589 0.718012415
vn -0.721414925 -0.028344470 0.691922754
vn -0.702476180 -0.083143535 0.706834047
vn -0.681857511 -0.135629892 0.718800993
vn -0.702898303 -0.083193496 0.706408393
vn -0.682268007 -0.135711544 0.718395952
vn -0.714723704 -0.084593125 0.694272303
vn -0.693787314 -0.138002877 0.706834047
vn -0.671151592 -0.189284325 0.716747505
vn -0.702549484 -0.139745781 0.697778861
vn -0.679613193 -0.191670744 0.708087730
vn -0.703798623 -0.139994250 0.696469028
vn -0.680821018 -0.192011385 0.706834047
vn -0.656114695 -0.242053490 0.714789210
vn -0.688698944 -0.194233190 0.698546514
vn -0.663657234 -0.244836080 0.706834047
vn -0.636846906 -0.293590445 0.712902987
vn -0.669512584 -0.246996232 0.700532484
vn -0.642401783 -0.296151278 0.706834047
vn -0.613471556 -0.343560579 0.711068758
vn -0.646355110 -0.297973787 0.702450493
vn -0.617185711 -0.345640606 0.706834047
vn -0.586134855 -0.391642789 0.709268537
vn -0.619368730 -0.346863155 0.704321182
vn -0.588164484 -0.392998944 0.706834047
vn -0.555005231 -0.437530845 0.707485656
vn -0.588721265 -0.393370973 0.706163261
vn -0.555517028 -0.437934313 0.706834047
vn -0.519444624 -0.480169671 0.706834047
vn -0.480169671 -0.519444624 0.706834047
vn -0.437934313 -0.555517028 0.706834047
vn -0.392998944 -0.588164484 0.706834047
vn -0.347404316 -0.620335042 0.703203155
vn -0.390208675 -0.583988551 0.711824812
vn -0.345640606 -0.617185711 0.706834047
vn -0.296151278 -0.642401783 0.706834047
vn -0.245016940 -0.664147476 0.706310717
vn -0.291027760 -0.631288012 0.718872930
vn -0.196253771 -0.695863382 0.690839063
vn -0.290983218 -0.631191392 0.718975795
vn -0.195993919 -0.694942018 0.691839559
vn -0.244646616 -0.663143669 0.707381444
vn -0.195465646 -0.693068901 0.693865030
vn -0.243979273 -0.661334757 0.709302794
vn -0.192785760 -0.683566741 0.703967443
vn -0.240600332 -0.652175736 0.718872930
vn -0.140865213 -0.708177249 0.691839559
vn -0.191193017 -0.677919302 0.709838468
vn -0.139049797 -0.699050537 0.701422484
vn -0.188689523 -0.669042581 0.718872930
vn -0.084868026 -0.717046332 0.691839559
vn -0.136886064 -0.688172715 0.712517031
vn -0.084097185 -0.710533532 0.698619899
vn -0.135615380 -0.681784555 0.718872930
vn -0.028742555 -0.731546888 0.681185009
vn -0.134307992 -0.675211873 0.725293244
vn -0.028347599 -0.721494586 0.691839559
vn -0.082115852 -0.693793333 0.715477322
vn -0.028209745 -0.717985946 0.695485724
vn -0.081705123 -0.690323101 0.718872930
vn 0.000000000 -0.714409629 0.699727720
vn -0.027540866 -0.700961838 0.712666825
vn 0.000000000 -0.708104630 0.706107522
vn -0.027298998 -0.694805899 0.718679016
vn 0.000000000 -0.707106781 0.707106781
vn 0.027260764 -0.693832778 0.719619988
vn 0.027298998 -0.694805899 0.718679016
vn 0.079693104 -0.673323638 0.735040331
vn 0.000000000 -0.731345146 0.682007535
vn 0.081705123 -0.690323101 0.718872930
vn 0.028347599 -0.721494586 0.691839559
vn 0.132299088 -0.665112432 0.734930204
vn 0.028742555 -0.731546888 0.681185009
vn 0.134307992 -0.675211873 0.725293244
vn 0.028998108 -0.738051145 0.674121367
vn 0.135615380 -0.681784555 0.718872930
vn 0.084868026 -0.717046332 0.691839559
vn 0.185660797 -0.658303530 0.729497451
vn 0.086154325 -0.727914219 0.680234020
vn 0.188689523 -0.669042581 0.718872930
vn 0.140865213 -0.708177249 0.691839559
vn 0.238561841 -0.646650166 0.724521781
vn 0.141998701 -0.713875676 0.685724353
vn 0.240600332 -0.652175736 0.718872930
vn 0.195465646 -0.693068901 0.693865030
vn 0.243979273 -0.661334757 0.709302794
vn 0.195993919 -0.694942018 0.691839559
vn 0.290579178 -0.630314963 0.719907486
vn 0.196253771 -0.695863382 0.690839063
vn 0.290983218 -0.631191392 0.718975795
vn 0.196282411 -0.695964929 0.690728624
vn 0.291027760 -0.631288012 0.718872930
vn 0.249309071 -0.675781807 0.693659813
vn 0.296151278 -0.642401783 0.706834047
vn 0.340460507 -0.607935978 0.717286895
vn 0.300658246 -0.652178151 0.695893870
vn 0.345640606 -0.617185711 0.706834047
vn 0.388239059 -0.581040813 0.715305534
vn 0.347404316 -0.620335042 0.703203155
vn 0.390208675 -0.583988551 0.711824812
vn 0.349900408 -0.624792135 0.698000353
vn 0.392998944 -0.588164484 0.706834047
vn 0.433833130 -0.550314702 0.713402091
vn 0.396751949 -0.593781253 0.700008368
vn 0.437934313 -0.555517028 0.706834047
vn 0.476945507 -0.515956743 0.711555777
vn 0.440939556 -0.559329160 0.701942447
vn 0.480169671 -0.519444624 0.706834047
vn 0.517297554 -0.478184940 0.709748127
vn 0.482202730 -0.521643974 0.703823907
vn 0.519444624 -0.480169671 0.706834047
vn 0.554630348 -0.437235311 0.707962188
vn 0.520295966 -0.480956644 0.705671888
vn 0.555517028 -0.437934313 0.706834047
vn 0.588164484 -0.392998944 0.706834047
vn 0.617185711 -0.345640606 0.706834047
vn 0.642401783 -0.296151278 0.706834047
vn 0.663657234 -0.244836080 0.706834047
vn 0.680821018 -0.192011385 0.706834047
vn 0.702549484 -0.139745781 0.697778861
vn 0.679613193 -0.191670744 0.708087730
vn 0.693787314 -0.138002877 0.706834047
vn 0.702898303 -0.083193496 0.706408393
vn 0.682268007 -0.135711544 0.718395952
vn 0.702476180 -0.083143535 0.706834047
vn 0.709945118 -0.027893820 0.703704387
vn 0.691205731 -0.081809589 0.718012415
vn 0.709045150 -0.027858460 0.704612575
vn 0.690323101 -0.081705123 0.718872930
vn 0.714409629 -0.000000000 0.699727720
vn 0.705695816 -0.027726864 0.707972200
vn 1.000000000 0.000000000 0.000000000
vn 0.999229036 0.039259816 0.000000000
vn 0.993068457 0.117537397 0.000000000
vn 0.980785280 0.195090322 0.000000000
vn 0.962455236 0.271440450 0.000000000
vn 0.908143174 0.418659738 0.000000000
vn 0.872496007 0.488621241 0.000000000
vn 0.831469612 0.555570233 0.000000000
vn 0.785316931 0.619093949 0.000000000
vn 0.734322509 0.678800746 0.000000000
vn 0.678800746 0.734322509 0.000000000
vn 0.619093949 0.785316931 0.000000000
vn 0.555570233 0.831469612 0.000000000
vn 0.488621241 0.872496007 0.000000000
vn 0.418659738 0.908143174 0.000000000
vn 0.346117057 0.938191336 0.000000000
vn 0.271440450 0.962455236 0.000000000
vn 0.195090322 0.980785280 0.000000000
vn 0.117537397 0.993068457 0.000000000
vn 0.039259816 0.999229036 0.000000000
vn -0.039259816 0.999229036 0.000000000
vn -0.117537397 0.993068457 0.000000000
vn -0.117537398 0.993068457 0.000000000
vn -0.195090322 0.980785280 0.000000000
vn -0.271440450 0.962455236 0.000000000
vn -0.346117057 0.938191336 0.000000000
vn -0.418659738 0.908143174 0.000000000
vn -0.488621241 0.872496007 0.000000000
vn -0.555570233 0.831469612 0.000000000
vn -0.619093949 0.785316931 0.000000000
vn -0.678800746 0.734322509 0.000000000
vn -0.734322509 0.678800746 0.000000000
vn -0.785316931 0.619093949 0.000000000
vn -0.831469612 0.555570233 0.000000000
vn -0.872496007 0.488621241 0.000000000
vn -0.908143174 0.418659738 0.000000000
vn -0.962455236 0.271440450 0.000000000
vn -0.980785280 0.195090322 0.000000000
vn -0.993068457 0.117537397 0.000000000
vn -0.999229036 0.039259816 0.000000000
vn -1.000000000 0.000000000 -0.000000000
vn -0.999229036 -0.039259816 -0.000000000
vn -0.993068457 -0.117537397 -0.000000000
vn -0.993068457 -0.117537398 -0.000000000
vn -0.962455236 -0.271440450 -0.000000000
vn -0.938191336 -0.346117057 -0.000000000
vn -0.908143174 -0.418659738 -0.000000000
vn -0.872496007 -0.488621241 -0.000000000
vn -0.831469612 -0.555570233 -0.000000000
vn -0.785316931 -0.619093949 -0.000000000
vn -0.678800746 -0.734322509 -0.000000000
vn -0.619093949 -0.785316931 -0.000000000
vn -0.555570233 -0.831469612 -0.000000000
vn -0.488621241 -0.872496007 -0.000000000
vn -0.418659738 -0.908143174 -0.000000000
vn -0.346117057 -0.938191336 -0.000000000
vn -0.195090322 -0.980785280 -0.000000000
vn -0.117537397 -0.993068457 -0.000000000
vn -0.039259816 -0.999229036 -0.000000000
vn 0.000000000 -1.000000000 0.000000000
vn 0.039259816 -0.999229036 0.000000000
vn 0.117537397 -0.993068457 0.000000000
vn 0.195090322 -0.980785280 0.000000000
vn 0.346117057 -0.938191336 0.000000000
vn 0.418659738 -0.908143174 0.000000000
vn 0.488621241 -0.872496007 0.000000000
vn 0.488621242 -0.872496007 0.000000000
vn 0.555570233 -0.831469612 0.000000000
vn 0.619093949 -0.785316931 0.000000000
vn 0.678800746 -0.734322509 0.000000000
vn 0.785316931 -0.619093949 0.000000000
vn 0.831469612 -0.555570233 0.000000000
vn 0.872496007 -0.488621241 0.000000000
vn 0.908143174 -0.418659738 0.000000000
vn 0.938191336 -0.346117057 0.000000000
vn 0.962455236 -0.271440450 0.000000000
vn 0.993068457 -0.117537397 0.000000000
vn 0.999229036 -0.039259816 0.000000000
vn 0.923879533 0.000000000 -0.382683432
vn 0.923876532 -0.002354727 -0.382683432
vn 0.999996752 -0.002548738 0.000000000
vn 0.707104484 -0.001802230 -0.707106781
vn 0.382683432 0.000000000 -0.923879533
vn 0.382682189 -0.000975360 -0.923879533
vn -0.382683432 0.000000000 -0.923879533
vn -0.382682189 0.000975360 -0.923879533
vn -0.707104484 0.001802230 -0.707106781
vn -0.923879533 0.000000000 -0.382683432
vn -0.923876532 0.002354727 -0.382683432
vn -0.999996752 0.002548738 -0.000000000
vn -0.923879533 -0.000000000 0.382683432
vn -0.923876532 0.002354727 0.382683432
vn -0.707104484 0.001802230 0.707106781
vn -0.382683432 -0.000000000 0.923879533
vn -0.382682189 0.000975360 0.923879533
vn 0.382683432 0.000000000 0.923879533
vn 0.382682189 -0.000975360 0.923879533
vn 0.707104484 -0.001802230 0.707106781
vn 0.923879533 0.000000000 0.382683432
vn 0.923876532 -0.002354727 0.382683432
vn 0.921901436 -0.060424612 -0.382683432
vn 0.997858923 -0.065403129 0.000000000
vn 0.705592811 -0.046246996 -0.707106781
vn 0.381864078 -0.025028694 -0.923879533
vn -0.381864078 0.025028694 -0.923879533
vn -0.705592811 0.046246996 -0.707106781
vn -0.921901436 0.060424612 -0.382683432
vn -0.997858923 0.065403129 -0.000000000
vn -0.921901436 0.060424612 0.382683432
vn -0.705592811 0.046246996 0.707106781
vn -0.381864078 0.025028694 0.923879533
vn 0.381864078 -0.025028694 0.923879533
vn 0.705592811 -0.046246996 0.707106781
vn 0.921901436 -0.060424612 0.382683432
vn 0.915975615 -0.120590477 -0.382683432
vn 0.991444861 -0.130526192 0.000000000
vn 0.701057385 -0.092295956 -0.707106781
vn 0.379409523 -0.049950211 -0.923879533
vn -0.379409523 0.049950211 -0.923879533
vn -0.701057385 0.092295956 -0.707106781
vn -0.915975615 0.120590477 -0.382683432
vn -0.991444861 0.130526192 -0.000000000
vn -0.915975615 0.120590477 0.382683432
vn -0.701057385 0.092295956 0.707106781
vn -0.379409523 0.049950211 0.923879533
vn 0.379409523 -0.049950211 0.923879533
vn 0.701057385 -0.092295956 0.707106781
vn 0.915975615 -0.120590477 0.382683432
vn 0.906127446 -0.180239956 -0.382683432
vn 0.693519923 -0.137949690 -0.707106781
vn 0.375330278 -0.074657834 -0.923879533
vn -0.375330278 0.074657834 -0.923879533
vn -0.693519923 0.137949690 -0.707106781
vn -0.906127446 0.180239956 -0.382683432
vn -0.906127446 0.180239956 0.382683432
vn -0.693519923 0.137949690 0.707106781
vn -0.375330278 0.074657834 0.923879533
vn 0.375330278 -0.074657834 0.923879533
vn 0.693519923 -0.137949690 0.707106781
vn 0.906127446 -0.180239956 0.382683432
vn 0.892399101 -0.239117618 -0.382683432
vn 0.965925826 -0.258819045 0.000000000
vn 0.683012702 -0.183012702 -0.707106781
vn 0.369643811 -0.099045761 -0.923879533
vn -0.369643811 0.099045761 -0.923879533
vn -0.683012702 0.183012702 -0.707106781
vn -0.892399101 0.239117618 -0.382683432
vn -0.965925826 0.258819045 -0.000000000
vn -0.892399101 0.239117618 0.382683432
vn -0.683012702 0.183012702 0.707106781
vn -0.369643811 0.099045761 0.923879533
vn 0.369643811 -0.099045761 0.923879533
vn 0.683012702 -0.183012702 0.707106781
vn 0.892399101 -0.239117618 0.382683432
vn 0.874849365 -0.296971343 -0.382683432
vn 0.946930129 -0.321439465 0.000000000
vn 0.669580716 -0.227292026 -0.707106781
vn 0.362374472 -0.123009558 -0.923879533
vn -0.362374472 0.123009558 -0.923879533
vn -0.669580716 0.227292026 -0.707106781
vn -0.874849365 0.296971343 -0.382683432
vn -0.946930129 0.321439465 -0.000000000
vn -0.874849365 0.296971343 0.382683432
vn -0.669580716 0.227292026 0.707106781
vn -0.362374472 0.123009558 0.923879533
vn 0.362374472 -0.123009558 0.923879533
vn 0.669580716 -0.227292026 0.707106781
vn 0.874849365 -0.296971343 0.382683432
vn 0.853553391 -0.353553391 -0.382683432
vn 0.923879533 -0.382683432 0.000000000
vn 0.653281482 -0.270598050 -0.707106781
vn 0.353553391 -0.146446609 -0.923879533
vn -0.353553391 0.146446609 -0.923879533
vn -0.653281482 0.270598050 -0.707106781
vn -0.853553391 0.353553391 -0.382683432
vn -0.923879533 0.382683432 -0.000000000
vn -0.853553391 0.353553391 0.382683432
vn -0.653281482 0.270598050 0.707106781
vn -0.353553391 0.146446609 0.923879533
vn 0.353553391 -0.146446609 0.923879533
vn 0.653281482 -0.270598050 0.707106781
vn 0.853553391 -0.353553391 0.382683432
vn 0.828602369 -0.408621468 -0.382683432
vn 0.896872742 -0.442288690 0.000000000
vn 0.634184797 -0.312745332 -0.707106781
vn 0.343218339 -0.169256554 -0.923879533
vn -0.343218339 0.169256554 -0.923879533
vn -0.634184797 0.312745332 -0.707106781
vn -0.828602369 0.408621468 -0.382683432
vn -0.896872742 0.442288690 -0.000000000
vn -0.828602369 0.408621468 0.382683432
vn -0.634184797 0.312745332 0.707106781
vn -0.343218339 0.169256554 0.923879533
vn 0.343218339 -0.169256554 0.923879533
vn 0.634184797 -0.312745332 0.707106781
vn 0.828602369 -0.408621468 0.382683432
vn 0.800103145 -0.461939766 -0.382683432
vn 0.866025404 -0.500000000 0.000000000
vn 0.612372436 -0.353553391 -0.707106781
vn 0.331413574 -0.191341716 -0.923879533
vn -0.331413574 0.191341716 -0.923879533
vn -0.612372436 0.353553391 -0.707106781
vn -0.800103145 0.461939766 -0.382683432
vn -0.866025404 0.500000000 -0.000000000
vn -0.800103145 0.461939766 0.382683432
vn -0.612372436 0.353553391 0.707106781
vn -0.331413574 0.191341716 0.923879533
vn 0.331413574 -0.191341716 0.923879533
vn 0.612372436 -0.353553391 0.707106781
vn 0.800103145 -0.461939766 0.382683432
vn 0.768177757 -0.513279967 -0.382683432
vn 0.587937801 -0.392847479 -0.707106781
vn 0.318189645 -0.212607524 -0.923879533
vn -0.318189645 0.212607524 -0.923879533
vn -0.587937801 0.392847479 -0.707106781
vn -0.768177757 0.513279967 -0.382683432
vn -0.768177757 0.513279967 0.382683432
vn -0.587937801 0.392847479 0.707106781
vn -0.318189645 0.212607524 0.923879533
vn 0.318189645 -0.212607524 0.923879533
vn 0.587937801 -0.392847479 0.707106781
vn 0.768177757 -0.513279967 0.382683432
vn 0.732962913 -0.562422224 -0.382683432
vn 0.793353340 -0.608761429 0.000000000
vn 0.560985527 -0.430459335 -0.707106781
vn 0.303603179 -0.232962913 -0.923879533
vn -0.303603179 0.232962913 -0.923879533
vn -0.560985527 0.430459335 -0.707106781
vn -0.732962913 0.562422224 -0.382683432
vn -0.793353340 0.608761429 -0.000000000
vn -0.732962913 0.562422224 0.382683432
vn -0.560985527 0.430459335 0.707106781
vn -0.303603179 0.232962913 0.923879533
vn 0.303603179 -0.232962913 0.923879533
vn 0.560985527 -0.430459335 0.707106781
vn 0.732962913 -0.562422224 0.382683432
vn 0.694609410 -0.609156103 -0.382683432
vn 0.751839807 -0.659345815 0.000000000
vn 0.531631026 -0.466227897 -0.707106781
vn 0.287716638 -0.252320720 -0.923879533
vn -0.287716638 0.252320720 -0.923879533
vn -0.531631026 0.466227897 -0.707106781
vn -0.694609410 0.609156103 -0.382683432
vn -0.694609410 0.609156103 0.382683432
vn -0.531631026 0.466227897 0.707106781
vn -0.287716638 0.252320720 0.923879533
vn 0.287716638 -0.252320720 0.923879533
vn 0.531631026 -0.466227897 0.707106781
vn 0.694609410 -0.609156103 0.382683432
vn 0.653281482 -0.653281482 -0.382683432
vn 0.707106781 -0.707106781 0.000000000
vn 0.500000000 -0.500000000 -0.707106781
vn 0.270598050 -0.270598050 -0.923879533
vn -0.270598050 0.270598050 -0.923879533
vn -0.500000000 0.500000000 -0.707106781
vn -0.653281482 0.653281482 -0.382683432
vn -0.707106781 0.707106781 -0.000000000
vn -0.653281482 0.653281482 0.382683432
vn -0.500000000 0.500000000 0.707106781
vn -0.270598050 0.270598050 0.923879533
vn 0.270598050 -0.270598050 0.923879533
vn 0.500000000 -0.500000000 0.707106781
vn 0.653281482 -0.653281482 0.382683432
vn 0.609156103 -0.694609410 -0.382683432
vn 0.659345815 -0.751839807 0.000000000
vn 0.466227897 -0.531631026 -0.707106781
vn 0.252320720 -0.287716638 -0.923879533
vn -0.252320720 0.287716638 -0.923879533
vn -0.466227897 0.531631026 -0.707106781
vn -0.609156103 0.694609410 -0.382683432
vn -0.659345815 0.751839807 -0.000000000
vn -0.609156103 0.694609410 0.382683432
vn -0.466227897 0.531631026 0.707106781
vn -0.252320720 0.287716638 0.923879533
vn 0.252320720 -0.287716638 0.923879533
vn 0.466227897 -0.531631026 0.707106781
vn 0.609156103 -0.694609410 0.382683432
vn 0.562422224 -0.732962913 -0.382683432
vn 0.608761429 -0.793353340 0.000000000
vn 0.430459335 -0.560985527 -0.707106781
vn 0.232962913 -0.303603179 -0.923879533
vn -0.232962913 0.303603179 -0.923879533
vn -0.430459335 0.560985527 -0.707106781
vn -0.562422224 0.732962913 -0.382683432
vn -0.608761429 0.793353340 -0.000000000
vn -0.562422224 0.732962913 0.382683432
vn -0.430459335 0.560985527 0.707106781
vn -0.232962913 0.303603179 0.923879533
vn 0.232962913 -0.303603179 0.923879533
vn 0.430459335 -0.560985527 0.707106781
vn 0.562422224 -0.732962913 0.382683432
vn 0.513279967 -0.768177757 -0.382683432
vn 0.392847479 -0.587937801 -0.707106781
vn 0.212607524 -0.318189645 -0.923879533
vn -0.212607524 0.318189645 -0.923879533
vn -0.392847479 0.587937801 -0.707106781
vn -0.513279967 0.768177757 -0.382683432
vn -0.513279967 0.768177757 0.382683432
vn -0.392847479 0.587937801 0.707106781
vn -0.212607524 0.318189645 0.923879533
vn 0.212607524 -0.318189645 0.923879533
vn 0.392847479 -0.587937801 0.707106781
vn 0.513279967 -0.768177757 0.382683432
vn 0.461939766 -0.800103145 -0.382683432
vn 0.500000000 -0.866025404 0.000000000
vn 0.353553391 -0.612372436 -0.707106781
vn 0.191341716 -0.331413574 -0.923879533
vn -0.191341716 0.331413574 -0.923879533
vn -0.353553391 0.612372436 -0.707106781
vn -0.461939766 0.800103145 -0.382683432
vn -0.500000000 0.866025404 -0.000000000
vn -0.461939766 0.800103145 0.382683432
vn -0.353553391 0.612372436 0.707106781
vn -0.191341716 0.331413574 0.923879533
vn 0.191341716 -0.331413574 0.923879533
vn 0.353553391 -0.612372436 0.707106781
vn 0.461939766 -0.800103145 0.382683432
vn 0.408621468 -0.828602369 -0.382683432
vn 0.312745332 -0.634184797 -0.707106781
vn 0.169256554 -0.343218339 -0.923879533
vn -0.169256554 0.343218339 -0.923879533
vn -0.312745332 0.634184797 -0.707106781
vn -0.408621468 0.828602369 -0.382683432
vn -0.442288690 0.896872742 -0.000000000
vn -0.408621468 0.828602369 0.382683432
vn -0.312745332 0.634184797 0.707106781
vn -0.169256554 0.343218339 0.923879533
vn 0.169256554 -0.343218339 0.923879533
vn 0.312745332 -0.634184797 0.707106781
vn 0.408621468 -0.828602369 0.382683432
vn 0.353553391 -0.853553391 -0.382683432
vn 0.382683432 -0.923879533 0.000000000
vn 0.270598050 -0.653281482 -0.707106781
vn 0.146446609 -0.353553391 -0.923879533
vn -0.146446609 0.353553391 -0.923879533
vn -0.270598050 0.653281482 -0.707106781
vn -0.353553391 0.853553391 -0.382683432
vn -0.382683432 0.923879533 -0.000000000
vn -0.353553391 0.853553391 0.382683432
vn -0.270598050 0.653281482 0.707106781
vn -0.146446609 0.353553391 0.923879533
vn 0.146446609 -0.353553391 0.923879533
vn 0.270598050 -0.653281482 0.707106781
vn 0.353553391 -0.853553391 0.382683432
vn 0.296971343 -0.874849365 -0.382683432
vn 0.321439465 -0.946930129 0.000000000
vn 0.227292026 -0.669580716 -0.707106781
vn 0.123009558 -0.362374472 -0.923879533
vn -0.123009558 0.362374472 -0.923879533
vn -0.227292026 0.669580716 -0.707106781
vn -0.296971343 0.874849365 -0.382683432
vn -0.321439465 0.946930129 -0.000000000
vn -0.296971343 0.874849365 0.382683432
vn -0.227292026 0.669580716 0.707106781
vn -0.123009558 0.362374472 0.923879533
vn 0.123009558 -0.362374472 0.923879533
vn 0.227292026 -0.669580716 0.707106781
vn 0.296971343 -0.874849365 0.382683432
vn 0.239117618 -0.892399101 -0.382683432
vn 0.258819045 -0.965925826 0.000000000
vn 0.183012702 -0.683012702 -0.707106781
vn 0.099045761 -0.369643811 -0.923879533
vn -0.099045761 0.369643811 -0.923879533
vn -0.183012702 0.683012702 -0.707106781
vn -0.239117618 0.892399101 -0.382683432
vn -0.258819045 0.965925826 -0.000000000
vn -0.239117618 0.892399101 0.382683432
vn -0.183012702 0.683012702 0.707106781
vn -0.099045761 0.369643811 0.923879533
vn 0.099045761 -0.369643811 0.923879533
vn 0.183012702 -0.683012702 0.707106781
vn 0.239117618 -0.892399101 0.382683432
vn 0.180239956 -0.906127446 -0.382683432
vn 0.137949690 -0.693519923 -0.707106781
vn 0.074657834 -0.375330278 -0.923879533
vn -0.074657834 0.375330278 -0.923879533
vn -0.137949690 0.693519923 -0.707106781
vn -0.180239956 0.906127446 -0.382683432
vn -0.180239956 0.906127446 0.382683432
vn -0.137949690 0.693519923 0.707106781
vn -0.074657834 0.375330278 0.923879533
vn 0.074657834 -0.375330278 0.923879533
vn 0.137949690 -0.693519923 0.707106781
vn 0.180239956 -0.906127446 0.382683432
vn 0.120590477 -0.915975615 -0.382683432
vn 0.130526192 -0.991444861 0.000000000
vn 0.092295956 -0.701057385 -0.707106781
vn 0.049950211 -0.379409523 -0.923879533
vn -0.049950211 0.379409523 -0.923879533
vn -0.092295956 0.701057385 -0.707106781
vn -0.120590477 0.915975615 -0.382683432
vn -0.130526192 0.991444861 -0.000000000
vn -0.120590477 0.915975615 0.382683432
vn -0.092295956 0.701057385 0.707106781
vn -0.049950211 0.379409523 0.923879533
vn 0.049950211 -0.379409523 0.923879533
vn 0.092295956 -0.701057385 0.707106781
vn 0.120590477 -0.915975615 0.382683432
vn 0.060424612 -0.921901436 -0.382683432
vn 0.065403129 -0.997858923 0.000000000
vn 0.046246996 -0.705592811 -0.707106781
vn 0.025028694 -0.381864078 -0.923879533
vn -0.025028694 0.381864078 -0.923879533
vn -0.046246996 0.705592811 -0.707106781
vn -0.060424612 0.921901436 -0.382683432
vn -0.065403129 0.997858923 -0.000000000
vn -0.060424612 0.921901436 0.382683432
vn -0.046246996 0.705592811 0.707106781
vn -0.025028694 0.381864078 0.923879533
vn 0.025028694 -0.381864078 0.923879533
vn 0.046246996 -0.705592811 0.707106781
vn 0.060424612 -0.921901436 0.382683432
vn 0.000000000 -0.923879533 -0.382683432
vn 0.000000000 -0.382683432 -0.923879533
vn 0.000000000 0.382683432 -0.923879533
vn 0.000000000 0.923879533 -0.382683432
vn -0.000000000 0.923879533 0.382683432
vn -0.000000000 0.382683432 0.923879533
vn 0.000000000 -0.382683432 0.923879533
vn 0.000000000 -0.923879533 0.382683432
vn -0.060424612 -0.921901436 -0.382683432
vn -0.065403129 -0.997858923 0.000000000
vn -0.046246996 -0.705592811 -0.707106781
vn -0.025028694 -0.381864078 -0.923879533
vn 0.025028694 0.381864078 -0.923879533
vn 0.046246996 0.705592811 -0.707106781
vn 0.060424612 0.921901436 -0.382683432
vn 0.065403129 0.997858923 -0.000000000
vn 0.060424612 0.921901436 0.382683432
vn 0.046246996 0.705592811 0.707106781
vn 0.025028694 0.381864078 0.923879533
vn -0.025028694 -0.381864078 0.923879533
vn -0.046246996 -0.705592811 0.707106781
vn -0.060424612 -0.921901436 0.382683432
vn -0.120590477 -0.915975615 -0.382683432
vn -0.130526192 -0.991444861 0.000000000
vn -0.092295956 -0.701057385 -0.707106781
vn -0.049950211 -0.379409523 -0.923879533
vn 0.049950211 0.379409523 -0.923879533
vn 0.092295956 0.701057385 -0.707106781
vn 0.120590477 0.915975615 -0.382683432
vn 0.130526192 0.991444861 -0.000000000
vn 0.120590477 0.915975615 0.382683432
vn 0.092295956 0.701057385 0.707106781
vn 0.049950211 0.379409523 0.923879533
vn -0.049950211 -0.379409523 0.923879533
vn -0.092295956 -0.701057385 0.707106781
vn -0.120590477 -0.915975615 0.382683432
vn -0.180239956 -0.906127446 -0.382683432
vn -0.137949690 -0.693519923 -0.707106781
vn -0.074657834 -0.375330278 -0.923879533
vn 0.074657834 0.375330278 -0.923879533
vn 0.137949690 0.693519923 -0.707106781
vn 0.180239956 0.906127446 -0.382683432
vn 0.180239956 0.906127446 0.382683432
vn 0.137949690 0.693519923 0.707106781
vn 0.074657834 0.375330278 0.923879533
vn -0.074657834 -0.375330278 0.923879533
vn -0.137949690 -0.693519923 0.707106781
vn -0.180239956 -0.906127446 0.382683432
vn -0.239117618 -0.892399101 -0.382683432
vn -0.258819045 -0.965925826 0.000000000
vn -0.183012702 -0.683012702 -0.707106781
vn -0.099045761 -0.369643811 -0.923879533
vn 0.099045761 0.369643811 -0.923879533
vn 0.183012702 0.683012702 -0.707106781
vn 0.239117618 0.892399101 -0.382683432
vn 0.258819045 0.965925826 -0.000000000
vn 0.239117618 0.892399101 0.382683432
vn 0.183012702 0.683012702 0.707106781
vn 0.099045761 0.369643811 0.923879533
vn -0.099045761 -0.369643811 0.923879533
vn -0.183012702 -0.683012702 0.707106781
vn -0.239117618 -0.892399101 0.382683432
vn -0.296971343 -0.874849365 -0.382683432
vn -0.321439465 -0.946930129 0.000000000
vn -0.227292026 -0.669580716 -0.707106781
vn -0.123009558 -0.362374472 -0.923879533
vn 0.123009558 0.362374472 -0.923879533
vn 0.227292026 0.669580716 -0.707106781
vn 0.296971343 0.874849365 -0.382683432
vn 0.321439465 0.946930129 -0.000000000
vn 0.296971343 0.874849365 0.382683432
vn 0.227292026 0.669580716 0.707106781
vn 0.123009558 0.362374472 0.923879533
vn -0.123009558 -0.362374472 0.923879533
vn -0.227292026 -0.669580716 0.707106781
vn -0.296971343 -0.874849365 0.382683432
vn -0.353553391 -0.853553391 -0.382683432
vn -0.382683432 -0.923879533 0.000000000
vn -0.270598050 -0.653281482 -0.707106781
vn -0.146446609 -0.353553391 -0.923879533
vn 0.146446609 0.353553391 -0.923879533
vn 0.270598050 0.653281482 -0.707106781
vn 0.353553391 0.853553391 -0.382683432
vn 0.382683432 0.923879533 -0.000000000
vn 0.353553391 0.853553391 0.382683432
vn 0.270598050 0.653281482 0.707106781
vn 0.146446609 0.353553391 0.923879533
vn -0.146446609 -0.353553391 0.923879533
vn -0.270598050 -0.653281482 0.707106781
vn -0.353553391 -0.853553391 0.382683432
vn -0.408621468 -0.828602369 -0.382683432
vn -0.312745332 -0.634184797 -0.707106781
vn -0.169256554 -0.343218339 -0.923879533
vn 0.169256554 0.343218339 -0.923879533
vn 0.312745332 0.634184797 -0.707106781
vn 0.408621468 0.828602369 -0.382683432
vn 0.442288690 0.896872742 -0.000000000
vn 0.408621468 0.828602369 0.382683432
vn 0.312745332 0.634184797 0.707106781
vn 0.169256554 0.343218339 0.923879533
vn -0.169256554 -0.343218339 0.923879533
vn -0.312745332 -0.634184797 0.707106781
vn -0.408621468 -0.828602369 0.382683432
vn -0.461939766 -0.800103145 -0.382683432
vn -0.500000000 -0.866025404 0.000000000
vn -0.353553391 -0.612372436 -0.707106781
vn -0.191341716 -0.331413574 -0.923879533
vn 0.191341716 0.331413574 -0.923879533
vn 0.353553391 0.612372436 -0.707106781
vn 0.461939766 0.800103145 -0.382683432
vn 0.500000000 0.866025404 -0.000000000
vn 0.461939766 0.800103145 0.382683432
vn 0.353553391 0.612372436 0.707106781
vn 0.191341716 0.331413574 0.923879533
vn -0.191341716 -0.331413574 0.923879533
vn -0.353553391 -0.612372436 0.707106781
vn -0.461939766 -0.800103145 0.382683432
vn -0.513279967 -0.768177757 -0.382683432
vn -0.392847479 -0.587937801 -0.707106781
vn -0.212607524 -0.318189645 -0.923879533
vn 0.212607524 0.318189645 -0.923879533
vn 0.392847479 0.587937801 -0.707106781
vn 0.513279967 0.768177757 -0.382683432
vn 0.513279967 0.768177757 0.382683432
vn 0.392847479 0.587937801 0.707106781
vn 0.212607524 0.318189645 0.923879533
vn -0.212607524 -0.318189645 0.923879533
vn -0.392847479 -0.587937801 0.707106781
vn -0.513279967 -0.768177757 0.382683432
vn -0.562422224 -0.732962913 -0.382683432
vn -0.608761429 -0.793353340 0.000000000
vn -0.430459335 -0.560985527 -0.707106781
vn -0.232962913 -0.303603179 -0.923879533
vn 0.232962913 0.303603179 -0.923879533
vn 0.430459335 0.560985527 -0.707106781
vn 0.562422224 0.732962913 -0.382683432
vn 0.608761429 0.793353340 -0.000000000
vn 0.562422224 0.732962913 0.382683432
vn 0.430459335 0.560985527 0.707106781
vn 0.232962913 0.303603179 0.923879533
vn -0.232962913 -0.303603179 0.923879533
vn -0.430459335 -0.560985527 0.707106781
vn -0.562422224 -0.732962913 0.382683432
vn -0.609156103 -0.694609410 -0.382683432
vn -0.659345815 -0.751839807 0.000000000
vn -0.466227897 -0.531631026 -0.707106781
vn -0.252320720 -0.287716638 -0.923879533
vn 0.252320720 0.287716638 -0.923879533
vn 0.466227897 0.531631026 -0.707106781
vn 0.609156103 0.694609410 -0.382683432
vn 0.659345815 0.751839807 -0.000000000
vn 0.609156103 0.694609410 0.382683432
vn 0.466227897 0.531631026 0.707106781
vn 0.252320720 0.287716638 0.923879533
vn -0.252320720 -0.287716638 0.923879533
vn -0.466227897 -0.531631026 0.707106781
vn -0.609156103 -0.694609410 0.382683432
vn -0.653281482 -0.653281482 -0.382683432
vn -0.707106781 -0.707106781 0.000000000
vn -0.500000000 -0.500000000 -0.707106781
vn -0.270598050 -0.270598050 -0.923879533
vn 0.270598050 0.270598050 -0.923879533
vn 0.500000000 0.500000000 -0.707106781
vn 0.653281482 0.653281482 -0.382683432
vn 0.707106781 0.707106781 -0.000000000
vn 0.653281482 0.653281482 0.382683432
vn 0.500000000 0.500000000 0.707106781
vn 0.270598050 0.270598050 0.923879533
vn -0.270598050 -0.270598050 0.923879533
vn -0.500000000 -0.500000000 0.707106781
vn -0.653281482 -0.653281482 0.382683432
vn -0.694609410 -0.609156103 -0.382683432
vn -0.751839807 -0.659345815 0.000000000
vn -0.531631026 -0.466227897 -0.707106781
vn -0.287716638 -0.252320720 -0.923879533
vn 0.287716638 0.252320720 -0.923879533
vn 0.531631026 0.466227897 -0.707106781
vn 0.694609410 0.609156103 -0.382683432
vn 0.694609410 0.609156103 0.382683432
vn 0.531631026 0.466227897 0.707106781
vn 0.287716638 0.252320720 0.923879533
vn -0.287716638 -0.252320720 0.923879533
vn -0.531631026 -0.466227897 0.707106781
vn -0.694609410 -0.609156103 0.382683432
vn -0.732962913 -0.562422224 -0.382683432
vn -0.793353340 -0.608761429 0.000000000
vn -0.560985527 -0.430459335 -0.707106781
vn -0.303603179 -0.232962913 -0.923879533
vn 0.303603179 0.232962913 -0.923879533
vn 0.560985527 0.430459335 -0.707106781
vn 0.732962913 0.562422224 -0.382683432
vn 0.793353340 0.608761429 -0.000000000
vn 0.732962913 0.562422224 0.382683432
vn 0.560985527 0.430459335 0.707106781
vn 0.303603179 0.232962913 0.923879533
vn -0.303603179 -0.232962913 0.923879533
vn -0.560985527 -0.430459335 0.707106781
vn -0.732962913 -0.562422224 0.382683432
vn -0.768177757 -0.513279967 -0.382683432
vn -0.587937801 -0.392847479 -0.707106781
vn -0.318189645 -0.212607524 -0.923879533
vn 0.318189645 0.212607524 -0.923879533
vn 0.587937801 0.392847479 -0.707106781
vn 0.768177757 0.513279967 -0.382683432
vn 0.768177757 0.513279967 0.382683432
vn 0.587937801 0.392847479 0.707106781
vn 0.318189645 0.212607524 0.923879533
vn -0.318189645 -0.212607524 0.923879533
vn -0.587937801 -0.392847479 0.707106781
vn -0.768177757 -0.513279967 0.382683432
vn -0.800103145 -0.461939766 -0.382683432
vn -0.866025404 -0.500000000 0.000000000
vn -0.612372436 -0.353553391 -0.707106781
vn -0.331413574 -0.191341716 -0.923879533
vn 0.331413574 0.191341716 -0.923879533
vn 0.612372436 0.353553391 -0.707106781
vn 0.800103145 0.461939766 -0.382683432
vn 0.866025404 0.500000000 -0.000000000
vn 0.800103145 0.461939766 0.382683432
vn 0.612372436 0.353553391 0.707106781
vn 0.331413574 0.191341716 0.923879533
vn -0.331413574 -0.191341716 0.923879533
vn -0.612372436 -0.353553391 0.707106781
vn -0.800103145 -0.461939766 0.382683432
vn -0.828602369 -0.408621468 -0.382683432
vn -0.896872742 -0.442288690 0.000000000
vn -0.634184797 -0.312745332 -0.707106781
vn -0.343218339 -0.169256554 -0.923879533
vn 0.343218339 0.169256554 -0.923879533
vn 0.634184797 0.312745332 -0.707106781
vn 0.828602369 0.408621468 -0.382683432
vn 0.896872742 0.442288690 -0.000000000
vn 0.828602369 0.408621468 0.382683432
vn 0.634184797 0.312745332 0.707106781
vn 0.343218339 0.169256554 0.923879533
vn -0.343218339 -0.169256554 0.923879533
vn -0.634184797 -0.312745332 0.707106781
vn -0.828602369 -0.408621468 0.382683432
vn -0.853553391 -0.353553391 -0.382683432
vn -0.923879533 -0.382683432 0.000000000
vn -0.653281482 -0.270598050 -0.707106781
vn -0.353553391 -0.146446609 -0.923879533
vn 0.353553391 0.146446609 -0.923879533
vn 0.653281482 0.270598050 -0.707106781
vn 0.853553391 0.353553391 -0.382683432
vn 0.923879533 0.382683432 -0.000000000
vn 0.853553391 0.353553391 0.382683432
vn 0.653281482 0.270598050 0.707106781
vn 0.353553391 0.146446609 0.923879533
vn -0.353553391 -0.146446609 0.923879533
vn -0.653281482 -0.270598050 0.707106781
vn -0.853553391 -0.353553391 0.382683432
vn -0.874849365 -0.296971343 -0.382683432
vn -0.946930129 -0.321439465 0.000000000
vn -0.669580716 -0.227292026 -0.707106781
vn -0.362374472 -0.123009558 -0.923879533
vn 0.362374472 0.123009558 -0.923879533
vn 0.669580716 0.227292026 -0.707106781
vn 0.874849365 0.296971343 -0.382683432
vn 0.946930129 0.321439465 -0.000000000
vn 0.874849365 0.296971343 0.382683432
vn 0.669580716 0.227292026 0.707106781
vn 0.362374472 0.123009558 0.923879533
vn -0.362374472 -0.123009558 0.923879533
vn -0.669580716 -0.227292026 0.707106781
vn -0.874849365 -0.296971343 0.382683432
vn -0.892399101 -0.239117618 -0.382683432
vn -0.965925826 -0.258819045 0.000000000
vn -0.683012702 -0.183012702 -0.707106781
vn -0.369643811 -0.099045761 -0.923879533
vn 0.369643811 0.099045761 -0.923879533
vn 0.683012702 0.183012702 -0.707106781
vn 0.892399101 0.239117618 -0.382683432
vn 0.965925826 0.258819045 -0.000000000
vn 0.892399101 0.239117618 0.382683432
vn 0.683012702 0.183012702 0.707106781
vn 0.369643811 0.099045761 0.923879533
vn -0.369643811 -0.099045761 0.923879533
vn -0.683012702 -0.183012702 0.707106781
vn -0.892399101 -0.239117618 0.382683432
vn -0.906127446 -0.180239956 -0.382683432
vn -0.693519923 -0.137949690 -0.707106781
vn -0.375330278 -0.074657834 -0.923879533
vn 0.375330278 0.074657834 -0.923879533
vn 0.693519923 0.137949690 -0.707106781
vn 0.906127446 0.180239956 -0.382683432
vn 0.906127446 0.180239956 0.382683432
vn 0.693519923 0.137949690 0.707106781
vn 0.375330278 0.074657834 0.923879533
vn -0.375330278 -0.074657834 0.923879533
vn -0.693519923 -0.137949690 0.707106781
vn -0.906127446 -0.180239956 0.382683432
vn -0.915975615 -0.120590477 -0.382683432
vn -0.991444861 -0.130526192 0.000000000
vn -0.701057385 -0.092295956 -0.707106781
vn -0.379409523 -0.049950211 -0.923879533
vn 0.379409523 0.049950211 -0.923879533
vn 0.701057385 0.092295956 -0.707106781
vn 0.915975615 0.120590477 -0.382683432
vn 0.991444861 0.130526192 -0.000000000
vn 0.915975615 0.120590477 0.382683432
vn 0.701057385 0.092295956 0.707106781
vn 0.379409523 0.049950211 0.923879533
vn -0.379409523 -0.049950211 0.923879533
vn -0.701057385 -0.092295956 0.707106781
vn -0.915975615 -0.120590477 0.382683432
vn -0.921901436 -0.060424612 -0.382683432
vn -0.997858923 -0.065403129 0.000000000
vn -0.705592811 -0.046246996 -0.707106781
vn -0.381864078 -0.025028694 -0.923879533
vn 0.381864078 0.025028694 -0.923879533
vn 0.705592811 0.046246996 -0.707106781
vn 0.921901436 0.060424612 -0.382683432
vn 0.997858923 0.065403129 -0.000000000
vn 0.921901436 0.060424612 0.382683432
vn 0.705592811 0.046246996 0.707106781
vn 0.381864078 0.025028694 0.923879533
vn -0.381864078 -0.025028694 0.923879533
vn -0.705592811 -0.046246996 0.707106781
vn -0.921901436 -0.060424612 0.382683432
vn -0.923876532 -0.002354727 -0.382683432
vn -0.999996752 -0.002548738 0.000000000
vn -0.707104484 -0.001802230 -0.707106781
vn -0.382682189 -0.000975360 -0.923879533
vn 0.382682189 0.000975360 -0.923879533
vn 0.707104484 0.001802230 -0.707106781
vn 0.923876532 0.002354727 -0.382683432
vn 0.999996752 0.002548738 -0.000000000
vn 0.923876532 0.002354727 0.382683432
vn 0.707104484 0.001802230 0.707106781
vn 0.382682189 0.000975360 0.923879533
vn -0.382682189 -0.000975360 0.923879533
vn -0.707104484 -0.001802230 0.707106781
vn -0.923876532 -0.002354727 0.382683432
g rear_outer_bevel
f 1/1/1 2/2/1 3/3/1
f 1/1/1 3/3/1 4/4/1
f 4/4/1 3/3/1 5/5/1
f 4/4/1 5/5/1 6/6/1
f 6/6/1 5/5/1 7/7/1
f 6/6/1 7/7/1 8/8/1
f 8/8/1 7/7/1 9/9/1
f 8/8/1 9/9/1 10/10/1
f 10/10/1 9/9/1 11/11/1
f 10/10/1 11/11/1 12/12/1
f 12/12/1 11/11/1 13/13/1
f 12/12/1 13/13/1 14/14/1
f 14/14/1 13/13/1 15/15/1
f 14/14/1 15/15/1 16/16/1
f 16/16/1 15/15/1 17/17/1
f 16/16/1 17/17/1 18/18/1
f 18/18/1 17/17/1 19/19/1
f 18/18/1 19/19/1 20/20/1
f 20/20/1 19/19/1 21/21/1
f 20/20/1 21/21/1 22/22/1
f 22/22/1 21/21/1 23/23/1
f 22/22/1 23/23/1 24/24/1
f 24/24/1 23/23/1 25/25/1
f 24/24/1 25/25/1 26/26/1
f 26/26/1 25/25/1 27/27/1
f 26/26/1 27/27/1 28/28/1
f 28/28/1 27/27/1 29/29/1
f 28/28/1 29/29/1 30/30/1
f 30/30/1 29/29/1 31/31/1
f 30/30/1 31/31/1 32/32/1
f 32/32/1 31/31/1 33/33/1
f 32/32/1 33/33/1 34/34/1
f 34/34/1 33/33/1 35/35/1
f 34/34/1 35/35/1 36/36/1
f 36/36/1 35/35/1 37/37/1
f 36/36/1 37/37/1 38/38/1
f 38/38/1 37/37/1 39/39/1
f 38/38/1 39/39/1 40/40/1
f 40/40/1 39/39/1 41/41/1
f 40/40/1 41/41/1 42/42/1
f 42/42/1 41/41/1 43/43/1
f 42/42/1 43/43/1 44/44/1
f 44/44/1 43/43/1 45/45/1
f 44/44/1 45/45/1 46/46/1
f 46/46/1 45/45/1 47/47/1
f 46/46/1 47/47/1 48/48/1
f 48/48/1 47/47/1 49/49/1
f 48/48/2 49/49/2 50/50/2
f 50/50/2 49/49/2 51/51/2
f 50/50/3 51/51/3 52/52/3
f 52/52/2 51/51/2 53/53/2
f 52/52/4 53/53/4 54/54/4
f 54/54/5 53/53/5 55/55/5
f 54/54/6 55/55/6 56/56/6
f 56/56/6 55/55/6 57/57/6
f 56/56/6 57/57/6 58/58/6
f 58/58/6 57/57/6 59/59/6
f 58/58/7 59/59/7 60/60/7
f 60/60/7 59/59/7 61/61/7
f 60/60/7 61/61/7 62/62/7
f 62/62/7 61/61/7 63/63/7
f 62/62/8 63/63/8 64/64/8
f 64/64/9 63/63/9 65/65/9
f 64/64/10 65/65/10 66/66/10
f 66/66/10 65/65/10 67/67/10
f 66/66/10 67/67/10 68/68/10
f 68/68/10 67/67/10 69/69/10
f 68/68/11 69/69/11 70/70/11
f 70/70/12 69/69/12 71/71/12
f 70/70/13 71/71/13 72/72/13
f 72/72/13 71/71/13 73/73/13
f 72/72/13 73/73/13 74/74/13
f 74/74/13 73/73/13 75/75/13
f 74/74/14 75/75/14 76/76/14
f 76/76/14 75/75/14 77/77/14
f 76/76/14 77/77/14 78/78/14
f 78/78/14 77/77/14 79/79/14
f 78/78/14 79/79/14 80/80/14
f 80/80/14 79/79/14 81/81/14
f 80/80/15 81/81/15 82/82/15
f 82/82/15 81/81/15 83/83/15
f 82/82/15 83/83/15 84/84/15
f 84/84/15 83/83/15 85/85/15
f 84/84/16 85/85/16 86/86/16
f 86/86/16 85/85/16 87/87/16
f 86/86/16 87/87/16 88/88/16
f 88/88/16 87/87/16 89/89/16
f 88/88/16 89/89/16 90/90/16
f 90/90/17 89/89/17 91/91/17
f 90/90/18 91/91/18 92/92/18
f 92/92/19 91/91/19 93/93/19
f 92/92/19 93/93/19 94/94/19
f 94/94/19 93/93/19 95/95/19
f 94/94/19 95/95/19 96/96/19
f 96/96/20 95/95/20 97/97/20
f 96/96/21 97/97/21 98/98/21
f 98/98/22 97/97/22 99/99/22
f 98/98/22 99/99/22 100/100/22
f 100/100/23 99/99/23 101/101/23
f 100/100/24 101/101/24 102/102/24
f 102/102/25 101/101/25 103/103/25
f 102/102/25 103/103/25 104/104/25
f 104/104/25 103/103/25 105/105/25
f 104/104/25 105/105/25 106/106/25
f 106/106/26 105/105/26 107/107/26
f 106/106/27 107/107/27 108/108/27
f 108/108/28 107/107/28 109/109/28
f 108/108/28 109/109/28 110/110/28
f 110/110/29 109/109/29 111/111/29
f 110/110/30 111/111/30 112/112/30
f 112/112/31 111/111/31 113/113/31
f 112/112/31 113/113/31 114/114/31
f 114/114/32 113/113/32 115/115/32
f 114/114/33 115/115/33 116/116/33
f 116/116/34 115/115/34 117/117/34
f 116/116/35 117/117/35 118/118/35
f 118/118/36 117/117/36 119/119/36
f 118/118/36 119/119/36 120/120/36
f 120/120/37 119/119/37 121/121/37
f 120/120/38 121/121/38 122/122/38
f 122/122/39 121/121/39 123/123/39
f 122/122/40 123/123/40 124/124/40
f 124/124/41 123/123/41 125/125/41
f 124/124/42 125/125/42 126/126/42
f 126/126/43 125/125/43 127/127/43
f 126/126/44 127/127/44 128/128/44
f 128/128/45 127/127/45 129/129/45
f 128/128/46 129/129/46 130/130/46
f 130/130/47 129/129/47 131/131/47
f 130/130/48 131/131/48 132/132/48
f 132/132/49 131/131/49 133/133/49
f 132/132/50 133/133/50 134/134/50
f 134/134/51 133/133/51 135/135/51
f 134/134/52 135/135/52 136/136/52
f 136/136/53 135/135/53 137/137/53
f 136/136/54 137/137/54 138/138/54
f 138/138/55 137/137/55 139/139/55
f 138/138/56 139/139/56 140/140/56
f 140/140/57 139/139/57 141/141/57
f 140/140/58 141/141/58 142/142/58
f 142/142/59 141/141/59 143/143/59
f 142/142/60 143/143/60 144/144/60
f 144/144/61 143/143/61 145/145/61
f 144/144/62 145/145/62 146/146/62
f 146/146/63 145/145/63 147/147/63
f 146/146/64 147/147/64 148/148/64
f 148/148/65 147/147/65 149/149/65
f 148/148/66 149/149/66 150/150/66
f 150/150/67 149/149/67 151/151/67
f 150/150/68 151/151/68 152/152/68
f 152/152/69 151/151/69 153/153/69
f 152/152/70 153/153/70 154/154/70
f 154/154/71 153/153/71 155/155/71
f 154/154/71 155/155/71 156/156/71
f 156/156/71 155/155/71 157/157/71
f 156/156/71 157/157/71 158/158/71
f 158/158/71 157/157/71 159/159/71
f 158/158/71 159/159/71 160/160/71
f 160/160/71 159/159/71 161/161/71
f 160/160/71 161/161/71 162/162/71
f 162/162/71 161/161/71 163/163/71
f 162/162/71 163/163/71 164/164/71
f 164/164/71 163/163/71 165/165/71
f 164/164/71 165/165/71 166/166/71
f 166/166/71 165/165/71 167/167/71
f 166/166/71 167/167/71 168/168/71
f 168/168/71 167/167/71 169/169/71
f 168/168/71 169/169/71 170/170/71
f 170/170/71 169/169/71 171/171/71
f 170/170/71 171/171/71 172/172/71
f 172/172/71 171/171/71 173/173/71
f 172/172/71 173/173/71 174/174/71
f 174/174/71 173/173/71 175/175/71
f 174/174/71 175/175/71 176/176/71
f 176/176/71 175/175/71 177/177/71
f 176/176/71 177/177/71 178/178/71
f 178/178/71 177/177/71 179/179/71
f 178/178/71 179/179/71 180/180/71
f 180/180/71 179/179/71 181/181/71
f 180/180/71 181/181/71 182/182/71
f 182/182/71 181/181/71 183/183/71
f 182/182/71 183/183/71 184/184/71
f 184/184/71 183/183/71 185/185/71
f 184/184/71 185/185/71 186/186/71
f 186/186/71 185/185/71 187/187/71
f 186/186/71 187/187/71 188/188/71
f 188/188/71 187/187/71 189/189/71
f 188/188/71 189/189/71 190/190/71
f 190/190/71 189/189/71 191/191/71
f 190/190/71 191/191/71 192/192/71
f 192/192/71 191/191/71 193/193/71
f 192/192/71 193/193/71 194/194/71
f 194/194/71 193/193/71 195/195/71
f 194/194/71 195/195/71 196/196/71
f 196/196/71 195/195/71 197/197/71
f 196/196/71 197/197/71 198/198/71
f 198/198/71 197/197/71 199/199/71
f 198/198/71 199/199/71 200/200/71
f 200/200/71 199/199/71 201/201/71
f 200/200/71 201/201/71 202/202/71
f 202/202/71 201/201/71 203/203/71
f 202/202/71 203/203/71 204/204/71
f 204/204/71 203/203/71 205/205/71
f 204/204/71 205/205/71 206/206/71
f 206/206/71 205/205/71 207/207/71
f 206/206/71 207/207/71 208/208/71
f 208/208/71 207/207/71 209/209/71
f 208/208/71 209/209/71 210/210/71
f 210/210/71 209/209/71 211/211/71
f 210/210/71 211/211/71 212/212/71
f 212/212/71 211/211/71 213/213/71
f 212/212/71 213/213/71 214/214/71
f 214/214/71 213/213/71 215/215/71
f 214/214/71 215/215/71 216/216/71
f 216/216/71 215/215/71 217/217/71
f 216/216/71 217/217/71 218/218/71
f 218/218/71 217/217/71 219/219/71
f 218/218/71 219/219/71 220/220/71
f 220/220/71 219/219/71 221/221/71
f 220/220/71 221/221/71 222/222/71
f 222/222/71 221/221/71 223/223/71
f 222/222/71 223/223/71 224/224/71
f 224/224/71 223/223/71 225/225/71
f 224/224/71 225/225/71 226/226/71
f 226/226/71 225/225/71 227/227/71
f 226/226/71 227/227/71 228/228/71
f 228/228/71 227/227/71 229/229/71
f 228/228/71 229/229/71 230/230/71
f 230/230/71 229/229/71 231/231/71
f 230/230/71 231/231/71 232/232/71
f 232/232/71 231/231/71 233/233/71
f 232/232/71 233/233/71 234/234/71
f 234/234/71 233/233/71 235/235/71
f 234/234/71 235/235/71 236/236/71
f 236/236/71 235/235/71 237/237/71
f 236/236/71 237/237/71 238/238/71
f 238/238/71 237/237/71 239/239/71
f 238/238/71 239/239/71 240/240/71
f 240/240/71 239/239/71 241/241/71
f 240/240/71 241/241/71 242/242/71
f 242/242/71 241/241/71 243/243/71
f 242/242/71 243/243/71 244/244/71
f 244/244/71 243/243/71 245/245/71
f 244/244/71 245/245/71 246/246/71
f 246/246/71 245/245/71 247/247/71
f 246/246/71 247/247/71 248/248/71
f 248/248/71 247/247/71 249/249/71
f 248/248/71 249/249/71 250/250/71
f 250/250/71 249/249/71 251/251/71
f 250/250/71 251/251/71 252/252/71
f 252/252/71 251/251/71 253/253/71
f 252/252/71 253/253/71 254/254/71
f 254/254/71 253/253/71 255/255/71
f 254/254/71 255/255/71 256/256/71
f 256/256/71 255/255/71 257/257/71
f 256/256/71 257/257/71 258/258/71
f 258/258/71 257/257/71 259/259/71
f 258/258/71 259/259/71 260/260/71
f 260/260/71 259/259/71 261/261/71
f 260/260/71 261/261/71 262/262/71
f 262/262/71 261/261/71 263/263/71
f 262/262/71 263/263/71 264/264/71
f 264/264/71 263/263/71 265/265/71
f 264/264/71 265/265/71 266/266/71
f 266/266/71 265/265/71 267/267/71
f 266/266/71 267/267/71 268/268/71
f 268/268/71 267/267/71 269/269/71
f 268/268/71 269/269/71 270/270/71
f 270/270/71 269/269/71 271/271/71
f 270/270/71 271/271/71 272/272/71
f 272/272/71 271/271/71 273/273/71
f 272/272/71 273/273/71 274/274/71
f 274/274/71 273/273/71 275/275/71
f 274/274/71 275/275/71 276/276/71
f 276/276/71 275/275/71 277/277/71
f 276/276/71 277/277/71 278/278/71
f 278/278/71 277/277/71 279/279/71
f 278/278/71 279/279/71 280/280/71
f 280/280/71 279/279/71 281/281/71
f 280/280/71 281/281/71 282/282/71
f 282/282/71 281/281/71 283/283/71
f 282/282/71 283/283/71 284/284/71
f 284/284/71 283/283/71 285/285/71
f 284/284/71 285/285/71 286/286/71
f 286/286/71 285/285/71 287/287/71
f 286/286/71 287/287/71 288/288/71
f 288/288/71 287/287/71 289/289/71
f 288/288/71 289/289/71 290/290/71
f 290/290/71 289/289/71 291/291/71
f 290/290/71 291/291/71 292/292/71
f 292/292/71 291/291/71 293/293/71
f 292/292/71 293/293/71 294/294/71
f 294/294/71 293/293/71 295/295/71
f 294/294/71 295/295/71 296/296/71
f 296/296/71 295/295/71 297/297/71
f 296/296/71 297/297/71 298/298/71
f 298/298/71 297/297/71 299/299/71
f 298/298/71 299/299/71 300/300/71
f 300/300/71 299/299/71 301/301/71
f 300/300/71 301/301/71 302/302/71
f 302/302/71 301/301/71 303/303/71
f 302/302/71 303/303/71 304/304/71
f 304/304/71 303/303/71 305/305/71
f 304/304/71 305/305/71 306/306/71
f 306/306/71 305/305/71 307/307/71
f 306/306/72 307/307/72 308/308/72
f 308/308/69 307/307/69 309/309/69
f 308/308/73 309/309/73 310/310/73
f 310/310/67 309/309/67 311/311/67
f 310/310/74 311/311/74 312/312/74
f 312/312/75 311/311/75 313/313/75
f 312/312/76 313/313/76 314/314/76
f 314/314/77 313/313/77 315/315/77
f 314/314/78 315/315/78 316/316/78
f 316/316/79 315/315/79 317/317/79
f 316/316/80 317/317/80 318/318/80
f 318/318/81 317/317/81 319/319/81
f 318/318/82 319/319/82 320/320/82
f 320/320/83 319/319/83 321/321/83
f 320/320/84 321/321/84 322/322/84
f 322/322/85 321/321/85 323/323/85
f 322/322/86 323/323/86 324/324/86
f 324/324/87 323/323/87 325/325/87
f 324/324/88 325/325/88 326/326/88
f 326/326/89 325/325/89 327/327/89
f 326/326/90 327/327/90 328/328/90
f 328/328/91 327/327/91 329/329/91
f 328/328/92 329/329/92 330/330/92
f 330/330/93 329/329/93 331/331/93
f 330/330/94 331/331/94 332/332/94
f 332/332/95 331/331/95 333/333/95
f 332/332/96 333/333/96 334/334/96
f 334/334/97 333/333/97 335/335/97
f 334/334/98 335/335/98 336/336/98
f 336/336/99 335/335/99 337/337/99
f 336/336/100 337/337/100 338/338/100
f 338/338/101 337/337/101 339/339/101
f 338/338/102 339/339/102 340/340/102
f 340/340/102 339/339/102 341/341/102
f 340/340/102 341/341/102 342/342/102
f 342/342/102 341/341/102 343/343/102
f 342/342/103 343/343/103 344/344/103
f 344/344/104 343/343/104 345/345/104
f 344/344/105 345/345/105 346/346/105
f 346/346/105 345/345/105 347/347/105
f 346/346/105 347/347/105 348/348/105
f 348/348/105 347/347/105 349/349/105
f 348/348/106 349/349/106 350/350/106
f 350/350/106 349/349/106 351/351/106
f 350/350/106 351/351/106 352/352/106
f 352/352/106 351/351/106 353/353/106
f 352/352/107 353/353/107 354/354/107
f 354/354/107 353/353/107 355/355/107
f 354/354/107 355/355/107 356/356/107
f 356/356/107 355/355/107 357/357/107
f 356/356/107 357/357/107 358/358/107
f 358/358/107 357/357/107 359/359/107
f 358/358/108 359/359/108 360/360/108
f 360/360/108 359/359/108 361/361/108
f 360/360/108 361/361/108 362/362/108
f 362/362/108 361/361/108 363/363/108
f 362/362/109 363/363/109 364/364/109
f 364/364/109 363/363/109 365/365/109
f 364/364/109 365/365/109 366/366/109
f 366/366/109 365/365/109 367/367/109
f 366/366/109 367/367/109 368/368/109
f 368/368/109 367/367/109 369/369/109
f 368/368/110 369/369/110 370/370/110
f 370/370/110 369/369/110 371/371/110
f 370/370/110 371/371/110 372/372/110
f 372/372/110 371/371/110 373/373/110
f 372/372/110 373/373/110 374/374/110
f 374/374/111 373/373/111 375/375/111
f 374/374/112 375/375/112 376/376/112
f 376/376/113 375/375/113 377/377/113
f 376/376/113 377/377/113 378/378/113
f 378/378/114 377/377/114 379/379/114
f 378/378/115 379/379/115 380/380/115
f 380/380/116 379/379/116 381/381/116
f 380/380/116 381/381/116 382/382/116
f 382/382/116 381/381/116 383/383/116
f 382/382/116 383/383/116 384/384/116
f 384/384/117 383/383/117 385/385/117
f 384/384/118 385/385/118 386/386/118
f 386/386/119 385/385/119 387/387/119
f 386/386/119 387/387/119 388/388/119
f 388/388/120 387/387/120 389/389/120
f 388/388/121 389/389/121 390/390/121
f 390/390/122 389/389/122 391/391/122
f 390/390/123 391/391/123 392/392/123
f 392/392/124 391/391/124 393/393/124
f 392/392/124 393/393/124 394/394/124
f 394/394/125 393/393/125 395/395/125
f 394/394/126 395/395/126 396/396/126
f 396/396/127 395/395/127 397/397/127
f 396/396/128 397/397/128 398/398/128
f 398/398/129 397/397/129 399/399/129
f 398/398/129 399/399/129 400/400/129
f 400/400/130 399/399/130 401/401/130
f 400/400/131 401/401/131 402/402/131
f 402/402/132 401/401/132 403/403/132
f 402/402/132 403/403/132 404/404/132
f 404/404/133 403/403/133 405/405/133
f 404/404/134 405/405/134 406/406/134
f 406/406/135 405/405/135 407/407/135
f 406/406/136 407/407/136 408/408/136
f 408/408/137 407/407/137 409/409/137
f 408/408/137 409/409/137 410/410/137
f 410/410/138 409/409/138 411/411/138
f 410/410/139 411/411/139 412/412/139
f 412/412/140 411/411/140 413/413/140
f 412/412/140 413/413/140 414/414/140
f 414/414/140 413/413/140 415/415/140
f 414/414/140 415/415/140 416/416/140
f 416/416/140 415/415/140 417/417/140
f 416/416/140 417/417/140 418/418/140
f 418/418/140 417/417/140 419/419/140
f 418/418/140 419/419/140 420/420/140
f 420/420/140 419/419/140 421/421/140
f 420/420/140 421/421/140 422/422/140
f 422/422/140 421/421/140 423/423/140
f 422/422/140 423/423/140 424/424/140
f 424/424/140 423/423/140 425/425/140
f 424/424/140 425/425/140 426/426/140
f 426/426/140 425/425/140 427/427/140
f 426/426/140 427/427/140 428/428/140
f 428/428/140 427/427/140 429/429/140
f 428/428/140 429/429/140 430/430/140
f 430/430/140 429/429/140 431/431/140
f 430/430/140 431/431/140 432/432/140
f 432/432/140 431/431/140 433/433/140
f 432/432/140 433/433/140 434/434/140
f 434/434/140 433/433/140 435/435/140
f 434/434/140 435/435/140 436/436/140
f 436/436/140 435/435/140 437/437/140
f 436/436/140 437/437/140 438/438/140
f 438/438/140 437/437/140 439/439/140
f 438/438/140 439/439/140 440/440/140
f 440/440/140 439/439/140 441/441/140
f 440/440/140 441/441/140 442/442/140
f 442/442/140 441/441/140 443/443/140
f 442/442/140 443/443/140 444/444/140
f 444/444/140 443/443/140 445/445/140
f 444/444/140 445/445/140 446/446/140
f 446/446/140 445/445/140 447/447/140
f 446/446/140 447/447/140 448/448/140
f 448/448/140 447/447/140 449/449/140
f 448/448/140 449/449/140 450/450/140
f 450/450/140 449/449/140 451/451/140
f 450/450/140 451/451/140 452/452/140
f 452/452/140 451/451/140 453/453/140
f 452/452/140 453/453/140 454/454/140
f 454/454/140 453/453/140 455/455/140
f 454/454/140 455/455/140 456/456/140
f 456/456/140 455/455/140 457/457/140
f 456/456/140 457/457/140 458/458/140
f 458/458/140 457/457/140 459/459/140
f 458/458/140 459/459/140 460/460/140
f 460/460/140 459/459/140 461/461/140
f 460/460/140 461/461/140 462/462/140
f 462/462/140 461/461/140 463/463/140
f 462/462/140 463/463/140 464/464/140
f 464/464/140 463/463/140 465/465/140
f 464/464/140 465/465/140 466/466/140
f 466/466/140 465/465/140 467/467/140
f 466/466/140 467/467/140 468/468/140
f 468/468/140 467/467/140 469/469/140
f 468/468/140 469/469/140 470/470/140
f 470/470/140 469/469/140 471/471/140
f 470/470/140 471/471/140 472/472/140
f 472/472/140 471/471/140 473/473/140
f 472/472/140 473/473/140 474/474/140
f 474/474/140 473/473/140 475/475/140
f 474/474/140 475/475/140 476/476/140
f 476/476/140 475/475/140 477/477/140
f 476/476/140 477/477/140 478/478/140
f 478/478/140 477/477/140 479/479/140
f 478/478/140 479/479/140 480/480/140
f 480/480/140 479/479/140 481/481/140
f 480/480/140 481/481/140 482/482/140
f 482/482/140 481/481/140 483/483/140
f 482/482/140 483/483/140 484/484/140
f 484/484/140 483/483/140 485/485/140
f 484/484/140 485/485/140 486/486/140
f 486/486/140 485/485/140 487/487/140
f 486/486/140 487/487/140 488/488/140
f 488/488/140 487/487/140 489/489/140
f 488/488/140 489/489/140 490/490/140
f 490/490/140 489/489/140 491/491/140
f 490/490/140 491/491/140 492/492/140
f 492/492/140 491/491/140 493/493/140
f 492/492/140 493/493/140 494/494/140
f 494/494/140 493/493/140 495/495/140
f 494/494/140 495/495/140 496/496/140
f 496/496/140 495/495/140 497/497/140
f 496/496/140 497/497/140 498/498/140
f 498/498/140 497/497/140 499/499/140
f 498/498/140 499/499/140 500/500/140
f 500/500/140 499/499/140 501/501/140
f 500/500/140 501/501/140 502/502/140
f 502/502/140 501/501/140 503/503/140
f 502/502/140 503/503/140 504/504/140
f 504/504/140 503/503/140 505/505/140
f 504/504/140 505/505/140 506/506/140
f 506/506/140 505/505/140 507/507/140
f 506/506/140 507/507/140 508/508/140
f 508/508/140 507/507/140 509/509/140
f 508/508/141 509/509/141 510/510/141
f 510/510/142 509/509/142 511/511/142
f 510/510/143 511/511/143 512/512/143
f 512/512/144 511/511/144 513/513/144
f 512/512/145 513/513/145 514/514/145
f 514/514/146 513/513/146 515/515/146
f 514/514/147 515/515/147 516/516/147
f 516/516/147 515/515/147 517/517/147
f 516/516/147 517/517/147 518/518/147
f 518/518/147 517/517/147 519/519/147
f 518/518/148 519/519/148 520/520/148
f 520/520/149 519/519/149 521/521/149
f 520/520/150 521/521/150 522/522/150
f 522/522/150 521/521/150 523/523/150
f 522/522/150 523/523/150 524/524/150
f 524/524/150 523/523/150 525/525/150
f 524/524/151 525/525/151 526/526/151
f 526/526/152 525/525/152 527/527/152
f 526/526/153 527/527/153 528/528/153
f 528/528/153 527/527/153 529/529/153
f 528/528/153 529/529/153 530/530/153
f 530/530/153 529/529/153 531/531/153
f 530/530/154 531/531/154 532/532/154
f 532/532/154 531/531/154 533/533/154
f 532/532/154 533/533/154 534/534/154
f 534/534/154 533/533/154 535/535/154
f 534/534/155 535/535/155 536/536/155
f 536/536/155 535/535/155 537/537/155
f 536/536/155 537/537/155 538/538/155
f 538/538/155 537/537/155 539/539/155
f 538/538/155 539/539/155 540/540/155
f 540/540/155 539/539/155 541/541/155
f 540/540/156 541/541/156 542/542/156
f 542/542/156 541/541/156 543/543/156
f 542/542/156 543/543/156 544/544/156
f 544/544/156 543/543/156 545/545/156
f 544/544/156 545/545/156 546/546/156
f 546/546/156 545/545/156 547/547/156
f 546/546/157 547/547/157 548/548/157
f 548/548/157 547/547/157 549/549/157
f 548/548/157 549/549/157 550/550/157
f 550/550/157 549/549/157 551/551/157
f 550/550/158 551/551/158 552/552/158
f 552/552/158 551/551/158 553/553/158
f 552/552/158 553/553/158 554/554/158
f 554/554/158 553/553/158 555/555/158
f 554/554/158 555/555/158 556/556/158
f 556/556/159 555/555/159 557/557/159
f 556/556/160 557/557/160 558/558/160
f 558/558/161 557/557/161 559/559/161
f 558/558/161 559/559/161 560/560/161
f 560/560/162 559/559/162 561/561/162
f 560/560/163 561/561/163 562/562/163
f 562/562/164 561/561/164 563/563/164
f 562/562/164 563/563/164 564/564/164
f 564/564/164 563/563/164 565/565/164
f 564/564/164 565/565/164 566/566/164
f 566/566/164 565/565/164 567/567/164
f 566/566/164 567/567/164 568/568/164
f 568/568/165 567/567/165 569/569/165
f 568/568/166 569/569/166 570/570/166
f 570/570/167 569/569/167 571/571/167
f 570/570/167 571/571/167 572/572/167
f 572/572/168 571/571/168 573/573/168
f 572/572/169 573/573/169 574/574/169
f 574/574/170 573/573/170 575/575/170
f 574/574/170 575/575/170 576/576/170
f 576/576/171 575/575/171 577/577/171
f 576/576/172 577/577/172 578/578/172
f 578/578/173 577/577/173 579/579/173
f 578/578/174 579/579/174 580/580/174
f 580/580/175 579/579/175 581/581/175
f 580/580/175 581/581/175 582/582/175
f 582/582/176 581/581/176 583/583/176
f 582/582/177 583/583/177 584/584/177
f 584/584/178 583/583/178 585/585/178
f 584/584/178 585/585/178 586/586/178
f 586/586/179 585/585/179 587/587/179
f 586/586/180 587/587/180 588/588/180
f 588/588/181 587/587/181 589/589/181
f 588/588/182 589/589/182 590/590/182
f 590/590/183 589/589/183 591/591/183
f 590/590/184 591/591/184 592/592/184
f 592/592/185 591/591/185 593/593/185
f 592/592/186 593/593/186 594/594/186
f 594/594/187 593/593/187 595/595/187
f 594/594/188 595/595/188 596/596/188
f 596/596/189 595/595/189 597/597/189
f 596/596/190 597/597/190 598/598/190
f 598/598/191 597/597/191 599/599/191
f 598/598/192 599/599/192 600/600/192
f 600/600/193 599/599/193 601/601/193
f 600/600/194 601/601/194 602/602/194
f 602/602/195 601/601/195 603/603/195
f 602/602/196 603/603/196 604/604/196
f 604/604/197 603/603/197 605/605/197
f 604/604/198 605/605/198 606/606/198
f 606/606/199 605/605/199 607/607/199
f 606/606/200 607/607/200 608/608/200
f 608/608/201 607/607/201 609/609/201
f 608/608/202 609/609/202 610/610/202
f 610/610/203 609/609/203 611/611/203
f 610/610/204 611/611/204 612/612/204
f 612/612/205 611/611/205 613/613/205
f 612/612/206 613/613/206 614/614/206
f 614/614/207 613/613/207 615/615/207
f 614/614/208 615/615/208 616/616/208
f 616/616/209 615/615/209 617/617/209
f 616/616/209 617/617/209 618/618/209
f 618/618/209 617/617/209 619/619/209
f 618/618/209 619/619/209 620/620/209
f 620/620/209 619/619/209 621/621/209
f 620/620/209 621/621/209 622/622/209
f 622/622/209 621/621/209 623/623/209
f 622/622/209 623/623/209 624/624/209
f 624/624/209 623/623/209 625/625/209
f 624/624/209 625/625/209 626/626/209
f 626/626/209 625/625/209 627/627/209
f 626/626/209 627/627/209 628/628/209
f 628/628/209 627/627/209 629/629/209
f 628/628/209 629/629/209 630/630/209
f 630/630/209 629/629/209 631/631/209
f 630/630/209 631/631/209 632/632/209
f 632/632/209 631/631/209 633/633/209
f 632/632/209 633/633/209 634/634/209
f 634/634/209 633/633/209 635/635/209
f 634/634/209 635/635/209 636/636/209
f 636/636/209 635/635/209 637/637/209
f 636/636/209 637/637/209 638/638/209
f 638/638/209 637/637/209 639/639/209
f 638/638/209 639/639/209 640/640/209
f 640/640/209 639/639/209 641/641/209
f 640/640/209 641/641/209 642/642/209
f 642/642/209 641/641/209 643/643/209
f 642/642/209 643/643/209 644/644/209
f 644/644/209 643/643/209 645/645/209
f 644/644/209 645/645/209 646/646/209
f 646/646/209 645/645/209 647/647/209
f 646/646/209 647/647/209 648/648/209
f 648/648/209 647/647/209 649/649/209
f 648/648/209 649/649/209 650/650/209
f 650/650/209 649/649/209 651/651/209
f 650/650/209 651/651/209 652/652/209
f 652/652/209 651/651/209 653/653/209
f 652/652/209 653/653/209 654/654/209
f 654/654/209 653/653/209 655/655/209
f 654/654/209 655/655/209 656/656/209
f 656/656/209 655/655/209 657/657/209
f 656/656/209 657/657/209 658/658/209
f 658/658/209 657/657/209 659/659/209
f 658/658/209 659/659/209 660/660/209
f 660/660/209 659/659/209 661/661/209
f 660/660/209 661/661/209 662/662/209
f 662/662/209 661/661/209 663/663/209
f 662/662/209 663/663/209 664/664/209
f 664/664/209 663/663/209 665/665/209
f 664/664/209 665/665/209 666/666/209
f 666/666/209 665/665/209 667/667/209
f 666/666/209 667/667/209 668/668/209
f 668/668/209 667/667/209 669/669/209
f 668/668/209 669/669/209 670/670/209
f 670/670/209 669/669/209 671/671/209
f 670/670/209 671/671/209 672/672/209
f 672/672/209 671/671/209 673/673/209
f 672/672/209 673/673/209 674/674/209
f 674/674/209 673/673/209 675/675/209
f 674/674/209 675/675/209 676/676/209
f 676/676/209 675/675/209 677/677/209
f 676/676/209 677/677/209 678/678/209
f 678/678/209 677/677/209 679/679/209
f 678/678/209 679/679/209 680/680/209
f 680/680/209 679/679/209 681/681/209
f 680/680/209 681/681/209 682/682/209
f 682/682/209 681/681/209 683/683/209
f 682/682/209 683/683/209 684/684/209
f 684/684/209 683/683/209 685/685/209
f 684/684/209 685/685/209 686/686/209
f 686/686/209 685/685/209 687/687/209
f 686/686/209 687/687/209 688/688/209
f 688/688/209 687/687/209 689/689/209
f 688/688/209 689/689/209 690/690/209
f 690/690/209 689/689/209 691/691/209
f 690/690/209 691/691/209 692/692/209
f 692/692/209 691/691/209 693/693/209
f 692/692/209 693/693/209 694/694/209
f 694/694/209 693/693/209 695/695/209
f 694/694/209 695/695/209 696/696/209
f 696/696/209 695/695/209 697/697/209
f 696/696/209 697/697/209 698/698/209
f 698/698/209 697/697/209 699/699/209
f 698/698/209 699/699/209 700/700/209
f 700/700/209 699/699/209 701/701/209
f 700/700/209 701/701/209 702/702/209
f 702/702/209 701/701/209 703/703/209
f 702/702/209 703/703/209 704/704/209
f 704/704/209 703/703/209 705/705/209
f 704/704/209 705/705/209 706/706/209
f 706/706/209 705/705/209 707/707/209
f 706/706/209 707/707/209 708/708/209
f 708/708/209 707/707/209 709/709/209
f 708/708/209 709/709/209 710/710/209
f 710/710/209 709/709/209 711/711/209
f 710/710/209 711/711/209 712/712/209
f 712/712/209 711/711/209 713/713/209
f 712/712/209 713/713/209 714/714/209
f 714/714/209 713/713/209 715/715/209
f 714/714/209 715/715/209 716/716/209
f 716/716/209 715/715/209 717/717/209
f 716/716/209 717/717/209 718/718/209
f 718/718/209 717/717/209 719/719/209
f 718/718/209 719/719/209 720/720/209
f 720/720/209 719/719/209 721/721/209
f 720/720/209 721/721/209 722/722/209
f 722/722/209 721/721/209 723/723/209
f 722/722/209 723/723/209 724/724/209
f 724/724/209 723/723/209 725/725/209
f 724/724/210 725/725/210 726/726/210
f 726/726/207 725/725/207 727/727/207
f 726/726/211 727/727/211 728/728/211
f 728/728/205 727/727/205 729/729/205
f 728/728/212 729/729/212 730/730/212
f 730/730/213 729/729/213 731/731/213
f 730/730/214 731/731/214 732/732/214
f 732/732/215 731/731/215 733/733/215
f 732/732/216 733/733/216 734/734/216
f 734/734/217 733/733/217 735/735/217
f 734/734/218 735/735/218 736/736/218
f 736/736/219 735/735/219 737/737/219
f 736/736/220 737/737/220 738/738/220
f 738/738/221 737/737/221 739/739/221
f 738/738/222 739/739/222 740/740/222
f 740/740/223 739/739/223 741/741/223
f 740/740/224 741/741/224 742/742/224
f 742/742/225 741/741/225 743/743/225
f 742/742/226 743/743/226 744/744/226
f 744/744/227 743/743/227 745/745/227
f 744/744/228 745/745/228 746/746/228
f 746/746/229 745/745/229 747/747/229
f 746/746/230 747/747/230 748/748/230
f 748/748/231 747/747/231 749/749/231
f 748/748/232 749/749/232 750/750/232
f 750/750/233 749/749/233 751/751/233
f 750/750/234 751/751/234 752/752/234
f 752/752/235 751/751/235 753/753/235
f 752/752/236 753/753/236 754/754/236
f 754/754/236 753/753/236 755/755/236
f 754/754/236 755/755/236 756/756/236
f 756/756/236 755/755/236 757/757/236
f 756/756/237 757/757/237 758/758/237
f 758/758/237 757/757/237 759/759/237
f 758/758/237 759/759/237 760/760/237
f 760/760/237 759/759/237 761/761/237
f 760/760/238 761/761/238 762/762/238
f 762/762/239 761/761/239 763/763/239
f 762/762/240 763/763/240 764/764/240
f 764/764/240 763/763/240 765/765/240
f 764/764/240 765/765/240 766/766/240
f 766/766/240 765/765/240 767/767/240
f 766/766/241 767/767/241 768/768/241
f 768/768/241 767/767/241 769/769/241
f 768/768/241 769/769/241 770/770/241
f 770/770/241 769/769/241 771/771/241
f 770/770/242 771/771/242 772/772/242
f 772/772/242 771/771/242 773/773/242
f 772/772/242 773/773/242 774/774/242
f 774/774/242 773/773/242 775/775/242
f 774/774/242 775/775/242 776/776/242
f 776/776/242 775/775/242 777/777/242
f 776/776/242 777/777/242 778/778/242
f 778/778/242 777/777/242 779/779/242
f 778/778/243 779/779/243 780/780/243
f 780/780/243 779/779/243 781/781/243
f 780/780/243 781/781/243 782/782/243
f 782/782/243 781/781/243 783/783/243
f 782/782/244 783/783/244 784/784/244
f 784/784/244 783/783/244 785/785/244
f 784/784/244 785/785/244 786/786/244
f 786/786/244 785/785/244 787/787/244
f 786/786/244 787/787/244 788/788/244
f 788/788/245 787/787/245 789/789/245
f 788/788/246 789/789/246 790/790/246
f 790/790/247 789/789/247 791/791/247
f 790/790/247 791/791/247 792/792/247
f 792/792/248 791/791/248 793/793/248
f 792/792/249 793/793/249 794/794/249
f 794/794/250 793/793/250 795/795/250
f 794/794/250 795/795/250 796/796/250
f 796/796/250 795/795/250 797/797/250
f 796/796/250 797/797/250 798/798/250
f 798/798/251 797/797/251 799/799/251
f 798/798/252 799/799/252 800/800/252
f 800/800/253 799/799/253 801/801/253
f 800/800/253 801/801/253 802/802/253
f 802/802/253 801/801/253 803/803/253
f 802/802/253 803/803/253 804/804/253
f 804/804/254 803/803/254 805/805/254
f 804/804/255 805/805/255 806/806/255
f 806/806/256 805/805/256 807/807/256
f 806/806/256 807/807/256 808/808/256
f 808/808/257 807/807/257 809/809/257
f 808/808/258 809/809/258 810/810/258
f 810/810/259 809/809/259 811/811/259
f 810/810/259 811/811/259 812/812/259
f 812/812/260 811/811/260 813/813/260
f 812/812/261 813/813/261 814/814/261
f 814/814/262 813/813/262 815/815/262
f 814/814/263 815/815/263 816/816/263
f 816/816/264 815/815/264 817/817/264
f 816/816/264 817/817/264 818/818/264
f 818/818/265 817/817/265 819/819/265
f 818/818/266 819/819/266 820/820/266
f 820/820/267 819/819/267 821/821/267
f 820/820/268 821/821/268 822/822/268
f 822/822/269 821/821/269 823/823/269
f 822/822/269 823/823/269 824/824/269
f 824/824/270 823/823/270 825/825/270
f 824/824/271 825/825/271 826/826/271
f 826/826/272 825/825/272 827/827/272
f 826/826/273 827/827/273 828/828/273
f 828/828/274 827/827/274 829/829/274
f 828/828/275 829/829/275 830/830/275
f 830/830/276 829/829/276 831/831/276
f 830/830/277 831/831/277 832/832/277
f 832/832/1 831/831/1 833/833/1
f 832/832/1 833/833/1 834/834/1
f 834/834/1 833/833/1 835/835/1
f 834/834/1 835/835/1 836/836/1
f 836/836/1 835/835/1 837/837/1
f 836/836/1 837/837/1 838/838/1
f 838/838/1 837/837/1 839/839/1
f 838/838/1 839/839/1 840/840/1
f 840/840/1 839/839/1 841/841/1
f 840/840/1 841/841/1 842/842/1
f 842/842/1 841/841/1 843/843/1
f 842/842/1 843/843/1 844/844/1
f 844/844/1 843/843/1 845/845/1
f 844/844/1 845/845/1 846/846/1
f 846/846/1 845/845/1 847/847/1
f 846/846/1 847/847/1 848/848/1
f 848/848/1 847/847/1 849/849/1
f 848/848/1 849/849/1 850/850/1
f 850/850/1 849/849/1 851/851/1
f 850/850/1 851/851/1 852/852/1
f 852/852/1 851/851/1 853/853/1
f 852/852/1 853/853/1 854/854/1
f 854/854/1 853/853/1 855/855/1
f 854/854/1 855/855/1 856/856/1
f 856/856/1 855/855/1 857/857/1
f 856/856/1 857/857/1 858/858/1
f 858/858/1 857/857/1 859/859/1
f 858/858/1 859/859/1 860/860/1
f 860/860/1 859/859/1 861/861/1
f 860/860/1 861/861/1 862/862/1
f 862/862/1 861/861/1 863/863/1
f 862/862/1 863/863/1 864/864/1
f 864/864/1 863/863/1 865/865/1
f 864/864/1 865/865/1 866/866/1
f 866/866/1 865/865/1 867/867/1
f 866/866/1 867/867/1 868/868/1
f 868/868/1 867/867/1 869/869/1
f 868/868/1 869/869/1 870/870/1
f 870/870/1 869/869/1 871/871/1
f 870/870/1 871/871/1 872/872/1
f 872/872/1 871/871/1 873/873/1
f 872/872/1 873/873/1 874/874/1
f 874/874/1 873/873/1 875/875/1
f 874/874/1 875/875/1 876/876/1
f 876/876/1 875/875/1 877/877/1
f 876/876/1 877/877/1 878/878/1
f 878/878/1 877/877/1 879/879/1
f 878/878/1 879/879/1 880/880/1
f 880/880/1 879/879/1 2/2/1
f 880/880/1 2/2/1 1/1/1
g rear_annulus
f 2/2/278 881/881/278 882/882/278
f 2/2/278 882/882/278 3/3/278
f 3/3/278 882/882/278 883/883/278
f 3/3/278 883/883/278 5/5/278
f 5/5/278 883/883/278 884/884/278
f 5/5/278 884/884/278 7/7/278
f 7/7/278 884/884/278 885/885/278
f 7/7/278 885/885/278 9/9/278
f 9/9/278 885/885/278 886/886/278
f 9/9/278 886/886/278 11/11/278
f 11/11/278 886/886/278 887/887/278
f 11/11/278 887/887/278 13/13/278
f 13/13/278 887/887/278 888/888/278
f 13/13/278 888/888/278 15/15/278
f 15/15/278 888/888/278 889/889/278
f 15/15/278 889/889/278 17/17/278
f 17/17/278 889/889/278 890/890/278
f 17/17/278 890/890/278 19/19/278
f 19/19/278 890/890/278 891/891/278
f 19/19/278 891/891/278 21/21/278
f 21/21/278 891/891/278 892/892/278
f 21/21/278 892/892/278 23/23/278
f 23/23/278 892/892/278 893/893/278
f 23/23/278 893/893/278 25/25/278
f 25/25/278 893/893/278 894/894/278
f 25/25/278 894/894/278 27/27/278
f 27/27/278 894/894/278 895/895/278
f 27/27/278 895/895/278 29/29/278
f 29/29/278 895/895/278 896/896/278
f 29/29/278 896/896/278 31/31/278
f 31/31/278 896/896/278 897/897/278
f 31/31/278 897/897/278 33/33/278
f 33/33/278 897/897/278 898/898/278
f 33/33/278 898/898/278 35/35/278
f 35/35/278 898/898/278 899/899/278
f 35/35/278 899/899/278 37/37/278
f 37/37/278 899/899/278 900/900/278
f 37/37/278 900/900/278 39/39/278
f 39/39/278 900/900/278 901/901/278
f 39/39/278 901/901/278 41/41/278
f 41/41/278 901/901/278 902/902/278
f 41/41/278 902/902/278 43/43/278
f 43/43/278 902/902/278 903/903/278
f 43/43/278 903/903/278 45/45/278
f 45/45/278 903/903/278 904/904/278
f 45/45/278 904/904/278 47/47/278
f 47/47/278 904/904/278 905/905/278
f 47/47/278 905/905/278 49/49/278
f 49/49/278 905/905/278 906/906/278
f 49/49/278 906/906/278 51/51/278
f 51/51/278 906/906/278 907/907/278
f 51/51/278 907/907/278 53/53/278
f 53/53/278 907/907/278 908/908/278
f 53/53/278 908/908/278 55/55/278
f 55/55/278 908/908/278 909/909/278
f 55/55/278 909/909/278 57/57/278
f 57/57/278 909/909/278 910/910/278
f 57/57/278 910/910/278 59/59/278
f 59/59/278 910/910/278 911/911/278
f 59/59/278 911/911/278 61/61/278
f 61/61/278 911/911/278 912/912/278
f 61/61/278 912/912/278 63/63/278
f 63/63/278 912/912/278 913/913/278
f 63/63/278 913/913/278 65/65/278
f 65/65/278 913/913/278 914/914/278
f 65/65/278 914/914/278 67/67/278
f 67/67/278 914/914/278 915/915/278
f 67/67/278 915/915/278 69/69/278
f 69/69/278 915/915/278 916/916/278
f 69/69/278 916/916/278 71/71/278
f 71/71/278 916/916/278 917/917/278
f 71/71/278 917/917/278 73/73/278
f 73/73/278 917/917/278 918/918/278
f 73/73/278 918/918/278 75/75/278
f 75/75/278 918/918/278 919/919/278
f 75/75/278 919/919/278 77/77/278
f 77/77/278 919/919/278 920/920/278
f 77/77/278 920/920/278 79/79/278
f 79/79/278 920/920/278 921/921/278
f 79/79/278 921/921/278 81/81/278
f 81/81/278 921/921/278 922/922/278
f 81/81/278 922/922/278 83/83/278
f 83/83/278 922/922/278 923/923/278
f 83/83/278 923/923/278 85/85/278
f 85/85/278 923/923/278 924/924/278
f 85/85/278 924/924/278 87/87/278
f 87/87/278 924/924/278 925/925/278
f 87/87/278 925/925/278 89/89/278
f 89/89/278 925/925/278 926/926/278
f 89/89/278 926/926/278 91/91/278
f 91/91/278 926/926/278 927/927/278
f 91/91/278 927/927/278 93/93/278
f 93/93/278 927/927/278 928/928/278
f 93/93/278 928/928/278 95/95/278
f 95/95/278 928/928/278 929/929/278
f 95/95/278 929/929/278 97/97/278
f 97/97/278 929/929/278 930/930/278
f 97/97/278 930/930/278 99/99/278
f 99/99/278 930/930/278 931/931/278
f 99/99/278 931/931/278 101/101/278
f 101/101/278 931/931/278 932/932/278
f 101/101/278 932/932/278 103/103/278
f 103/103/278 932/932/278 933/933/278
f 103/103/278 933/933/278 105/105/278
f 105/105/278 933/933/278 934/934/278
f 105/105/278 934/934/278 107/107/278
f 107/107/278 934/934/278 935/935/278
f 107/107/278 935/935/278 109/109/278
f 109/109/278 935/935/278 936/936/278
f 109/109/278 936/936/278 111/111/278
f 111/111/278 936/936/278 937/937/278
f 111/111/278 937/937/278 113/113/278
f 113/113/278 937/937/278 938/938/278
f 113/113/278 938/938/278 115/115/278
f 115/115/278 938/938/278 939/939/278
f 115/115/278 939/939/278 117/117/278
f 117/117/278 939/939/278 940/940/278
f 117/117/278 940/940/278 119/119/278
f 119/119/278 940/940/278 941/941/278
f 119/119/278 941/941/278 121/121/278
f 121/121/278 941/941/278 942/942/278
f 121/121/278 942/942/278 123/123/278
f 123/123/278 942/942/278 943/943/278
f 123/123/278 943/943/278 125/125/278
f 125/125/278 943/943/278 944/944/278
f 125/125/278 944/944/278 127/127/278
f 127/127/278 944/944/278 945/945/278
f 127/127/278 945/945/278 129/129/278
f 129/129/278 945/945/278 946/946/278
f 129/129/278 946/946/278 131/131/278
f 131/131/278 946/946/278 947/947/278
f 131/131/278 947/947/278 133/133/278
f 133/133/278 947/947/278 948/948/278
f 133/133/278 948/948/278 135/135/278
f 135/135/278 948/948/278 949/949/278
f 135/135/278 949/949/278 137/137/278
f 137/137/278 949/949/278 950/950/278
f 137/137/278 950/950/278 139/139/278
f 139/139/278 950/950/278 951/951/278
f 139/139/278 951/951/278 141/141/278
f 141/141/278 951/951/278 952/952/278
f 141/141/278 952/952/278 143/143/278
f 143/143/278 952/952/278 953/953/278
f 143/143/278 953/953/278 145/145/278
f 145/145/278 953/953/278 954/954/278
f 145/145/278 954/954/278 147/147/278
f 147/147/278 954/954/278 955/955/278
f 147/147/278 955/955/278 149/149/278
f 149/149/278 955/955/278 956/956/278
f 149/149/278 956/956/278 151/151/278
f 151/151/278 956/956/278 957/957/278
f 151/151/278 957/957/278 153/153/278
f 153/153/278 957/957/278 958/958/278
f 153/153/278 958/958/278 155/155/278
f 155/155/278 958/958/278 959/959/278
f 155/155/278 959/959/278 157/157/278
f 157/157/278 959/959/278 960/960/278
f 157/157/278 960/960/278 159/159/278
f 159/159/278 960/960/278 961/961/278
f 159/159/278 961/961/278 161/161/278
f 161/161/278 961/961/278 962/962/278
f 161/161/278 962/962/278 163/163/278
f 163/163/278 962/962/278 963/963/278
f 163/163/278 963/963/278 165/165/278
f 165/165/278 963/963/278 964/964/278
f 165/165/278 964/964/278 167/167/278
f 167/167/278 964/964/278 965/965/278
f 167/167/278 965/965/278 169/169/278
f 169/169/278 965/965/278 966/966/278
f 169/169/278 966/966/278 171/171/278
f 171/171/278 966/966/278 967/967/278
f 171/171/278 967/967/278 173/173/278
f 173/173/278 967/967/278 968/968/278
f 173/173/278 968/968/278 175/175/278
f 175/175/278 968/968/278 969/969/278
f 175/175/278 969/969/278 177/177/278
f 177/177/278 969/969/278 970/970/278
f 177/177/278 970/970/278 179/179/278
f 179/179/278 970/970/278 971/971/278
f 179/179/278 971/971/278 181/181/278
f 181/181/278 971/971/278 972/972/278
f 181/181/278 972/972/278 183/183/278
f 183/183/278 972/972/278 973/973/278
f 183/183/278 973/973/278 185/185/278
f 185/185/278 973/973/278 974/974/278
f 185/185/278 974/974/278 187/187/278
f 187/187/278 974/974/278 975/975/278
f 187/187/278 975/975/278 189/189/278
f 189/189/278 975/975/278 976/976/278
f 189/189/278 976/976/278 191/191/278
f 191/191/278 976/976/278 977/977/278
f 191/191/278 977/977/278 193/193/278
f 193/193/278 977/977/278 978/978/278
f 193/193/278 978/978/278 195/195/278
f 195/195/278 978/978/278 979/979/278
f 195/195/278 979/979/278 197/197/278
f 197/197/278 979/979/278 980/980/278
f 197/197/278 980/980/278 199/199/278
f 199/199/278 980/980/278 981/981/278
f 199/199/278 981/981/278 201/201/278
f 201/201/278 981/981/278 982/982/278
f 201/201/278 982/982/278 203/203/278
f 203/203/278 982/982/278 983/983/278
f 203/203/278 983/983/278 205/205/278
f 205/205/278 983/983/278 984/984/278
f 205/205/278 984/984/278 207/207/278
f 207/207/278 984/984/278 985/985/278
f 207/207/278 985/985/278 209/209/278
f 209/209/278 985/985/278 986/986/278
f 209/209/278 986/986/278 211/211/278
f 211/211/278 986/986/278 987/987/278
f 211/211/278 987/987/278 213/213/278
f 213/213/278 987/987/278 988/988/278
f 213/213/278 988/988/278 215/215/278
f 215/215/278 988/988/278 989/989/278
f 215/215/278 989/989/278 217/217/278
f 217/217/278 989/989/278 990/990/278
f 217/217/278 990/990/278 219/219/278
f 219/219/278 990/990/278 991/991/278
f 219/219/278 991/991/278 221/221/278
f 221/221/278 991/991/278 992/992/278
f 221/221/278 992/992/278 223/223/278
f 223/223/278 992/992/278 993/993/278
f 223/223/278 993/993/278 225/225/278
f 225/225/278 993/993/278 994/994/278
f 225/225/278 994/994/278 227/227/278
f 227/227/278 994/994/278 995/995/278
f 227/227/278 995/995/278 229/229/278
f 229/229/278 995/995/278 996/996/278
f 229/229/278 996/996/278 231/231/278
f 231/231/278 996/996/278 997/997/278
f 231/231/278 997/997/278 233/233/278
f 233/233/278 997/997/278 998/998/278
f 233/233/278 998/998/278 235/235/278
f 235/235/278 998/998/278 999/999/278
f 235/235/278 999/999/278 237/237/278
f 237/237/278 999/999/278 1000/1000/278
f 237/237/278 1000/1000/278 239/239/278
f 239/239/278 1000/1000/278 1001/1001/278
f 239/239/278 1001/1001/278 241/241/278
f 241/241/278 1001/1001/278 1002/1002/278
f 241/241/278 1002/1002/278 243/243/278
f 243/243/278 1002/1002/278 1003/1003/278
f 243/243/278 1003/1003/278 245/245/278
f 245/245/278 1003/1003/278 1004/1004/278
f 245/245/278 1004/1004/278 247/247/278
f 247/247/278 1004/1004/278 1005/1005/278
f 247/247/278 1005/1005/278 249/249/278
f 249/249/278 1005/1005/278 1006/1006/278
f 249/249/278 1006/1006/278 251/251/278
f 251/251/278 1006/1006/278 1007/1007/278
f 251/251/278 1007/1007/278 253/253/278
f 253/253/278 1007/1007/278 1008/1008/278
f 253/253/278 1008/1008/278 255/255/278
f 255/255/278 1008/1008/278 1009/1009/278
f 255/255/278 1009/1009/278 257/257/278
f 257/257/278 1009/1009/278 1010/1010/278
f 257/257/278 1010/1010/278 259/259/278
f 259/259/278 1010/1010/278 1011/1011/278
f 259/259/278 1011/1011/278 261/261/278
f 261/261/278 1011/1011/278 1012/1012/278
f 261/261/278 1012/1012/278 263/263/278
f 263/263/278 1012/1012/278 1013/1013/278
f 263/263/278 1013/1013/278 265/265/278
f 265/265/278 1013/1013/278 1014/1014/278
f 265/265/278 1014/1014/278 267/267/278
f 267/267/278 1014/1014/278 1015/1015/278
f 267/267/278 1015/1015/278 269/269/278
f 269/269/278 1015/1015/278 1016/1016/278
f 269/269/278 1016/1016/278 271/271/278
f 271/271/278 1016/1016/278 1017/1017/278
f 271/271/278 1017/1017/278 273/273/278
f 273/273/278 1017/1017/278 1018/1018/278
f 273/273/278 1018/1018/278 275/275/278
f 275/275/278 1018/1018/278 1019/1019/278
f 275/275/278 1019/1019/278 277/277/278
f 277/277/278 1019/1019/278 1020/1020/278
f 277/277/278 1020/1020/278 279/279/278
f 279/279/278 1020/1020/278 1021/1021/278
f 279/279/278 1021/1021/278 281/281/278
f 281/281/278 1021/1021/278 1022/1022/278
f 281/281/278 1022/1022/278 283/283/278
f 283/283/278 1022/1022/278 1023/1023/278
f 283/283/278 1023/1023/278 285/285/278
f 285/285/278 1023/1023/278 1024/1024/278
f 285/285/278 1024/1024/278 287/287/278
f 287/287/278 1024/1024/278 1025/1025/278
f 287/287/278 1025/1025/278 289/289/278
f 289/289/278 1025/1025/278 1026/1026/278
f 289/289/278 1026/1026/278 291/291/278
f 291/291/278 1026/1026/278 1027/1027/278
f 291/291/278 1027/1027/278 293/293/278
f 293/293/278 1027/1027/278 1028/1028/278
f 293/293/278 1028/1028/278 295/295/278
f 295/295/278 1028/1028/278 1029/1029/278
f 295/295/278 1029/1029/278 297/297/278
f 297/297/278 1029/1029/278 1030/1030/278
f 297/297/278 1030/1030/278 299/299/278
f 299/299/278 1030/1030/278 1031/1031/278
f 299/299/278 1031/1031/278 301/301/278
f 301/301/278 1031/1031/278 1032/1032/278
f 301/301/278 1032/1032/278 303/303/278
f 303/303/278 1032/1032/278 1033/1033/278
f 303/303/278 1033/1033/278 305/305/278
f 305/305/278 1033/1033/278 1034/1034/278
f 305/305/278 1034/1034/278 307/307/278
f 307/307/278 1034/1034/278 1035/1035/278
f 307/307/278 1035/1035/278 309/309/278
f 309/309/278 1035/1035/278 1036/1036/278
f 309/309/278 1036/1036/278 311/311/278
f 311/311/278 1036/1036/278 1037/1037/278
f 311/311/278 1037/1037/278 313/313/278
f 313/313/278 1037/1037/278 1038/1038/278
f 313/313/278 1038/1038/278 315/315/278
f 315/315/278 1038/1038/278 1039/1039/278
f 315/315/278 1039/1039/278 317/317/278
f 317/317/278 1039/1039/278 1040/1040/278
f 317/317/278 1040/1040/278 319/319/278
f 319/319/278 1040/1040/278 1041/1041/278
f 319/319/278 1041/1041/278 321/321/278
f 321/321/278 1041/1041/278 1042/1042/278
f 321/321/278 1042/1042/278 323/323/278
f 323/323/278 1042/1042/278 1043/1043/278
f 323/323/278 1043/1043/278 325/325/278
f 325/325/278 1043/1043/278 1044/1044/278
f 325/325/278 1044/1044/278 327/327/278
f 327/327/278 1044/1044/278 1045/1045/278
f 327/327/278 1045/1045/278 329/329/278
f 329/329/278 1045/1045/278 1046/1046/278
f 329/329/278 1046/1046/278 331/331/278
f 331/331/278 1046/1046/278 1047/1047/278
f 331/331/278 1047/1047/278 333/333/278
f 333/333/278 1047/1047/278 1048/1048/278
f 333/333/278 1048/1048/278 335/335/278
f 335/335/278 1048/1048/278 1049/1049/278
f 335/335/278 1049/1049/278 337/337/278
f 337/337/278 1049/1049/278 1050/1050/278
f 337/337/278 1050/1050/278 339/339/278
f 339/339/278 1050/1050/278 1051/1051/278
f 339/339/278 1051/1051/278 341/341/278
f 341/341/278 1051/1051/278 1052/1052/278
f 341/341/278 1052/1052/278 343/343/278
f 343/343/278 1052/1052/278 1053/1053/278
f 343/343/278 1053/1053/278 345/345/278
f 345/345/278 1053/1053/278 1054/1054/278
f 345/345/278 1054/1054/278 347/347/278
f 347/347/278 1054/1054/278 1055/1055/278
f 347/347/278 1055/1055/278 349/349/278
f 349/349/278 1055/1055/278 1056/1056/278
f 349/349/278 1056/1056/278 351/351/278
f 351/351/278 1056/1056/278 1057/1057/278
f 351/351/278 1057/1057/278 353/353/278
f 353/353/278 1057/1057/278 1058/1058/278
f 353/353/278 1058/1058/278 355/355/278
f 355/355/278 1058/1058/278 1059/1059/278
f 355/355/278 1059/1059/278 357/357/278
f 357/357/278 1059/1059/278 1060/1060/278
f 357/357/278 1060/1060/278 359/359/278
f 359/359/278 1060/1060/278 1061/1061/278
f 359/359/278 1061/1061/278 361/361/278
f 361/361/278 1061/1061/278 1062/1062/278
f 361/361/278 1062/1062/278 363/363/278
f 363/363/278 1062/1062/278 1063/1063/278
f 363/363/278 1063/1063/278 365/365/278
f 365/365/278 1063/1063/278 1064/1064/278
f 365/365/278 1064/1064/278 367/367/278
f 367/367/278 1064/1064/278 1065/1065/278
f 367/367/278 1065/1065/278 369/369/278
f 369/369/278 1065/1065/278 1066/1066/278
f 369/369/278 1066/1066/278 371/371/278
f 371/371/278 1066/1066/278 1067/1067/278
f 371/371/278 1067/1067/278 373/373/278
f 373/373/278 1067/1067/278 1068/1068/278
f 373/373/278 1068/1068/278 375/375/278
f 375/375/278 1068/1068/278 1069/1069/278
f 375/375/278 1069/1069/278 377/377/278
f 377/377/278 1069/1069/278 1070/1070/278
f 377/377/278 1070/1070/278 379/379/278
f 379/379/278 1070/1070/278 1071/1071/278
f 379/379/278 1071/1071/278 381/381/278
f 381/381/278 1071/1071/278 1072/1072/278
f 381/381/278 1072/1072/278 383/383/278
f 383/383/278 1072/1072/278 1073/1073/278
f 383/383/278 1073/1073/278 385/385/278
f 385/385/278 1073/1073/278 1074/1074/278
f 385/385/278 1074/1074/278 387/387/278
f 387/387/278 1074/1074/278 1075/1075/278
f 387/387/278 1075/1075/278 389/389/278
f 389/389/278 1075/1075/278 1076/1076/278
f 389/389/278 1076/1076/278 391/391/278
f 391/391/278 1076/1076/278 1077/1077/278
f 391/391/278 1077/1077/278 393/393/278
f 393/393/278 1077/1077/278 1078/1078/278
f 393/393/278 1078/1078/278 395/395/278
f 395/395/278 1078/1078/278 1079/1079/278
f 395/395/278 1079/1079/278 397/397/278
f 397/397/278 1079/1079/278 1080/1080/278
f 397/397/278 1080/1080/278 399/399/278
f 399/399/278 1080/1080/278 1081/1081/278
f 399/399/278 1081/1081/278 401/401/278
f 401/401/278 1081/1081/278 1082/1082/278
f 401/401/278 1082/1082/278 403/403/278
f 403/403/278 1082/1082/278 1083/1083/278
f 403/403/278 1083/1083/278 405/405/278
f 405/405/278 1083/1083/278 1084/1084/278
f 405/405/278 1084/1084/278 407/407/278
f 407/407/278 1084/1084/278 1085/1085/278
f 407/407/278 1085/1085/278 409/409/278
f 409/409/278 1085/1085/278 1086/1086/278
f 409/409/278 1086/1086/278 411/411/278
f 411/411/278 1086/1086/278 1087/1087/278
f 411/411/278 1087/1087/278 413/413/278
f 413/413/278 1087/1087/278 1088/1088/278
f 413/413/278 1088/1088/278 415/415/278
f 415/415/278 1088/1088/278 1089/1089/278
f 415/415/278 1089/1089/278 417/417/278
f 417/417/278 1089/1089/278 1090/1090/278
f 417/417/278 1090/1090/278 419/419/278
f 419/419/278 1090/1090/278 1091/1091/278
f 419/419/278 1091/1091/278 421/421/278
f 421/421/278 1091/1091/278 1092/1092/278
f 421/421/278 1092/1092/278 423/423/278
f 423/423/278 1092/1092/278 1093/1093/278
f 423/423/278 1093/1093/278 425/425/278
f 425/425/278 1093/1093/278 1094/1094/278
f 425/425/278 1094/1094/278 427/427/278
f 427/427/278 1094/1094/278 1095/1095/278
f 427/427/278 1095/1095/278 429/429/278
f 429/429/278 1095/1095/278 1096/1096/278
f 429/429/278 1096/1096/278 431/431/278
f 431/431/278 1096/1096/278 1097/1097/278
f 431/431/278 1097/1097/278 433/433/278
f 433/433/278 1097/1097/278 1098/1098/278
f 433/433/278 1098/1098/278 435/435/278
f 435/435/278 1098/1098/278 1099/1099/278
f 435/435/278 1099/1099/278 437/437/278
f 437/437/278 1099/1099/278 1100/1100/278
f 437/437/278 1100/1100/278 439/439/278
f 439/439/278 1100/1100/278 1101/1101/278
f 439/439/278 1101/1101/278 441/441/278
f 441/441/278 1101/1101/278 1102/1102/278
f 441/441/278 1102/1102/278 443/443/278
f 443/443/278 1102/1102/278 1103/1103/278
f 443/443/278 1103/1103/278 445/445/278
f 445/445/278 1103/1103/278 1104/1104/278
f 445/445/278 1104/1104/278 447/447/278
f 447/447/278 1104/1104/278 1105/1105/278
f 447/447/278 1105/1105/278 449/449/278
f 449/449/278 1105/1105/278 1106/1106/278
f 449/449/278 1106/1106/278 451/451/278
f 451/451/278 1106/1106/278 1107/1107/278
f 451/451/278 1107/1107/278 453/453/278
f 453/453/278 1107/1107/278 1108/1108/278
f 453/453/278 1108/1108/278 455/455/278
f 455/455/278 1108/1108/278 1109/1109/278
f 455/455/278 1109/1109/278 457/457/278
f 457/457/278 1109/1109/278 1110/1110/278
f 457/457/278 1110/1110/278 459/459/278
f 459/459/278 1110/1110/278 1111/1111/278
f 459/459/278 1111/1111/278 461/461/278
f 461/461/278 1111/1111/278 1112/1112/278
f 461/461/278 1112/1112/278 463/463/278
f 463/463/278 1112/1112/278 1113/1113/278
f 463/463/278 1113/1113/278 465/465/278
f 465/465/278 1113/1113/278 1114/1114/278
f 465/465/278 1114/1114/278 467/467/278
f 467/467/278 1114/1114/278 1115/1115/278
f 467/467/278 1115/1115/278 469/469/278
f 469/469/278 1115/1115/278 1116/1116/278
f 469/469/278 1116/1116/278 471/471/278
f 471/471/278 1116/1116/278 1117/1117/278
f 471/471/278 1117/1117/278 473/473/278
f 473/473/278 1117/1117/278 1118/1118/278
f 473/473/278 1118/1118/278 475/475/278
f 475/475/278 1118/1118/278 1119/1119/278
f 475/475/278 1119/1119/278 477/477/278
f 477/477/278 1119/1119/278 1120/1120/278
f 477/477/278 1120/1120/278 479/479/278
f 479/479/278 1120/1120/278 1121/1121/278
f 479/479/278 1121/1121/278 481/481/278
f 481/481/278 1121/1121/278 1122/1122/278
f 481/481/278 1122/1122/278 483/483/278
f 483/483/278 1122/1122/278 1123/1123/278
f 483/483/278 1123/1123/278 485/485/278
f 485/485/278 1123/1123/278 1124/1124/278
f 485/485/278 1124/1124/278 487/487/278
f 487/487/278 1124/1124/278 1125/1125/278
f 487/487/278 1125/1125/278 489/489/278
f 489/489/278 1125/1125/278 1126/1126/278
f 489/489/278 1126/1126/278 491/491/278
f 491/491/278 1126/1126/278 1127/1127/278
f 491/491/278 1127/1127/278 493/493/278
f 493/493/278 1127/1127/278 1128/1128/278
f 493/493/278 1128/1128/278 495/495/278
f 495/495/278 1128/1128/278 1129/1129/278
f 495/495/278 1129/1129/278 497/497/278
f 497/497/278 1129/1129/278 1130/1130/278
f 497/497/278 1130/1130/278 499/499/278
f 499/499/278 1130/1130/278 1131/1131/278
f 499/499/278 1131/1131/278 501/501/278
f 501/501/278 1131/1131/278 1132/1132/278
f 501/501/278 1132/1132/278 503/503/278
f 503/503/278 1132/1132/278 1133/1133/278
f 503/503/278 1133/1133/278 505/505/278
f 505/505/278 1133/1133/278 1134/1134/278
f 505/505/278 1134/1134/278 507/507/278
f 507/507/278 1134/1134/278 1135/1135/278
f 507/507/278 1135/1135/278 509/509/278
f 509/509/278 1135/1135/278 1136/1136/278
f 509/509/278 1136/1136/278 511/511/278
f 511/511/278 1136/1136/278 1137/1137/278
f 511/511/278 1137/1137/278 513/513/278
f 513/513/278 1137/1137/278 1138/1138/278
f 513/513/278 1138/1138/278 515/515/278
f 515/515/278 1138/1138/278 1139/1139/278
f 515/515/278 1139/1139/278 517/517/278
f 517/517/278 1139/1139/278 1140/1140/278
f 517/517/278 1140/1140/278 519/519/278
f 519/519/278 1140/1140/278 1141/1141/278
f 519/519/278 1141/1141/278 521/521/278
f 521/521/278 1141/1141/278 1142/1142/278
f 521/521/278 1142/1142/278 523/523/278
f 523/523/278 1142/1142/278 1143/1143/278
f 523/523/278 1143/1143/278 525/525/278
f 525/525/278 1143/1143/278 1144/1144/278
f 525/525/278 1144/1144/278 527/527/278
f 527/527/278 1144/1144/278 1145/1145/278
f 527/527/278 1145/1145/278 529/529/278
f 529/529/278 1145/1145/278 1146/1146/278
f 529/529/278 1146/1146/278 531/531/278
f 531/531/278 1146/1146/278 1147/1147/278
f 531/531/278 1147/1147/278 533/533/278
f 533/533/278 1147/1147/278 1148/1148/278
f 533/533/278 1148/1148/278 535/535/278
f 535/535/278 1148/1148/278 1149/1149/278
f 535/535/278 1149/1149/278 537/537/278
f 537/537/278 1149/1149/278 1150/1150/278
f 537/537/278 1150/1150/278 539/539/278
f 539/539/278 1150/1150/278 1151/1151/278
f 539/539/278 1151/1151/278 541/541/278
f 541/541/278 1151/1151/278 1152/1152/278
f 541/541/278 1152/1152/278 543/543/278
f 543/543/278 1152/1152/278 1153/1153/278
f 543/543/278 1153/1153/278 545/545/278
f 545/545/278 1153/1153/278 1154/1154/278
f 545/545/278 1154/1154/278 547/547/278
f 547/547/278 1154/1154/278 1155/1155/278
f 547/547/278 1155/1155/278 549/549/278
f 549/549/278 1155/1155/278 1156/1156/278
f 549/549/278 1156/1156/278 551/551/278
f 551/551/278 1156/1156/278 1157/1157/278
f 551/551/278 1157/1157/278 553/553/278
f 553/553/278 1157/1157/278 1158/1158/278
f 553/553/278 1158/1158/278 555/555/278
f 555/555/278 1158/1158/278 1159/1159/278
f 555/555/278 1159/1159/278 557/557/278
f 557/557/278 1159/1159/278 1160/1160/278
f 557/557/278 1160/1160/278 559/559/278
f 559/559/278 1160/1160/278 1161/1161/278
f 559/559/278 1161/1161/278 561/561/278
f 561/561/278 1161/1161/278 1162/1162/278
f 561/561/278 1162/1162/278 563/563/278
f 563/563/278 1162/1162/278 1163/1163/278
f 563/563/278 1163/1163/278 565/565/278
f 565/565/278 1163/1163/278 1164/1164/278
f 565/565/278 1164/1164/278 567/567/278
f 567/567/278 1164/1164/278 1165/1165/278
f 567/567/278 1165/1165/278 569/569/278
f 569/569/278 1165/1165/278 1166/1166/278
f 569/569/278 1166/1166/278 571/571/278
f 571/571/278 1166/1166/278 1167/1167/278
f 571/571/278 1167/1167/278 573/573/278
f 573/573/278 1167/1167/278 1168/1168/278
f 573/573/278 1168/1168/278 575/575/278
f 575/575/278 1168/1168/278 1169/1169/278
f 575/575/278 1169/1169/278 577/577/278
f 577/577/278 1169/1169/278 1170/1170/278
f 577/577/278 1170/1170/278 579/579/278
f 579/579/278 1170/1170/278 1171/1171/278
f 579/579/278 1171/1171/278 581/581/278
f 581/581/278 1171/1171/278 1172/1172/278
f 581/581/278 1172/1172/278 583/583/278
f 583/583/278 1172/1172/278 1173/1173/278
f 583/583/278 1173/1173/278 585/585/278
f 585/585/278 1173/1173/278 1174/1174/278
f 585/585/278 1174/1174/278 587/587/278
f 587/587/278 1174/1174/278 1175/1175/278
f 587/587/278 1175/1175/278 589/589/278
f 589/589/278 1175/1175/278 1176/1176/278
f 589/589/278 1176/1176/278 591/591/278
f 591/591/278 1176/1176/278 1177/1177/278
f 591/591/278 1177/1177/278 593/593/278
f 593/593/278 1177/1177/278 1178/1178/278
f 593/593/278 1178/1178/278 595/595/278
f 595/595/278 1178/1178/278 1179/1179/278
f 595/595/278 1179/1179/278 597/597/278
f 597/597/278 1179/1179/278 1180/1180/278
f 597/597/278 1180/1180/278 599/599/278
f 599/599/278 1180/1180/278 1181/1181/278
f 599/599/278 1181/1181/278 601/601/278
f 601/601/278 1181/1181/278 1182/1182/278
f 601/601/278 1182/1182/278 603/603/278
f 603/603/278 1182/1182/278 1183/1183/278
f 603/603/278 1183/1183/278 605/605/278
f 605/605/278 1183/1183/278 1184/1184/278
f 605/605/278 1184/1184/278 607/607/278
f 607/607/278 1184/1184/278 1185/1185/278
f 607/607/278 1185/1185/278 609/609/278
f 609/609/278 1185/1185/278 1186/1186/278
f 609/609/278 1186/1186/278 611/611/278
f 611/611/278 1186/1186/278 1187/1187/278
f 611/611/278 1187/1187/278 613/613/278
f 613/613/278 1187/1187/278 1188/1188/278
f 613/613/278 1188/1188/278 615/615/278
f 615/615/278 1188/1188/278 1189/1189/278
f 615/615/278 1189/1189/278 617/617/278
f 617/617/278 1189/1189/278 1190/1190/278
f 617/617/278 1190/1190/278 619/619/278
f 619/619/278 1190/1190/278 1191/1191/278
f 619/619/278 1191/1191/278 621/621/278
f 621/621/278 1191/1191/278 1192/1192/278
f 621/621/278 1192/1192/278 623/623/278
f 623/623/278 1192/1192/278 1193/1193/278
f 623/623/278 1193/1193/278 625/625/278
f 625/625/278 1193/1193/278 1194/1194/278
f 625/625/278 1194/1194/278 627/627/278
f 627/627/278 1194/1194/278 1195/1195/278
f 627/627/278 1195/1195/278 629/629/278
f 629/629/278 1195/1195/278 1196/1196/278
f 629/629/278 1196/1196/278 631/631/278
f 631/631/278 1196/1196/278 1197/1197/278
f 631/631/278 1197/1197/278 633/633/278
f 633/633/278 1197/1197/278 1198/1198/278
f 633/633/278 1198/1198/278 635/635/278
f 635/635/278 1198/1198/278 1199/1199/278
f 635/635/278 1199/1199/278 637/637/278
f 637/637/278 1199/1199/278 1200/1200/278
f 637/637/278 1200/1200/278 639/639/278
f 639/639/278 1200/1200/278 1201/1201/278
f 639/639/278 1201/1201/278 641/641/278
f 641/641/278 1201/1201/278 1202/1202/278
f 641/641/278 1202/1202/278 643/643/278
f 643/643/278 1202/1202/278 1203/1203/278
f 643/643/278 1203/1203/278 645/645/278
f 645/645/278 1203/1203/278 1204/1204/278
f 645/645/278 1204/1204/278 647/647/278
f 647/647/278 1204/1204/278 1205/1205/278
f 647/647/278 1205/1205/278 649/649/278
f 649/649/278 1205/1205/278 1206/1206/278
f 649/649/278 1206/1206/278 651/651/278
f 651/651/278 1206/1206/278 1207/1207/278
f 651/651/278 1207/1207/278 653/653/278
f 653/653/278 1207/1207/278 1208/1208/278
f 653/653/278 1208/1208/278 655/655/278
f 655/655/278 1208/1208/278 1209/1209/278
f 655/655/278 1209/1209/278 657/657/278
f 657/657/278 1209/1209/278 1210/1210/278
f 657/657/278 1210/1210/278 659/659/278
f 659/659/278 1210/1210/278 1211/1211/278
f 659/659/278 1211/1211/278 661/661/278
f 661/661/278 1211/1211/278 1212/1212/278
f 661/661/278 1212/1212/278 663/663/278
f 663/663/278 1212/1212/278 1213/1213/278
f 663/663/278 1213/1213/278 665/665/278
f 665/665/278 1213/1213/278 1214/1214/278
f 665/665/278 1214/1214/278 667/667/278
f 667/667/278 1214/1214/278 1215/1215/278
f 667/667/278 1215/1215/278 669/669/278
f 669/669/278 1215/1215/278 1216/1216/278
f 669/669/278 1216/1216/278 671/671/278
f 671/671/278 1216/1216/278 1217/1217/278
f 671/671/278 1217/1217/278 673/673/278
f 673/673/278 1217/1217/278 1218/1218/278
f 673/673/278 1218/1218/278 675/675/278
f 675/675/278 1218/1218/278 1219/1219/278
f 675/675/278 1219/1219/278 677/677/278
f 677/677/278 1219/1219/278 1220/1220/278
f 677/677/278 1220/1220/278 679/679/278
f 679/679/278 1220/1220/278 1221/1221/278
f 679/679/278 1221/1221/278 681/681/278
f 681/681/278 1221/1221/278 1222/1222/278
f 681/681/278 1222/1222/278 683/683/278
f 683/683/278 1222/1222/278 1223/1223/278
f 683/683/278 1223/1223/278 685/685/278
f 685/685/278 1223/1223/278 1224/1224/278
f 685/685/278 1224/1224/278 687/687/278
f 687/687/278 1224/1224/278 1225/1225/278
f 687/687/278 1225/1225/278 689/689/278
f 689/689/278 1225/1225/278 1226/1226/278
f 689/689/278 1226/1226/278 691/691/278
f 691/691/278 1226/1226/278 1227/1227/278
f 691/691/278 1227/1227/278 693/693/278
f 693/693/278 1227/1227/278 1228/1228/278
f 693/693/278 1228/1228/278 695/695/278
f 695/695/278 1228/1228/278 1229/1229/278
f 695/695/278 1229/1229/278 697/697/278
f 697/697/278 1229/1229/278 1230/1230/278
f 697/697/278 1230/1230/278 699/699/278
f 699/699/278 1230/1230/278 1231/1231/278
f 699/699/278 1231/1231/278 701/701/278
f 701/701/278 1231/1231/278 1232/1232/278
f 701/701/278 1232/1232/278 703/703/278
f 703/703/278 1232/1232/278 1233/1233/278
f 703/703/278 1233/1233/278 705/705/278
f 705/705/278 1233/1233/278 1234/1234/278
f 705/705/278 1234/1234/278 707/707/278
f 707/707/278 1234/1234/278 1235/1235/278
f 707/707/278 1235/1235/278 709/709/278
f 709/709/278 1235/1235/278 1236/1236/278
f 709/709/278 1236/1236/278 711/711/278
f 711/711/278 1236/1236/278 1237/1237/278
f 711/711/278 1237/1237/278 713/713/278
f 713/713/278 1237/1237/278 1238/1238/278
f 713/713/278 1238/1238/278 715/715/278
f 715/715/278 1238/1238/278 1239/1239/278
f 715/715/278 1239/1239/278 717/717/278
f 717/717/278 1239/1239/278 1240/1240/278
f 717/717/278 1240/1240/278 719/719/278
f 719/719/278 1240/1240/278 1241/1241/278
f 719/719/278 1241/1241/278 721/721/278
f 721/721/278 1241/1241/278 1242/1242/278
f 721/721/278 1242/1242/278 723/723/278
f 723/723/278 1242/1242/278 1243/1243/278
f 723/723/278 1243/1243/278 725/725/278
f 725/725/278 1243/1243/278 1244/1244/278
f 725/725/278 1244/1244/278 727/727/278
f 727/727/278 1244/1244/278 1245/1245/278
f 727/727/278 1245/1245/278 729/729/278
f 729/729/278 1245/1245/278 1246/1246/278
f 729/729/278 1246/1246/278 731/731/278
f 731/731/278 1246/1246/278 1247/1247/278
f 731/731/278 1247/1247/278 733/733/278
f 733/733/278 1247/1247/278 1248/1248/278
f 733/733/278 1248/1248/278 735/735/278
f 735/735/278 1248/1248/278 1249/1249/278
f 735/735/278 1249/1249/278 737/737/278
f 737/737/278 1249/1249/278 1250/1250/278
f 737/737/278 1250/1250/278 739/739/278
f 739/739/278 1250/1250/278 1251/1251/278
f 739/739/278 1251/1251/278 741/741/278
f 741/741/278 1251/1251/278 1252/1252/278
f 741/741/278 1252/1252/278 743/743/278
f 743/743/278 1252/1252/278 1253/1253/278
f 743/743/278 1253/1253/278 745/745/278
f 745/745/278 1253/1253/278 1254/1254/278
f 745/745/278 1254/1254/278 747/747/278
f 747/747/278 1254/1254/278 1255/1255/278
f 747/747/278 1255/1255/278 749/749/278
f 749/749/278 1255/1255/278 1256/1256/278
f 749/749/278 1256/1256/278 751/751/278
f 751/751/278 1256/1256/278 1257/1257/278
f 751/751/278 1257/1257/278 753/753/278
f 753/753/278 1257/1257/278 1258/1258/278
f 753/753/278 1258/1258/278 755/755/278
f 755/755/278 1258/1258/278 1259/1259/278
f 755/755/278 1259/1259/278 757/757/278
f 757/757/278 1259/1259/278 1260/1260/278
f 757/757/278 1260/1260/278 759/759/278
f 759/759/278 1260/1260/278 1261/1261/278
f 759/759/278 1261/1261/278 761/761/278
f 761/761/278 1261/1261/278 1262/1262/278
f 761/761/278 1262/1262/278 763/763/278
f 763/763/278 1262/1262/278 1263/1263/278
f 763/763/278 1263/1263/278 765/765/278
f 765/765/278 1263/1263/278 1264/1264/278
f 765/765/278 1264/1264/278 767/767/278
f 767/767/278 1264/1264/278 1265/1265/278
f 767/767/278 1265/1265/278 769/769/278
f 769/769/278 1265/1265/278 1266/1266/278
f 769/769/278 1266/1266/278 771/771/278
f 771/771/278 1266/1266/278 1267/1267/278
f 771/771/278 1267/1267/278 773/773/278
f 773/773/278 1267/1267/278 1268/1268/278
f 773/773/278 1268/1268/278 775/775/278
f 775/775/278 1268/1268/278 1269/1269/278
f 775/775/278 1269/1269/278 777/777/278
f 777/777/278 1269/1269/278 1270/1270/278
f 777/777/278 1270/1270/278 779/779/278
f 779/779/278 1270/1270/278 1271/1271/278
f 779/779/278 1271/1271/278 781/781/278
f 781/781/278 1271/1271/278 1272/1272/278
f 781/781/278 1272/1272/278 783/783/278
f 783/783/278 1272/1272/278 1273/1273/278
f 783/783/278 1273/1273/278 785/785/278
f 785/785/278 1273/1273/278 1274/1274/278
f 785/785/278 1274/1274/278 787/787/278
f 787/787/278 1274/1274/278 1275/1275/278
f 787/787/278 1275/1275/278 789/789/278
f 789/789/278 1275/1275/278 1276/1276/278
f 789/789/278 1276/1276/278 791/791/278
f 791/791/278 1276/1276/278 1277/1277/278
f 791/791/278 1277/1277/278 793/793/278
f 793/793/278 1277/1277/278 1278/1278/278
f 793/793/278 1278/1278/278 795/795/278
f 795/795/278 1278/1278/278 1279/1279/278
f 795/795/278 1279/1279/278 797/797/278
f 797/797/278 1279/1279/278 1280/1280/278
f 797/797/278 1280/1280/278 799/799/278
f 799/799/278 1280/1280/278 1281/1281/278
f 799/799/278 1281/1281/278 801/801/278
f 801/801/278 1281/1281/278 1282/1282/278
f 801/801/278 1282/1282/278 803/803/278
f 803/803/278 1282/1282/278 1283/1283/278
f 803/803/278 1283/1283/278 805/805/278
f 805/805/278 1283/1283/278 1284/1284/278
f 805/805/278 1284/1284/278 807/807/278
f 807/807/278 1284/1284/278 1285/1285/278
f 807/807/278 1285/1285/278 809/809/278
f 809/809/278 1285/1285/278 1286/1286/278
f 809/809/278 1286/1286/278 811/811/278
f 811/811/278 1286/1286/278 1287/1287/278
f 811/811/278 1287/1287/278 813/813/278
f 813/813/278 1287/1287/278 1288/1288/278
f 813/813/278 1288/1288/278 815/815/278
f 815/815/278 1288/1288/278 1289/1289/278
f 815/815/278 1289/1289/278 817/817/278
f 817/817/278 1289/1289/278 1290/1290/278
f 817/817/278 1290/1290/278 819/819/278
f 819/819/278 1290/1290/278 1291/1291/278
f 819/819/278 1291/1291/278 821/821/278
f 821/821/278 1291/1291/278 1292/1292/278
f 821/821/278 1292/1292/278 823/823/278
f 823/823/278 1292/1292/278 1293/1293/278
f 823/823/278 1293/1293/278 825/825/278
f 825/825/278 1293/1293/278 1294/1294/278
f 825/825/278 1294/1294/278 827/827/278
f 827/827/278 1294/1294/278 1295/1295/278
f 827/827/278 1295/1295/278 829/829/278
f 829/829/278 1295/1295/278 1296/1296/278
f 829/829/278 1296/1296/278 831/831/278
f 831/831/278 1296/1296/278 1297/1297/278
f 831/831/278 1297/1297/278 833/833/278
f 833/833/278 1297/1297/278 1298/1298/278
f 833/833/278 1298/1298/278 835/835/278
f 835/835/278 1298/1298/278 1299/1299/278
f 835/835/278 1299/1299/278 837/837/278
f 837/837/278 1299/1299/278 1300/1300/278
f 837/837/278 1300/1300/278 839/839/278
f 839/839/278 1300/1300/278 1301/1301/278
f 839/839/278 1301/1301/278 841/841/278
f 841/841/278 1301/1301/278 1302/1302/278
f 841/841/278 1302/1302/278 843/843/278
f 843/843/278 1302/1302/278 1303/1303/278
f 843/843/278 1303/1303/278 845/845/278
f 845/845/278 1303/1303/278 1304/1304/278
f 845/845/278 1304/1304/278 847/847/278
f 847/847/278 1304/1304/278 1305/1305/278
f 847/847/278 1305/1305/278 849/849/278
f 849/849/278 1305/1305/278 1306/1306/278
f 849/849/278 1306/1306/278 851/851/278
f 851/851/278 1306/1306/278 1307/1307/278
f 851/851/278 1307/1307/278 853/853/278
f 853/853/278 1307/1307/278 1308/1308/278
f 853/853/278 1308/1308/278 855/855/278
f 855/855/278 1308/1308/278 1309/1309/278
f 855/855/278 1309/1309/278 857/857/278
f 857/857/278 1309/1309/278 1310/1310/278
f 857/857/278 1310/1310/278 859/859/278
f 859/859/278 1310/1310/278 1311/1311/278
f 859/859/278 1311/1311/278 861/861/278
f 861/861/278 1311/1311/278 1312/1312/278
f 861/861/278 1312/1312/278 863/863/278
f 863/863/278 1312/1312/278 1313/1313/278
f 863/863/278 1313/1313/278 865/865/278
f 865/865/278 1313/1313/278 1314/1314/278
f 865/865/278 1314/1314/278 867/867/278
f 867/867/278 1314/1314/278 1315/1315/278
f 867/867/278 1315/1315/278 869/869/278
f 869/869/278 1315/1315/278 1316/1316/278
f 869/869/278 1316/1316/278 871/871/278
f 871/871/278 1316/1316/278 1317/1317/278
f 871/871/278 1317/1317/278 873/873/278
f 873/873/278 1317/1317/278 1318/1318/278
f 873/873/278 1318/1318/278 875/875/278
f 875/875/278 1318/1318/278 1319/1319/278
f 875/875/278 1319/1319/278 877/877/278
f 877/877/278 1319/1319/278 1320/1320/278
f 877/877/278 1320/1320/278 879/879/278
f 879/879/278 1320/1320/278 881/881/278
f 879/879/278 881/881/278 2/2/278
g rear_keyhole_bevel
f 881/881/279 1321/1321/279 1322/1322/279
f 881/881/280 1322/1322/280 882/882/280
f 882/882/281 1322/1322/281 1323/1323/281
f 882/882/282 1323/1323/282 883/883/282
f 883/883/283 1323/1323/283 1324/1324/283
f 883/883/284 1324/1324/284 884/884/284
f 884/884/285 1324/1324/285 1325/1325/285
f 884/884/286 1325/1325/286 885/885/286
f 885/885/287 1325/1325/287 1326/1326/287
f 885/885/288 1326/1326/288 886/886/288
f 886/886/289 1326/1326/289 1327/1327/289
f 886/886/290 1327/1327/290 887/887/290
f 887/887/291 1327/1327/291 1328/1328/291
f 887/887/292 1328/1328/292 888/888/292
f 888/888/293 1328/1328/293 1329/1329/293
f 888/888/294 1329/1329/294 889/889/294
f 889/889/295 1329/1329/295 1330/1330/295
f 889/889/296 1330/1330/296 890/890/296
f 890/890/297 1330/1330/297 1331/1331/297
f 890/890/298 1331/1331/298 891/891/298
f 891/891/299 1331/1331/299 1332/1332/299
f 891/891/300 1332/1332/300 892/892/300
f 892/892/301 1332/1332/301 1333/1333/301
f 892/892/302 1333/1333/302 893/893/302
f 893/893/303 1333/1333/303 1334/1334/303
f 893/893/304 1334/1334/304 894/894/304
f 894/894/305 1334/1334/305 1335/1335/305
f 894/894/306 1335/1335/306 895/895/306
f 895/895/307 1335/1335/307 1336/1336/307
f 895/895/308 1336/1336/308 896/896/308
f 896/896/309 1336/1336/309 1337/1337/309
f 896/896/310 1337/1337/310 897/897/310
f 897/897/311 1337/1337/311 1338/1338/311
f 897/897/312 1338/1338/312 898/898/312
f 898/898/313 1338/1338/313 1339/1339/313
f 898/898/314 1339/1339/314 899/899/314
f 899/899/315 1339/1339/315 1340/1340/315
f 899/899/316 1340/1340/316 900/900/316
f 900/900/317 1340/1340/317 1341/1341/317
f 900/900/318 1341/1341/318 901/901/318
f 901/901/319 1341/1341/319 1342/1342/319
f 901/901/320 1342/1342/320 902/902/320
f 902/902/321 1342/1342/321 1343/1343/321
f 902/902/322 1343/1343/322 903/903/322
f 903/903/323 1343/1343/323 1344/1344/323
f 903/903/324 1344/1344/324 904/904/324
f 904/904/325 1344/1344/325 1345/1345/325
f 904/904/326 1345/1345/326 905/905/326
f 905/905/327 1345/1345/327 1346/1346/327
f 905/905/328 1346/1346/328 906/906/328
f 906/906/329 1346/1346/329 1347/1347/329
f 906/906/330 1347/1347/330 907/907/330
f 907/907/331 1347/1347/331 1348/1348/331
f 907/907/332 1348/1348/332 908/908/332
f 908/908/333 1348/1348/333 1349/1349/333
f 908/908/334 1349/1349/334 909/909/334
f 909/909/335 1349/1349/335 1350/1350/335
f 909/909/336 1350/1350/336 910/910/336
f 910/910/337 1350/1350/337 1351/1351/337
f 910/910/338 1351/1351/338 911/911/338
f 911/911/339 1351/1351/339 1352/1352/339
f 911/911/340 1352/1352/340 912/912/340
f 912/912/341 1352/1352/341 1353/1353/341
f 912/912/342 1353/1353/342 913/913/342
f 913/913/343 1353/1353/343 1354/1354/343
f 913/913/344 1354/1354/344 914/914/344
f 914/914/345 1354/1354/345 1355/1355/345
f 914/914/346 1355/1355/346 915/915/346
f 915/915/347 1355/1355/347 1356/1356/347
f 915/915/348 1356/1356/348 916/916/348
f 916/916/349 1356/1356/349 1357/1357/349
f 916/916/350 1357/1357/350 917/917/350
f 917/917/351 1357/1357/351 1358/1358/351
f 917/917/352 1358/1358/352 918/918/352
f 918/918/353 1358/1358/353 1359/1359/353
f 918/918/354 1359/1359/354 919/919/354
f 919/919/355 1359/1359/355 1360/1360/355
f 919/919/356 1360/1360/356 920/920/356
f 920/920/357 1360/1360/357 1361/1361/357
f 920/920/358 1361/1361/358 921/921/358
f 921/921/359 1361/1361/359 1362/1362/359
f 921/921/360 1362/1362/360 922/922/360
f 922/922/361 1362/1362/361 1363/1363/361
f 922/922/362 1363/1363/362 923/923/362
f 923/923/363 1363/1363/363 1364/1364/363
f 923/923/364 1364/1364/364 924/924/364
f 924/924/365 1364/1364/365 1365/1365/365
f 924/924/366 1365/1365/366 925/925/366
f 925/925/367 1365/1365/367 1366/1366/367
f 925/925/368 1366/1366/368 926/926/368
f 926/926/369 1366/1366/369 1367/1367/369
f 926/926/370 1367/1367/370 927/927/370
f 927/927/371 1367/1367/371 1368/1368/371
f 927/927/372 1368/1368/372 928/928/372
f 928/928/373 1368/1368/373 1369/1369/373
f 928/928/374 1369/1369/374 929/929/374
f 929/929/375 1369/1369/375 1370/1370/375
f 929/929/376 1370/1370/376 930/930/376
f 930/930/377 1370/1370/377 1371/1371/377
f 930/930/378 1371/1371/378 931/931/378
f 931/931/379 1371/1371/379 1372/1372/379
f 931/931/380 1372/1372/380 932/932/380
f 932/932/381 1372/1372/381 1373/1373/381
f 932/932/382 1373/1373/382 933/933/382
f 933/933/383 1373/1373/383 1374/1374/383
f 933/933/384 1374/1374/384 934/934/384
f 934/934/385 1374/1374/385 1375/1375/385
f 934/934/386 1375/1375/386 935/935/386
f 935/935/387 1375/1375/387 1376/1376/387
f 935/935/388 1376/1376/388 936/936/388
f 936/936/389 1376/1376/389 1377/1377/389
f 936/936/390 1377/1377/390 937/937/390
f 937/937/391 1377/1377/391 1378/1378/391
f 937/937/392 1378/1378/392 938/938/392
f 938/938/393 1378/1378/393 1379/1379/393
f 938/938/394 1379/1379/394 939/939/394
f 939/939/395 1379/1379/395 1380/1380/395
f 939/939/396 1380/1380/396 940/940/396
f 940/940/397 1380/1380/397 1381/1381/397
f 940/940/398 1381/1381/398 941/941/398
f 941/941/399 1381/1381/399 1382/1382/399
f 941/941/400 1382/1382/400 942/942/400
f 942/942/401 1382/1382/401 1383/1383/401
f 942/942/402 1383/1383/402 943/943/402
f 943/943/403 1383/1383/403 1384/1384/403
f 943/943/404 1384/1384/404 944/944/404
f 944/944/405 1384/1384/405 1385/1385/405
f 944/944/406 1385/1385/406 945/945/406
f 945/945/407 1385/1385/407 1386/1386/407
f 945/945/408 1386/1386/408 946/946/408
f 946/946/409 1386/1386/409 1387/1387/409
f 946/946/410 1387/1387/410 947/947/410
f 947/947/411 1387/1387/411 1388/1388/411
f 947/947/412 1388/1388/412 948/948/412
f 948/948/413 1388/1388/413 1389/1389/413
f 948/948/414 1389/1389/414 949/949/414
f 949/949/415 1389/1389/415 1390/1390/415
f 949/949/416 1390/1390/416 950/950/416
f 950/950/417 1390/1390/417 1391/1391/417
f 950/950/418 1391/1391/418 951/951/418
f 951/951/419 1391/1391/419 1392/1392/419
f 951/951/420 1392/1392/420 952/952/420
f 952/952/421 1392/1392/421 1393/1393/421
f 952/952/422 1393/1393/422 953/953/422
f 953/953/423 1393/1393/423 1394/1394/423
f 953/953/424 1394/1394/424 954/954/424
f 954/954/425 1394/1394/425 1395/1395/425
f 954/954/426 1395/1395/426 955/955/426
f 955/955/427 1395/1395/427 1396/1396/427
f 955/955/428 1396/1396/428 956/956/428
f 956/956/429 1396/1396/429 1397/1397/429
f 956/956/430 1397/1397/430 957/957/430
f 957/957/431 1397/1397/431 1398/1398/431
f 957/957/432 1398/1398/432 958/958/432
f 958/958/433 1398/1398/433 1399/1399/433
f 958/958/434 1399/1399/434 959/959/434
f 959/959/435 1399/1399/435 1400/1400/435
f 959/959/436 1400/1400/436 960/960/436
f 960/960/437 1400/1400/437 1401/1401/437
f 960/960/438 1401/1401/438 961/961/438
f 961/961/439 1401/1401/439 1402/1402/439
f 961/961/440 1402/1402/440 962/962/440
f 962/962/441 1402/1402/441 1403/1403/441
f 962/962/442 1403/1403/442 963/963/442
f 963/963/443 1403/1403/443 1404/1404/443
f 963/963/444 1404/1404/444 964/964/444
f 964/964/445 1404/1404/445 1405/1405/445
f 964/964/446 1405/1405/446 965/965/446
f 965/965/447 1405/1405/447 1406/1406/447
f 965/965/448 1406/1406/448 966/966/448
f 966/966/449 1406/1406/449 1407/1407/449
f 966/966/450 1407/1407/450 967/967/450
f 967/967/451 1407/1407/451 1408/1408/451
f 967/967/452 1408/1408/452 968/968/452
f 968/968/453 1408/1408/453 1409/1409/453
f 968/968/454 1409/1409/454 969/969/454
f 969/969/455 1409/1409/455 1410/1410/455
f 969/969/456 1410/1410/456 970/970/456
f 970/970/457 1410/1410/457 1411/1411/457
f 970/970/458 1411/1411/458 971/971/458
f 971/971/459 1411/1411/459 1412/1412/459
f 971/971/460 1412/1412/460 972/972/460
f 972/972/461 1412/1412/461 1413/1413/461
f 972/972/462 1413/1413/462 973/973/462
f 973/973/463 1413/1413/463 1414/1414/463
f 973/973/464 1414/1414/464 974/974/464
f 974/974/465 1414/1414/465 1415/1415/465
f 974/974/466 1415/1415/466 975/975/466
f 975/975/467 1415/1415/467 1416/1416/467
f 975/975/468 1416/1416/468 976/976/468
f 976/976/469 1416/1416/469 1417/1417/469
f 976/976/470 1417/1417/470 977/977/470
f 977/977/471 1417/1417/471 1418/1418/471
f 977/977/472 1418/1418/472 978/978/472
f 978/978/473 1418/1418/473 1419/1419/473
f 978/978/474 1419/1419/474 979/979/474
f 979/979/475 1419/1419/475 1420/1420/475
f 979/979/476 1420/1420/476 980/980/476
f 980/980/477 1420/1420/477 1421/1421/477
f 980/980/478 1421/1421/478 981/981/478
f 981/981/479 1421/1421/479 1422/1422/479
f 981/981/480 1422/1422/480 982/982/480
f 982/982/481 1422/1422/481 1423/1423/481
f 982/982/482 1423/1423/482 983/983/482
f 983/983/483 1423/1423/483 1424/1424/483
f 983/983/484 1424/1424/484 984/984/484
f 984/984/485 1424/1424/485 1425/1425/485
f 984/984/486 1425/1425/486 985/985/486
f 985/985/487 1425/1425/487 1426/1426/487
f 985/985/488 1426/1426/488 986/986/488
f 986/986/489 1426/1426/489 1427/1427/489
f 986/986/490 1427/1427/490 987/987/490
f 987/987/491 1427/1427/491 1428/1428/491
f 987/987/492 1428/1428/492 988/988/492
f 988/988/493 1428/1428/493 1429/1429/493
f 988/988/494 1429/1429/494 989/989/494
f 989/989/495 1429/1429/495 1430/1430/495
f 989/989/496 1430/1430/496 990/990/496
f 990/990/497 1430/1430/497 1431/1431/497
f 990/990/498 1431/1431/498 991/991/498
f 991/991/499 1431/1431/499 1432/1432/499
f 991/991/500 1432/1432/500 992/992/500
f 992/992/501 1432/1432/501 1433/1433/501
f 992/992/502 1433/1433/502 993/993/502
f 993/993/503 1433/1433/503 1434/1434/503
f 993/993/504 1434/1434/504 994/994/504
f 994/994/505 1434/1434/505 1435/1435/505
f 994/994/506 1435/1435/506 995/995/506
f 995/995/507 1435/1435/507 1436/1436/507
f 995/995/508 1436/1436/508 996/996/508
f 996/996/509 1436/1436/509 1437/1437/509
f 996/996/510 1437/1437/510 997/997/510
f 997/997/511 1437/1437/511 1438/1438/511
f 997/997/512 1438/1438/512 998/998/512
f 998/998/513 1438/1438/513 1439/1439/513
f 998/998/514 1439/1439/514 999/999/514
f 999/999/515 1439/1439/515 1440/1440/515
f 999/999/516 1440/1440/516 1000/1000/516
f 1000/1000/517 1440/1440/517 1441/1441/517
f 1000/1000/518 1441/1441/518 1001/1001/518
f 1001/1001/519 1441/1441/519 1442/1442/519
f 1001/1001/520 1442/1442/520 1002/1002/520
f 1002/1002/521 1442/1442/521 1443/1443/521
f 1002/1002/522 1443/1443/522 1003/1003/522
f 1003/1003/523 1443/1443/523 1444/1444/523
f 1003/1003/524 1444/1444/524 1004/1004/524
f 1004/1004/525 1444/1444/525 1445/1445/525
f 1004/1004/526 1445/1445/526 1005/1005/526
f 1005/1005/527 1445/1445/527 1446/1446/527
f 1005/1005/528 1446/1446/528 1006/1006/528
f 1006/1006/529 1446/1446/529 1447/1447/529
f 1006/1006/530 1447/1447/530 1007/1007/530
f 1007/1007/531 1447/1447/531 1448/1448/531
f 1007/1007/532 1448/1448/532 1008/1008/532
f 1008/1008/533 1448/1448/533 1449/1449/533
f 1008/1008/534 1449/1449/534 1009/1009/534
f 1009/1009/535 1449/1449/535 1450/1450/535
f 1009/1009/536 1450/1450/536 1010/1010/536
f 1010/1010/537 1450/1450/537 1451/1451/537
f 1010/1010/538 1451/1451/538 1011/1011/538
f 1011/1011/539 1451/1451/539 1452/1452/539
f 1011/1011/540 1452/1452/540 1012/1012/540
f 1012/1012/541 1452/1452/541 1453/1453/541
f 1012/1012/542 1453/1453/542 1013/1013/542
f 1013/1013/543 1453/1453/543 1454/1454/543
f 1013/1013/544 1454/1454/544 1014/1014/544
f 1014/1014/545 1454/1454/545 1455/1455/545
f 1014/1014/546 1455/1455/546 1015/1015/546
f 1015/1015/547 1455/1455/547 1456/1456/547
f 1015/1015/548 1456/1456/548 1016/1016/548
f 1016/1016/549 1456/1456/549 1457/1457/549
f 1016/1016/550 1457/1457/550 1017/1017/550
f 1017/1017/551 1457/1457/551 1458/1458/551
f 1017/1017/552 1458/1458/552 1018/1018/552
f 1018/1018/553 1458/1458/553 1459/1459/553
f 1018/1018/554 1459/1459/554 1019/1019/554
f 1019/1019/555 1459/1459/555 1460/1460/555
f 1019/1019/556 1460/1460/556 1020/1020/556
f 1020/1020/557 1460/1460/557 1461/1461/557
f 1020/1020/558 1461/1461/558 1021/1021/558
f 1021/1021/559 1461/1461/559 1462/1462/559
f 1021/1021/560 1462/1462/560 1022/1022/560
f 1022/1022/561 1462/1462/561 1463/1463/561
f 1022/1022/562 1463/1463/562 1023/1023/562
f 1023/1023/563 1463/1463/563 1464/1464/563
f 1023/1023/564 1464/1464/564 1024/1024/564
f 1024/1024/565 1464/1464/565 1465/1465/565
f 1024/1024/566 1465/1465/566 1025/1025/566
f 1025/1025/567 1465/1465/567 1466/1466/567
f 1025/1025/568 1466/1466/568 1026/1026/568
f 1026/1026/569 1466/1466/569 1467/1467/569
f 1026/1026/570 1467/1467/570 1027/1027/570
f 1027/1027/571 1467/1467/571 1468/1468/571
f 1027/1027/572 1468/1468/572 1028/1028/572
f 1028/1028/573 1468/1468/573 1469/1469/573
f 1028/1028/574 1469/1469/574 1029/1029/574
f 1029/1029/575 1469/1469/575 1470/1470/575
f 1029/1029/576 1470/1470/576 1030/1030/576
f 1030/1030/577 1470/1470/577 1471/1471/577
f 1030/1030/578 1471/1471/578 1031/1031/578
f 1031/1031/579 1471/1471/579 1472/1472/579
f 1031/1031/580 1472/1472/580 1032/1032/580
f 1032/1032/581 1472/1472/581 1473/1473/581
f 1032/1032/582 1473/1473/582 1033/1033/582
f 1033/1033/583 1473/1473/583 1474/1474/583
f 1033/1033/584 1474/1474/584 1034/1034/584
f 1034/1034/585 1474/1474/585 1475/1475/585
f 1034/1034/586 1475/1475/586 1035/1035/586
f 1035/1035/587 1475/1475/587 1476/1476/587
f 1035/1035/588 1476/1476/588 1036/1036/588
f 1036/1036/589 1476/1476/589 1477/1477/589
f 1036/1036/590 1477/1477/590 1037/1037/590
f 1037/1037/591 1477/1477/591 1478/1478/591
f 1037/1037/592 1478/1478/592 1038/1038/592
f 1038/1038/593 1478/1478/593 1479/1479/593
f 1038/1038/594 1479/1479/594 1039/1039/594
f 1039/1039/595 1479/1479/595 1480/1480/595
f 1039/1039/596 1480/1480/596 1040/1040/596
f 1040/1040/597 1480/1480/597 1481/1481/597
f 1040/1040/598 1481/1481/598 1041/1041/598
f 1041/1041/599 1481/1481/599 1482/1482/599
f 1041/1041/600 1482/1482/600 1042/1042/600
f 1042/1042/601 1482/1482/601 1483/1483/601
f 1042/1042/602 1483/1483/602 1043/1043/602
f 1043/1043/603 1483/1483/603 1484/1484/603
f 1043/1043/604 1484/1484/604 1044/1044/604
f 1044/1044/605 1484/1484/605 1485/1485/605
f 1044/1044/606 1485/1485/606 1045/1045/606
f 1045/1045/607 1485/1485/607 1486/1486/607
f 1045/1045/608 1486/1486/608 1046/1046/608
f 1046/1046/609 1486/1486/609 1487/1487/609
f 1046/1046/610 1487/1487/610 1047/1047/610
f 1047/1047/611 1487/1487/611 1488/1488/611
f 1047/1047/612 1488/1488/612 1048/1048/612
f 1048/1048/613 1488/1488/613 1489/1489/613
f 1048/1048/614 1489/1489/614 1049/1049/614
f 1049/1049/615 1489/1489/615 1490/1490/615
f 1049/1049/616 1490/1490/616 1050/1050/616
f 1050/1050/617 1490/1490/617 1491/1491/617
f 1050/1050/618 1491/1491/618 1051/1051/618
f 1051/1051/619 1491/1491/619 1492/1492/619
f 1051/1051/620 1492/1492/620 1052/1052/620
f 1052/1052/621 1492/1492/621 1493/1493/621
f 1052/1052/622 1493/1493/622 1053/1053/622
f 1053/1053/623 1493/1493/623 1494/1494/623
f 1053/1053/624 1494/1494/624 1054/1054/624
f 1054/1054/625 1494/1494/625 1495/1495/625
f 1054/1054/626 1495/1495/626 1055/1055/626
f 1055/1055/627 1495/1495/627 1496/1496/627
f 1055/1055/628 1496/1496/628 1056/1056/628
f 1056/1056/629 1496/1496/629 1497/1497/629
f 1056/1056/630 1497/1497/630 1057/1057/630
f 1057/1057/631 1497/1497/631 1498/1498/631
f 1057/1057/632 1498/1498/632 1058/1058/632
f 1058/1058/633 1498/1498/633 1499/1499/633
f 1058/1058/634 1499/1499/634 1059/1059/634
f 1059/1059/635 1499/1499/635 1500/1500/635
f 1059/1059/636 1500/1500/636 1060/1060/636
f 1060/1060/637 1500/1500/637 1501/1501/637
f 1060/1060/638 1501/1501/638 1061/1061/638
f 1061/1061/639 1501/1501/639 1502/1502/639
f 1061/1061/640 1502/1502/640 1062/1062/640
f 1062/1062/641 1502/1502/641 1503/1503/641
f 1062/1062/642 1503/1503/642 1063/1063/642
f 1063/1063/643 1503/1503/643 1504/1504/643
f 1063/1063/644 1504/1504/644 1064/1064/644
f 1064/1064/645 1504/1504/645 1505/1505/645
f 1064/1064/646 1505/1505/646 1065/1065/646
f 1065/1065/647 1505/1505/647 1506/1506/647
f 1065/1065/648 1506/1506/648 1066/1066/648
f 1066/1066/649 1506/1506/649 1507/1507/649
f 1066/1066/650 1507/1507/650 1067/1067/650
f 1067/1067/651 1507/1507/651 1508/1508/651
f 1067/1067/652 1508/1508/652 1068/1068/652
f 1068/1068/653 1508/1508/653 1509/1509/653
f 1068/1068/654 1509/1509/654 1069/1069/654
f 1069/1069/655 1509/1509/655 1510/1510/655
f 1069/1069/656 1510/1510/656 1070/1070/656
f 1070/1070/657 1510/1510/657 1511/1511/657
f 1070/1070/658 1511/1511/658 1071/1071/658
f 1071/1071/659 1511/1511/659 1512/1512/659
f 1071/1071/660 1512/1512/660 1072/1072/660
f 1072/1072/661 1512/1512/661 1513/1513/661
f 1072/1072/662 1513/1513/662 1073/1073/662
f 1073/1073/663 1513/1513/663 1514/1514/663
f 1073/1073/664 1514/1514/664 1074/1074/664
f 1074/1074/665 1514/1514/665 1515/1515/665
f 1074/1074/666 1515/1515/666 1075/1075/666
f 1075/1075/667 1515/1515/667 1516/1516/667
f 1075/1075/668 1516/1516/668 1076/1076/668
f 1076/1076/669 1516/1516/669 1517/1517/669
f 1076/1076/670 1517/1517/670 1077/1077/670
f 1077/1077/671 1517/1517/671 1518/1518/671
f 1077/1077/672 1518/1518/672 1078/1078/672
f 1078/1078/673 1518/1518/673 1519/1519/673
f 1078/1078/674 1519/1519/674 1079/1079/674
f 1079/1079/675 1519/1519/675 1520/1520/675
f 1079/1079/676 1520/1520/676 1080/1080/676
f 1080/1080/677 1520/1520/677 1521/1521/677
f 1080/1080/678 1521/1521/678 1081/1081/678
f 1081/1081/679 1521/1521/679 1522/1522/679
f 1081/1081/680 1522/1522/680 1082/1082/680
f 1082/1082/681 1522/1522/681 1523/1523/681
f 1082/1082/682 1523/1523/682 1083/1083/682
f 1083/1083/683 1523/1523/683 1524/1524/683
f 1083/1083/684 1524/1524/684 1084/1084/684
f 1084/1084/685 1524/1524/685 1525/1525/685
f 1084/1084/686 1525/1525/686 1085/1085/686
f 1085/1085/687 1525/1525/687 1526/1526/687
f 1085/1085/688 1526/1526/688 1086/1086/688
f 1086/1086/689 1526/1526/689 1527/1527/689
f 1086/1086/690 1527/1527/690 1087/1087/690
f 1087/1087/691 1527/1527/691 1528/1528/691
f 1087/1087/692 1528/1528/692 1088/1088/692
f 1088/1088/693 1528/1528/693 1529/1529/693
f 1088/1088/694 1529/1529/694 1089/1089/694
f 1089/1089/695 1529/1529/695 1530/1530/695
f 1089/1089/696 1530/1530/696 1090/1090/696
f 1090/1090/697 1530/1530/697 1531/1531/697
f 1090/1090/698 1531/1531/698 1091/1091/698
f 1091/1091/699 1531/1531/699 1532/1532/699
f 1091/1091/700 1532/1532/700 1092/1092/700
f 1092/1092/701 1532/1532/701 1533/1533/701
f 1092/1092/702 1533/1533/702 1093/1093/702
f 1093/1093/703 1533/1533/703 1534/1534/703
f 1093/1093/704 1534/1534/704 1094/1094/704
f 1094/1094/705 1534/1534/705 1535/1535/705
f 1094/1094/706 1535/1535/706 1095/1095/706
f 1095/1095/707 1535/1535/707 1536/1536/707
f 1095/1095/708 1536/1536/708 1096/1096/708
f 1096/1096/709 1536/1536/709 1537/1537/709
f 1096/1096/710 1537/1537/710 1097/1097/710
f 1097/1097/711 1537/1537/711 1538/1538/711
f 1097/1097/712 1538/1538/712 1098/1098/712
f 1098/1098/713 1538/1538/713 1539/1539/713
f 1098/1098/714 1539/1539/714 1099/1099/714
f 1099/1099/715 1539/1539/715 1540/1540/715
f 1099/1099/716 1540/1540/716 1100/1100/716
f 1100/1100/717 1540/1540/717 1541/1541/717
f 1100/1100/718 1541/1541/718 1101/1101/718
f 1101/1101/719 1541/1541/719 1542/1542/719
f 1101/1101/720 1542/1542/720 1102/1102/720
f 1102/1102/721 1542/1542/721 1543/1543/721
f 1102/1102/722 1543/1543/722 1103/1103/722
f 1103/1103/723 1543/1543/723 1544/1544/723
f 1103/1103/724 1544/1544/724 1104/1104/724
f 1104/1104/725 1544/1544/725 1545/1545/725
f 1104/1104/726 1545/1545/726 1105/1105/726
f 1105/1105/727 1545/1545/727 1546/1546/727
f 1105/1105/728 1546/1546/728 1106/1106/728
f 1106/1106/729 1546/1546/729 1547/1547/729
f 1106/1106/730 1547/1547/730 1107/1107/730
f 1107/1107/731 1547/1547/731 1548/1548/731
f 1107/1107/732 1548/1548/732 1108/1108/732
f 1108/1108/733 1548/1548/733 1549/1549/733
f 1108/1108/734 1549/1549/734 1109/1109/734
f 1109/1109/735 1549/1549/735 1550/1550/735
f 1109/1109/736 1550/1550/736 1110/1110/736
f 1110/1110/737 1550/1550/737 1551/1551/737
f 1110/1110/738 1551/1551/738 1111/1111/738
f 1111/1111/739 1551/1551/739 1552/1552/739
f 1111/1111/740 1552/1552/740 1112/1112/740
f 1112/1112/741 1552/1552/741 1553/1553/741
f 1112/1112/742 1553/1553/742 1113/1113/742
f 1113/1113/743 1553/1553/743 1554/1554/743
f 1113/1113/744 1554/1554/744 1114/1114/744
f 1114/1114/745 1554/1554/745 1555/1555/745
f 1114/1114/746 1555/1555/746 1115/1115/746
f 1115/1115/747 1555/1555/747 1556/1556/747
f 1115/1115/748 1556/1556/748 1116/1116/748
f 1116/1116/749 1556/1556/749 1557/1557/749
f 1116/1116/750 1557/1557/750 1117/1117/750
f 1117/1117/751 1557/1557/751 1558/1558/751
f 1117/1117/752 1558/1558/752 1118/1118/752
f 1118/1118/753 1558/1558/753 1559/1559/753
f 1118/1118/754 1559/1559/754 1119/1119/754
f 1119/1119/755 1559/1559/755 1560/1560/755
f 1119/1119/756 1560/1560/756 1120/1120/756
f 1120/1120/757 1560/1560/757 1561/1561/757
f 1120/1120/758 1561/1561/758 1121/1121/758
f 1121/1121/759 1561/1561/759 1562/1562/759
f 1121/1121/760 1562/1562/760 1122/1122/760
f 1122/1122/761 1562/1562/761 1563/1563/761
f 1122/1122/762 1563/1563/762 1123/1123/762
f 1123/1123/763 1563/1563/763 1564/1564/763
f 1123/1123/764 1564/1564/764 1124/1124/764
f 1124/1124/765 1564/1564/765 1565/1565/765
f 1124/1124/766 1565/1565/766 1125/1125/766
f 1125/1125/767 1565/1565/767 1566/1566/767
f 1125/1125/768 1566/1566/768 1126/1126/768
f 1126/1126/769 1566/1566/769 1567/1567/769
f 1126/1126/770 1567/1567/770 1127/1127/770
f 1127/1127/771 1567/1567/771 1568/1568/771
f 1127/1127/772 1568/1568/772 1128/1128/772
f 1128/1128/773 1568/1568/773 1569/1569/773
f 1128/1128/774 1569/1569/774 1129/1129/774
f 1129/1129/775 1569/1569/775 1570/1570/775
f 1129/1129/776 1570/1570/776 1130/1130/776
f 1130/1130/777 1570/1570/777 1571/1571/777
f 1130/1130/778 1571/1571/778 1131/1131/778
f 1131/1131/779 1571/1571/779 1572/1572/779
f 1131/1131/780 1572/1572/780 1132/1132/780
f 1132/1132/781 1572/1572/781 1573/1573/781
f 1132/1132/782 1573/1573/782 1133/1133/782
f 1133/1133/783 1573/1573/783 1574/1574/783
f 1133/1133/784 1574/1574/784 1134/1134/784
f 1134/1134/785 1574/1574/785 1575/1575/785
f 1134/1134/786 1575/1575/786 1135/1135/786
f 1135/1135/787 1575/1575/787 1576/1576/787
f 1135/1135/788 1576/1576/788 1136/1136/788
f 1136/1136/789 1576/1576/789 1577/1577/789
f 1136/1136/790 1577/1577/790 1137/1137/790
f 1137/1137/791 1577/1577/791 1578/1578/791
f 1137/1137/792 1578/1578/792 1138/1138/792
f 1138/1138/793 1578/1578/793 1579/1579/793
f 1138/1138/794 1579/1579/794 1139/1139/794
f 1139/1139/795 1579/1579/795 1580/1580/795
f 1139/1139/796 1580/1580/796 1140/1140/796
f 1140/1140/797 1580/1580/797 1581/1581/797
f 1140/1140/798 1581/1581/798 1141/1141/798
f 1141/1141/799 1581/1581/799 1582/1582/799
f 1141/1141/800 1582/1582/800 1142/1142/800
f 1142/1142/801 1582/1582/801 1583/1583/801
f 1142/1142/802 1583/1583/802 1143/1143/802
f 1143/1143/803 1583/1583/803 1584/1584/803
f 1143/1143/804 1584/1584/804 1144/1144/804
f 1144/1144/805 1584/1584/805 1585/1585/805
f 1144/1144/806 1585/1585/806 1145/1145/806
f 1145/1145/807 1585/1585/807 1586/1586/807
f 1145/1145/808 1586/1586/808 1146/1146/808
f 1146/1146/809 1586/1586/809 1587/1587/809
f 1146/1146/810 1587/1587/810 1147/1147/810
f 1147/1147/811 1587/1587/811 1588/1588/811
f 1147/1147/812 1588/1588/812 1148/1148/812
f 1148/1148/813 1588/1588/813 1589/1589/813
f 1148/1148/814 1589/1589/814 1149/1149/814
f 1149/1149/815 1589/1589/815 1590/1590/815
f 1149/1149/816 1590/1590/816 1150/1150/816
f 1150/1150/817 1590/1590/817 1591/1591/817
f 1150/1150/818 1591/1591/818 1151/1151/818
f 1151/1151/819 1591/1591/819 1592/1592/819
f 1151/1151/820 1592/1592/820 1152/1152/820
f 1152/1152/821 1592/1592/821 1593/1593/821
f 1152/1152/822 1593/1593/822 1153/1153/822
f 1153/1153/823 1593/1593/823 1594/1594/823
f 1153/1153/824 1594/1594/824 1154/1154/824
f 1154/1154/825 1594/1594/825 1595/1595/825
f 1154/1154/826 1595/1595/826 1155/1155/826
f 1155/1155/827 1595/1595/827 1596/1596/827
f 1155/1155/828 1596/1596/828 1156/1156/828
f 1156/1156/829 1596/1596/829 1597/1597/829
f 1156/1156/830 1597/1597/830 1157/1157/830
f 1157/1157/831 1597/1597/831 1598/1598/831
f 1157/1157/832 1598/1598/832 1158/1158/832
f 1158/1158/833 1598/1598/833 1599/1599/833
f 1158/1158/834 1599/1599/834 1159/1159/834
f 1159/1159/835 1599/1599/835 1600/1600/835
f 1159/1159/836 1600/1600/836 1160/1160/836
f 1160/1160/837 1600/1600/837 1601/1601/837
f 1160/1160/838 1601/1601/838 1161/1161/838
f 1161/1161/839 1601/1601/839 1602/1602/839
f 1161/1161/840 1602/1602/840 1162/1162/840
f 1162/1162/841 1602/1602/841 1603/1603/841
f 1162/1162/842 1603/1603/842 1163/1163/842
f 1163/1163/843 1603/1603/843 1604/1604/843
f 1163/1163/844 1604/1604/844 1164/1164/844
f 1164/1164/845 1604/1604/845 1605/1605/845
f 1164/1164/846 1605/1605/846 1165/1165/846
f 1165/1165/847 1605/1605/847 1606/1606/847
f 1165/1165/848 1606/1606/848 1166/1166/848
f 1166/1166/849 1606/1606/849 1607/1607/849
f 1166/1166/850 1607/1607/850 1167/1167/850
f 1167/1167/851 1607/1607/851 1608/1608/851
f 1167/1167/852 1608/1608/852 1168/1168/852
f 1168/1168/853 1608/1608/853 1609/1609/853
f 1168/1168/854 1609/1609/854 1169/1169/854
f 1169/1169/855 1609/1609/855 1610/1610/855
f 1169/1169/856 1610/1610/856 1170/1170/856
f 1170/1170/857 1610/1610/857 1611/1611/857
f 1170/1170/858 1611/1611/858 1171/1171/858
f 1171/1171/859 1611/1611/859 1612/1612/859
f 1171/1171/860 1612/1612/860 1172/1172/860
f 1172/1172/861 1612/1612/861 1613/1613/861
f 1172/1172/862 1613/1613/862 1173/1173/862
f 1173/1173/863 1613/1613/863 1614/1614/863
f 1173/1173/864 1614/1614/864 1174/1174/864
f 1174/1174/865 1614/1614/865 1615/1615/865
f 1174/1174/866 1615/1615/866 1175/1175/866
f 1175/1175/867 1615/1615/867 1616/1616/867
f 1175/1175/868 1616/1616/868 1176/1176/868
f 1176/1176/869 1616/1616/869 1617/1617/869
f 1176/1176/870 1617/1617/870 1177/1177/870
f 1177/1177/871 1617/1617/871 1618/1618/871
f 1177/1177/872 1618/1618/872 1178/1178/872
f 1178/1178/873 1618/1618/873 1619/1619/873
f 1178/1178/874 1619/1619/874 1179/1179/874
f 1179/1179/875 1619/1619/875 1620/1620/875
f 1179/1179/876 1620/1620/876 1180/1180/876
f 1180/1180/877 1620/1620/877 1621/1621/877
f 1180/1180/878 1621/1621/878 1181/1181/878
f 1181/1181/879 1621/1621/879 1622/1622/879
f 1181/1181/880 1622/1622/880 1182/1182/880
f 1182/1182/881 1622/1622/881 1623/1623/881
f 1182/1182/882 1623/1623/882 1183/1183/882
f 1183/1183/883 1623/1623/883 1624/1624/883
f 1183/1183/884 1624/1624/884 1184/1184/884
f 1184/1184/885 1624/1624/885 1625/1625/885
f 1184/1184/886 1625/1625/886 1185/1185/886
f 1185/1185/887 1625/1625/887 1626/1626/887
f 1185/1185/888 1626/1626/888 1186/1186/888
f 1186/1186/889 1626/1626/889 1627/1627/889
f 1186/1186/890 1627/1627/890 1187/1187/890
f 1187/1187/891 1627/1627/891 1628/1628/891
f 1187/1187/892 1628/1628/892 1188/1188/892
f 1188/1188/893 1628/1628/893 1629/1629/893
f 1188/1188/894 1629/1629/894 1189/1189/894
f 1189/1189/895 1629/1629/895 1630/1630/895
f 1189/1189/896 1630/1630/896 1190/1190/896
f 1190/1190/897 1630/1630/897 1631/1631/897
f 1190/1190/898 1631/1631/898 1191/1191/898
f 1191/1191/899 1631/1631/899 1632/1632/899
f 1191/1191/900 1632/1632/900 1192/1192/900
f 1192/1192/901 1632/1632/901 1633/1633/901
f 1192/1192/902 1633/1633/902 1193/1193/902
f 1193/1193/903 1633/1633/903 1634/1634/903
f 1193/1193/904 1634/1634/904 1194/1194/904
f 1194/1194/905 1634/1634/905 1635/1635/905
f 1194/1194/906 1635/1635/906 1195/1195/906
f 1195/1195/907 1635/1635/907 1636/1636/907
f 1195/1195/908 1636/1636/908 1196/1196/908
f 1196/1196/909 1636/1636/909 1637/1637/909
f 1196/1196/910 1637/1637/910 1197/1197/910
f 1197/1197/911 1637/1637/911 1638/1638/911
f 1197/1197/912 1638/1638/912 1198/1198/912
f 1198/1198/913 1638/1638/913 1639/1639/913
f 1198/1198/914 1639/1639/914 1199/1199/914
f 1199/1199/915 1639/1639/915 1640/1640/915
f 1199/1199/916 1640/1640/916 1200/1200/916
f 1200/1200/917 1640/1640/917 1641/1641/917
f 1200/1200/918 1641/1641/918 1201/1201/918
f 1201/1201/919 1641/1641/919 1642/1642/919
f 1201/1201/920 1642/1642/920 1202/1202/920
f 1202/1202/921 1642/1642/921 1643/1643/921
f 1202/1202/922 1643/1643/922 1203/1203/922
f 1203/1203/923 1643/1643/923 1644/1644/923
f 1203/1203/924 1644/1644/924 1204/1204/924
f 1204/1204/925 1644/1644/925 1645/1645/925
f 1204/1204/926 1645/1645/926 1205/1205/926
f 1205/1205/927 1645/1645/927 1646/1646/927
f 1205/1205/928 1646/1646/928 1206/1206/928
f 1206/1206/929 1646/1646/929 1647/1647/929
f 1206/1206/930 1647/1647/930 1207/1207/930
f 1207/1207/931 1647/1647/931 1648/1648/931
f 1207/1207/932 1648/1648/932 1208/1208/932
f 1208/1208/933 1648/1648/933 1649/1649/933
f 1208/1208/934 1649/1649/934 1209/1209/934
f 1209/1209/935 1649/1649/935 1650/1650/935
f 1209/1209/936 1650/1650/936 1210/1210/936
f 1210/1210/937 1650/1650/937 1651/1651/937
f 1210/1210/938 1651/1651/938 1211/1211/938
f 1211/1211/939 1651/1651/939 1652/1652/939
f 1211/1211/940 1652/1652/940 1212/1212/940
f 1212/1212/941 1652/1652/941 1653/1653/941
f 1212/1212/942 1653/1653/942 1213/1213/942
f 1213/1213/943 1653/1653/943 1654/1654/943
f 1213/1213/944 1654/1654/944 1214/1214/944
f 1214/1214/945 1654/1654/945 1655/1655/945
f 1214/1214/946 1655/1655/946 1215/1215/946
f 1215/1215/947 1655/1655/947 1656/1656/947
f 1215/1215/948 1656/1656/948 1216/1216/948
f 1216/1216/945 1656/1656/945 1657/1657/945
f 1216/1216/949 1657/1657/949 1217/1217/949
f 1217/1217/943 1657/1657/943 1658/1658/943
f 1217/1217/950 1658/1658/950 1218/1218/950
f 1218/1218/941 1658/1658/941 1659/1659/941
f 1218/1218/951 1659/1659/951 1219/1219/951
f 1219/1219/939 1659/1659/939 1660/1660/939
f 1219/1219/952 1660/1660/952 1220/1220/952
f 1220/1220/937 1660/1660/937 1661/1661/937
f 1220/1220/953 1661/1661/953 1221/1221/953
f 1221/1221/935 1661/1661/935 1662/1662/935
f 1221/1221/954 1662/1662/954 1222/1222/954
f 1222/1222/955 1662/1662/955 1663/1663/955
f 1222/1222/956 1663/1663/956 1223/1223/956
f 1223/1223/957 1663/1663/957 1664/1664/957
f 1223/1223/958 1664/1664/958 1224/1224/958
f 1224/1224/959 1664/1664/959 1665/1665/959
f 1224/1224/960 1665/1665/960 1225/1225/960
f 1225/1225/961 1665/1665/961 1666/1666/961
f 1225/1225/962 1666/1666/962 1226/1226/962
f 1226/1226/963 1666/1666/963 1667/1667/963
f 1226/1226/964 1667/1667/964 1227/1227/964
f 1227/1227/965 1667/1667/965 1668/1668/965
f 1227/1227/966 1668/1668/966 1228/1228/966
f 1228/1228/967 1668/1668/967 1669/1669/967
f 1228/1228/968 1669/1669/968 1229/1229/968
f 1229/1229/969 1669/1669/969 1670/1670/969
f 1229/1229/970 1670/1670/970 1230/1230/970
f 1230/1230/971 1670/1670/971 1671/1671/971
f 1230/1230/972 1671/1671/972 1231/1231/972
f 1231/1231/973 1671/1671/973 1672/1672/973
f 1231/1231/974 1672/1672/974 1232/1232/974
f 1232/1232/975 1672/1672/975 1673/1673/975
f 1232/1232/976 1673/1673/976 1233/1233/976
f 1233/1233/977 1673/1673/977 1674/1674/977
f 1233/1233/978 1674/1674/978 1234/1234/978
f 1234/1234/979 1674/1674/979 1675/1675/979
f 1234/1234/980 1675/1675/980 1235/1235/980
f 1235/1235/981 1675/1675/981 1676/1676/981
f 1235/1235/982 1676/1676/982 1236/1236/982
f 1236/1236/983 1676/1676/983 1677/1677/983
f 1236/1236/984 1677/1677/984 1237/1237/984
f 1237/1237/985 1677/1677/985 1678/1678/985
f 1237/1237/986 1678/1678/986 1238/1238/986
f 1238/1238/987 1678/1678/987 1679/1679/987
f 1238/1238/988 1679/1679/988 1239/1239/988
f 1239/1239/989 1679/1679/989 1680/1680/989
f 1239/1239/990 1680/1680/990 1240/1240/990
f 1240/1240/991 1680/1680/991 1681/1681/991
f 1240/1240/992 1681/1681/992 1241/1241/992
f 1241/1241/993 1681/1681/993 1682/1682/993
f 1241/1241/994 1682/1682/994 1242/1242/994
f 1242/1242/995 1682/1682/995 1683/1683/995
f 1242/1242/996 1683/1683/996 1243/1243/996
f 1243/1243/997 1683/1683/997 1684/1684/997
f 1243/1243/998 1684/1684/998 1244/1244/998
f 1244/1244/999 1684/1684/999 1685/1685/999
f 1244/1244/1000 1685/1685/1000 1245/1245/1000
f 1245/1245/1001 1685/1685/1001 1686/1686/1001
f 1245/1245/1002 1686/1686/1002 1246/1246/1002
f 1246/1246/1003 1686/1686/1003 1687/1687/1003
f 1246/1246/1004 1687/1687/1004 1247/1247/1004
f 1247/1247/1005 1687/1687/1005 1688/1688/1005
f 1247/1247/1006 1688/1688/1006 1248/1248/1006
f 1248/1248/1007 1688/1688/1007 1689/1689/1007
f 1248/1248/1008 1689/1689/1008 1249/1249/1008
f 1249/1249/1009 1689/1689/1009 1690/1690/1009
f 1249/1249/1010 1690/1690/1010 1250/1250/1010
f 1250/1250/1011 1690/1690/1011 1691/1691/1011
f 1250/1250/1012 1691/1691/1012 1251/1251/1012
f 1251/1251/1013 1691/1691/1013 1692/1692/1013
f 1251/1251/1014 1692/1692/1014 1252/1252/1014
f 1252/1252/1015 1692/1692/1015 1693/1693/1015
f 1252/1252/1016 1693/1693/1016 1253/1253/1016
f 1253/1253/1017 1693/1693/1017 1694/1694/1017
f 1253/1253/1018 1694/1694/1018 1254/1254/1018
f 1254/1254/1019 1694/1694/1019 1695/1695/1019
f 1254/1254/1020 1695/1695/1020 1255/1255/1020
f 1255/1255/1021 1695/1695/1021 1696/1696/1021
f 1255/1255/1022 1696/1696/1022 1256/1256/1022
f 1256/1256/1023 1696/1696/1023 1697/1697/1023
f 1256/1256/1024 1697/1697/1024 1257/1257/1024
f 1257/1257/1025 1697/1697/1025 1698/1698/1025
f 1257/1257/1026 1698/1698/1026 1258/1258/1026
f 1258/1258/1027 1698/1698/1027 1699/1699/1027
f 1258/1258/1028 1699/1699/1028 1259/1259/1028
f 1259/1259/1029 1699/1699/1029 1700/1700/1029
f 1259/1259/1030 1700/1700/1030 1260/1260/1030
f 1260/1260/1031 1700/1700/1031 1701/1701/1031
f 1260/1260/1032 1701/1701/1032 1261/1261/1032
f 1261/1261/1033 1701/1701/1033 1702/1702/1033
f 1261/1261/1034 1702/1702/1034 1262/1262/1034
f 1262/1262/1035 1702/1702/1035 1703/1703/1035
f 1262/1262/1036 1703/1703/1036 1263/1263/1036
f 1263/1263/1037 1703/1703/1037 1704/1704/1037
f 1263/1263/1038 1704/1704/1038 1264/1264/1038
f 1264/1264/1039 1704/1704/1039 1705/1705/1039
f 1264/1264/1040 1705/1705/1040 1265/1265/1040
f 1265/1265/1041 1705/1705/1041 1706/1706/1041
f 1265/1265/1042 1706/1706/1042 1266/1266/1042
f 1266/1266/1043 1706/1706/1043 1707/1707/1043
f 1266/1266/1044 1707/1707/1044 1267/1267/1044
f 1267/1267/1045 1707/1707/1045 1708/1708/1045
f 1267/1267/1046 1708/1708/1046 1268/1268/1046
f 1268/1268/1047 1708/1708/1047 1709/1709/1047
f 1268/1268/1048 1709/1709/1048 1269/1269/1048
f 1269/1269/1049 1709/1709/1049 1710/1710/1049
f 1269/1269/1050 1710/1710/1050 1270/1270/1050
f 1270/1270/1051 1710/1710/1051 1711/1711/1051
f 1270/1270/1052 1711/1711/1052 1271/1271/1052
f 1271/1271/1053 1711/1711/1053 1712/1712/1053
f 1271/1271/1054 1712/1712/1054 1272/1272/1054
f 1272/1272/1055 1712/1712/1055 1713/1713/1055
f 1272/1272/1056 1713/1713/1056 1273/1273/1056
f 1273/1273/1057 1713/1713/1057 1714/1714/1057
f 1273/1273/1058 1714/1714/1058 1274/1274/1058
f 1274/1274/1059 1714/1714/1059 1715/1715/1059
f 1274/1274/1060 1715/1715/1060 1275/1275/1060
f 1275/1275/1061 1715/1715/1061 1716/1716/1061
f 1275/1275/1062 1716/1716/1062 1276/1276/1062
f 1276/1276/1063 1716/1716/1063 1717/1717/1063
f 1276/1276/1064 1717/1717/1064 1277/1277/1064
f 1277/1277/1065 1717/1717/1065 1718/1718/1065
f 1277/1277/1066 1718/1718/1066 1278/1278/1066
f 1278/1278/1067 1718/1718/1067 1719/1719/1067
f 1278/1278/1068 1719/1719/1068 1279/1279/1068
f 1279/1279/1069 1719/1719/1069 1720/1720/1069
f 1279/1279/1070 1720/1720/1070 1280/1280/1070
f 1280/1280/1071 1720/1720/1071 1721/1721/1071
f 1280/1280/1072 1721/1721/1072 1281/1281/1072
f 1281/1281/1073 1721/1721/1073 1722/1722/1073
f 1281/1281/1074 1722/1722/1074 1282/1282/1074
f 1282/1282/1075 1722/1722/1075 1723/1723/1075
f 1282/1282/1076 1723/1723/1076 1283/1283/1076
f 1283/1283/1077 1723/1723/1077 1724/1724/1077
f 1283/1283/1078 1724/1724/1078 1284/1284/1078
f 1284/1284/1079 1724/1724/1079 1725/1725/1079
f 1284/1284/1080 1725/1725/1080 1285/1285/1080
f 1285/1285/1081 1725/1725/1081 1726/1726/1081
f 1285/1285/1082 1726/1726/1082 1286/1286/1082
f 1286/1286/1083 1726/1726/1083 1727/1727/1083
f 1286/1286/1084 1727/1727/1084 1287/1287/1084
f 1287/1287/1085 1727/1727/1085 1728/1728/1085
f 1287/1287/1086 1728/1728/1086 1288/1288/1086
f 1288/1288/1087 1728/1728/1087 1729/1729/1087
f 1288/1288/1088 1729/1729/1088 1289/1289/1088
f 1289/1289/1089 1729/1729/1089 1730/1730/1089
f 1289/1289/1090 1730/1730/1090 1290/1290/1090
f 1290/1290/1091 1730/1730/1091 1731/1731/1091
f 1290/1290/1092 1731/1731/1092 1291/1291/1092
f 1291/1291/1093 1731/1731/1093 1732/1732/1093
f 1291/1291/1094 1732/1732/1094 1292/1292/1094
f 1292/1292/1095 1732/1732/1095 1733/1733/1095
f 1292/1292/1096 1733/1733/1096 1293/1293/1096
f 1293/1293/1097 1733/1733/1097 1734/1734/1097
f 1293/1293/1098 1734/1734/1098 1294/1294/1098
f 1294/1294/1099 1734/1734/1099 1735/1735/1099
f 1294/1294/1100 1735/1735/1100 1295/1295/1100
f 1295/1295/1101 1735/1735/1101 1736/1736/1101
f 1295/1295/1102 1736/1736/1102 1296/1296/1102
f 1296/1296/1103 1736/1736/1103 1737/1737/1103
f 1296/1296/1104 1737/1737/1104 1297/1297/1104
f 1297/1297/1105 1737/1737/1105 1738/1738/1105
f 1297/1297/1106 1738/1738/1106 1298/1298/1106
f 1298/1298/1107 1738/1738/1107 1739/1739/1107
f 1298/1298/1108 1739/1739/1108 1299/1299/1108
f 1299/1299/1109 1739/1739/1109 1740/1740/1109
f 1299/1299/1110 1740/1740/1110 1300/1300/1110
f 1300/1300/1111 1740/1740/1111 1741/1741/1111
f 1300/1300/1112 1741/1741/1112 1301/1301/1112
f 1301/1301/1113 1741/1741/1113 1742/1742/1113
f 1301/1301/1114 1742/1742/1114 1302/1302/1114
f 1302/1302/1115 1742/1742/1115 1743/1743/1115
f 1302/1302/1116 1743/1743/1116 1303/1303/1116
f 1303/1303/1117 1743/1743/1117 1744/1744/1117
f 1303/1303/1118 1744/1744/1118 1304/1304/1118
f 1304/1304/1119 1744/1744/1119 1745/1745/1119
f 1304/1304/1120 1745/1745/1120 1305/1305/1120
f 1305/1305/1121 1745/1745/1121 1746/1746/1121
f 1305/1305/1122 1746/1746/1122 1306/1306/1122
f 1306/1306/1123 1746/1746/1123 1747/1747/1123
f 1306/1306/1124 1747/1747/1124 1307/1307/1124
f 1307/1307/1125 1747/1747/1125 1748/1748/1125
f 1307/1307/1126 1748/1748/1126 1308/1308/1126
f 1308/1308/1127 1748/1748/1127 1749/1749/1127
f 1308/1308/1128 1749/1749/1128 1309/1309/1128
f 1309/1309/1129 1749/1749/1129 1750/1750/1129
f 1309/1309/1130 1750/1750/1130 1310/1310/1130
f 1310/1310/1131 1750/1750/1131 1751/1751/1131
f 1310/1310/1132 1751/1751/1132 1311/1311/1132
f 1311/1311/1133 1751/1751/1133 1752/1752/1133
f 1311/1311/1134 1752/1752/1134 1312/1312/1134
f 1312/1312/1135 1752/1752/1135 1753/1753/1135
f 1312/1312/1136 1753/1753/1136 1313/1313/1136
f 1313/1313/1137 1753/1753/1137 1754/1754/1137
f 1313/1313/1138 1754/1754/1138 1314/1314/1138
f 1314/1314/1139 1754/1754/1139 1755/1755/1139
f 1314/1314/1140 1755/1755/1140 1315/1315/1140
f 1315/1315/1141 1755/1755/1141 1756/1756/1141
f 1315/1315/1142 1756/1756/1142 1316/1316/1142
f 1316/1316/1143 1756/1756/1143 1757/1757/1143
f 1316/1316/1144 1757/1757/1144 1317/1317/1144
f 1317/1317/1145 1757/1757/1145 1758/1758/1145
f 1317/1317/1146 1758/1758/1146 1318/1318/1146
f 1318/1318/1147 1758/1758/1147 1759/1759/1147
f 1318/1318/1148 1759/1759/1148 1319/1319/1148
f 1319/1319/1149 1759/1759/1149 1760/1760/1149
f 1319/1319/1150 1760/1760/1150 1320/1320/1150
f 1320/1320/1151 1760/1760/1151 1321/1321/1151
f 1320/1320/1152 1321/1321/1152 881/881/1152
g open_keyhole_wall
f 1321/1321/1153 1761/1321/1153 1762/1322/1153
f 1321/1321/1153 1762/1322/1153 1322/1322/1153
f 1322/1322/1153 1762/1322/1153 1763/1323/1153
f 1322/1322/1153 1763/1323/1153 1323/1323/1153
f 1323/1323/1154 1763/1323/1154 1764/1324/1154
f 1323/1323/1154 1764/1324/1154 1324/1324/1154
f 1324/1324/1154 1764/1324/1154 1765/1325/1154
f 1324/1324/1154 1765/1325/1154 1325/1325/1154
f 1325/1325/1154 1765/1325/1154 1766/1326/1154
f 1325/1325/1154 1766/1326/1154 1326/1326/1154
f 1326/1326/1155 1766/1326/1155 1767/1327/1155
f 1326/1326/1155 1767/1327/1155 1327/1327/1155
f 1327/1327/1155 1767/1327/1155 1768/1328/1155
f 1327/1327/1155 1768/1328/1155 1328/1328/1155
f 1328/1328/1155 1768/1328/1155 1769/1329/1155
f 1328/1328/1155 1769/1329/1155 1329/1329/1155
f 1329/1329/1156 1769/1329/1156 1770/1330/1156
f 1329/1329/1156 1770/1330/1156 1330/1330/1156
f 1330/1330/1156 1770/1330/1156 1771/1331/1156
f 1330/1330/1156 1771/1331/1156 1331/1331/1156
f 1331/1331/1157 1771/1331/1157 1772/1332/1157
f 1331/1331/1157 1772/1332/1157 1332/1332/1157
f 1332/1332/1157 1772/1332/1157 1773/1333/1157
f 1332/1332/1157 1773/1333/1157 1333/1333/1157
f 1333/1333/1157 1773/1333/1157 1774/1334/1157
f 1333/1333/1157 1774/1334/1157 1334/1334/1157
f 1334/1334/1158 1774/1334/1158 1775/1335/1158
f 1334/1334/1158 1775/1335/1158 1335/1335/1158
f 1335/1335/1158 1775/1335/1158 1776/1336/1158
f 1335/1335/1158 1776/1336/1158 1336/1336/1158
f 1336/1336/1158 1776/1336/1158 1777/1337/1158
f 1336/1336/1158 1777/1337/1158 1337/1337/1158
f 1337/1337/1159 1777/1337/1159 1778/1338/1159
f 1337/1337/1159 1778/1338/1159 1338/1338/1159
f 1338/1338/1159 1778/1338/1159 1779/1339/1159
f 1338/1338/1159 1779/1339/1159 1339/1339/1159
f 1339/1339/1159 1779/1339/1159 1780/1340/1159
f 1339/1339/1159 1780/1340/1159 1340/1340/1159
f 1340/1340/1160 1780/1340/1160 1781/1341/1160
f 1340/1340/1160 1781/1341/1160 1341/1341/1160
f 1341/1341/1160 1781/1341/1160 1782/1342/1160
f 1341/1341/1160 1782/1342/1160 1342/1342/1160
f 1342/1342/1160 1782/1342/1160 1783/1343/1160
f 1342/1342/1160 1783/1343/1160 1343/1343/1160
f 1343/1343/1161 1783/1343/1161 1784/1344/1161
f 1343/1343/1161 1784/1344/1161 1344/1344/1161
f 1344/1344/1161 1784/1344/1161 1785/1345/1161
f 1344/1344/1161 1785/1345/1161 1345/1345/1161
f 1345/1345/1161 1785/1345/1161 1786/1346/1161
f 1345/1345/1161 1786/1346/1161 1346/1346/1161
f 1346/1346/1161 1786/1346/1161 1787/1347/1161
f 1346/1346/1161 1787/1347/1161 1347/1347/1161
f 1347/1347/1161 1787/1347/1161 1788/1348/1161
f 1347/1347/1161 1788/1348/1161 1348/1348/1161
f 1348/1348/1161 1788/1348/1161 1789/1349/1161
f 1348/1348/1161 1789/1349/1161 1349/1349/1161
f 1349/1349/1161 1789/1349/1161 1790/1350/1161
f 1349/1349/1161 1790/1350/1161 1350/1350/1161
f 1350/1350/1161 1790/1350/1161 1791/1351/1161
f 1350/1350/1161 1791/1351/1161 1351/1351/1161
f 1351/1351/1161 1791/1351/1161 1792/1352/1161
f 1351/1351/1161 1792/1352/1161 1352/1352/1161
f 1352/1352/1161 1792/1352/1161 1793/1353/1161
f 1352/1352/1161 1793/1353/1161 1353/1353/1161
f 1353/1353/1161 1793/1353/1161 1794/1354/1161
f 1353/1353/1161 1794/1354/1161 1354/1354/1161
f 1354/1354/1161 1794/1354/1161 1795/1355/1161
f 1354/1354/1161 1795/1355/1161 1355/1355/1161
f 1355/1355/1162 1795/1355/1162 1796/1356/1162
f 1355/1355/1162 1796/1356/1162 1356/1356/1162
f 1356/1356/1162 1796/1356/1162 1797/1357/1162
f 1356/1356/1162 1797/1357/1162 1357/1357/1162
f 1357/1357/1162 1797/1357/1162 1798/1358/1162
f 1357/1357/1162 1798/1358/1162 1358/1358/1162
f 1358/1358/1162 1798/1358/1162 1799/1359/1162
f 1358/1358/1162 1799/1359/1162 1359/1359/1162
f 1359/1359/1162 1799/1359/1162 1800/1360/1162
f 1359/1359/1162 1800/1360/1162 1360/1360/1162
f 1360/1360/1162 1800/1360/1162 1801/1361/1162
f 1360/1360/1162 1801/1361/1162 1361/1361/1162
f 1361/1361/1162 1801/1361/1162 1802/1362/1162
f 1361/1361/1162 1802/1362/1162 1362/1362/1162
f 1362/1362/1162 1802/1362/1162 1803/1363/1162
f 1362/1362/1162 1803/1363/1162 1363/1363/1162
f 1363/1363/1162 1803/1363/1162 1804/1364/1162
f 1363/1363/1162 1804/1364/1162 1364/1364/1162
f 1364/1364/1162 1804/1364/1162 1805/1365/1162
f 1364/1364/1162 1805/1365/1162 1365/1365/1162
f 1365/1365/1162 1805/1365/1162 1806/1366/1162
f 1365/1365/1162 1806/1366/1162 1366/1366/1162
f 1366/1366/1162 1806/1366/1162 1807/1367/1162
f 1366/1366/1162 1807/1367/1162 1367/1367/1162
f 1367/1367/1163 1807/1367/1163 1808/1368/1163
f 1367/1367/1163 1808/1368/1163 1368/1368/1163
f 1368/1368/1163 1808/1368/1163 1809/1369/1163
f 1368/1368/1163 1809/1369/1163 1369/1369/1163
f 1369/1369/1163 1809/1369/1163 1810/1370/1163
f 1369/1369/1163 1810/1370/1163 1370/1370/1163
f 1370/1370/1163 1810/1370/1163 1811/1371/1163
f 1370/1370/1163 1811/1371/1163 1371/1371/1163
f 1371/1371/1163 1811/1371/1163 1812/1372/1163
f 1371/1371/1163 1812/1372/1163 1372/1372/1163
f 1372/1372/1163 1812/1372/1163 1813/1373/1163
f 1372/1372/1163 1813/1373/1163 1373/1373/1163
f 1373/1373/1163 1813/1373/1163 1814/1374/1163
f 1373/1373/1163 1814/1374/1163 1374/1374/1163
f 1374/1374/1163 1814/1374/1163 1815/1375/1163
f 1374/1374/1163 1815/1375/1163 1375/1375/1163
f 1375/1375/1163 1815/1375/1163 1816/1376/1163
f 1375/1375/1163 1816/1376/1163 1376/1376/1163
f 1376/1376/1163 1816/1376/1163 1817/1377/1163
f 1376/1376/1163 1817/1377/1163 1377/1377/1163
f 1377/1377/1163 1817/1377/1163 1818/1378/1163
f 1377/1377/1163 1818/1378/1163 1378/1378/1163
f 1378/1378/1164 1818/1378/1164 1819/1379/1164
f 1378/1378/1164 1819/1379/1164 1379/1379/1164
f 1379/1379/1164 1819/1379/1164 1820/1380/1164
f 1379/1379/1164 1820/1380/1164 1380/1380/1164
f 1380/1380/1164 1820/1380/1164 1821/1381/1164
f 1380/1380/1164 1821/1381/1164 1381/1381/1164
f 1381/1381/1164 1821/1381/1164 1822/1382/1164
f 1381/1381/1164 1822/1382/1164 1382/1382/1164
f 1382/1382/1164 1822/1382/1164 1823/1383/1164
f 1382/1382/1164 1823/1383/1164 1383/1383/1164
f 1383/1383/1164 1823/1383/1164 1824/1384/1164
f 1383/1383/1164 1824/1384/1164 1384/1384/1164
f 1384/1384/1164 1824/1384/1164 1825/1385/1164
f 1384/1384/1164 1825/1385/1164 1385/1385/1164
f 1385/1385/1164 1825/1385/1164 1826/1386/1164
f 1385/1385/1164 1826/1386/1164 1386/1386/1164
f 1386/1386/1164 1826/1386/1164 1827/1387/1164
f 1386/1386/1164 1827/1387/1164 1387/1387/1164
f 1387/1387/1164 1827/1387/1164 1828/1388/1164
f 1387/1387/1164 1828/1388/1164 1388/1388/1164
f 1388/1388/1164 1828/1388/1164 1829/1389/1164
f 1388/1388/1164 1829/1389/1164 1389/1389/1164
f 1389/1389/1165 1829/1389/1165 1830/1390/1165
f 1389/1389/1165 1830/1390/1165 1390/1390/1165
f 1390/1390/1165 1830/1390/1165 1831/1391/1165
f 1390/1390/1165 1831/1391/1165 1391/1391/1165
f 1391/1391/1165 1831/1391/1165 1832/1392/1165
f 1391/1391/1165 1832/1392/1165 1392/1392/1165
f 1392/1392/1165 1832/1392/1165 1833/1393/1165
f 1392/1392/1165 1833/1393/1165 1393/1393/1165
f 1393/1393/1165 1833/1393/1165 1834/1394/1165
f 1393/1393/1165 1834/1394/1165 1394/1394/1165
f 1394/1394/1165 1834/1394/1165 1835/1395/1165
f 1394/1394/1165 1835/1395/1165 1395/1395/1165
f 1395/1395/1165 1835/1395/1165 1836/1396/1165
f 1395/1395/1165 1836/1396/1165 1396/1396/1165
f 1396/1396/1165 1836/1396/1165 1837/1397/1165
f 1396/1396/1165 1837/1397/1165 1397/1397/1165
f 1397/1397/1165 1837/1397/1165 1838/1398/1165
f 1397/1397/1165 1838/1398/1165 1398/1398/1165
f 1398/1398/1166 1838/1398/1166 1839/1399/1166
f 1398/1398/1166 1839/1399/1166 1399/1399/1166
f 1399/1399/1166 1839/1399/1166 1840/1400/1166
f 1399/1399/1166 1840/1400/1166 1400/1400/1166
f 1400/1400/1166 1840/1400/1166 1841/1401/1166
f 1400/1400/1166 1841/1401/1166 1401/1401/1166
f 1401/1401/1167 1841/1401/1167 1842/1402/1167
f 1401/1401/1167 1842/1402/1167 1402/1402/1167
f 1402/1402/1167 1842/1402/1167 1843/1403/1167
f 1402/1402/1167 1843/1403/1167 1403/1403/1167
f 1403/1403/1167 1843/1403/1167 1844/1404/1167
f 1403/1403/1167 1844/1404/1167 1404/1404/1167
f 1404/1404/1168 1844/1404/1168 1845/1405/1168
f 1404/1404/1168 1845/1405/1168 1405/1405/1168
f 1405/1405/1168 1845/1405/1168 1846/1406/1168
f 1405/1405/1168 1846/1406/1168 1406/1406/1168
f 1406/1406/1168 1846/1406/1168 1847/1407/1168
f 1406/1406/1168 1847/1407/1168 1407/1407/1168
f 1407/1407/1169 1847/1407/1169 1848/1408/1169
f 1407/1407/1169 1848/1408/1169 1408/1408/1169
f 1408/1408/1169 1848/1408/1169 1849/1409/1169
f 1408/1408/1169 1849/1409/1169 1409/1409/1169
f 1409/1409/1169 1849/1409/1169 1850/1410/1169
f 1409/1409/1169 1850/1410/1169 1410/1410/1169
f 1410/1410/1170 1850/1410/1170 1851/1411/1170
f 1410/1410/1170 1851/1411/1170 1411/1411/1170
f 1411/1411/1170 1851/1411/1170 1852/1412/1170
f 1411/1411/1170 1852/1412/1170 1412/1412/1170
f 1412/1412/1170 1852/1412/1170 1853/1413/1170
f 1412/1412/1170 1853/1413/1170 1413/1413/1170
f 1413/1413/1171 1853/1413/1171 1854/1414/1171
f 1413/1413/1171 1854/1414/1171 1414/1414/1171
f 1414/1414/1171 1854/1414/1171 1855/1415/1171
f 1414/1414/1171 1855/1415/1171 1415/1415/1171
f 1415/1415/1172 1855/1415/1172 1856/1416/1172
f 1415/1415/1172 1856/1416/1172 1416/1416/1172
f 1416/1416/1172 1856/1416/1172 1857/1417/1172
f 1416/1416/1172 1857/1417/1172 1417/1417/1172
f 1417/1417/1172 1857/1417/1172 1858/1418/1172
f 1417/1417/1172 1858/1418/1172 1418/1418/1172
f 1418/1418/1173 1858/1418/1173 1859/1419/1173
f 1418/1418/1173 1859/1419/1173 1419/1419/1173
f 1419/1419/1173 1859/1419/1173 1860/1420/1173
f 1419/1419/1173 1860/1420/1173 1420/1420/1173
f 1420/1420/1173 1860/1420/1173 1861/1421/1173
f 1420/1420/1173 1861/1421/1173 1421/1421/1173
f 1421/1421/1174 1861/1421/1174 1862/1422/1174
f 1421/1421/1174 1862/1422/1174 1422/1422/1174
f 1422/1422/1174 1862/1422/1174 1863/1423/1174
f 1422/1422/1174 1863/1423/1174 1423/1423/1174
f 1423/1423/1174 1863/1423/1174 1864/1424/1174
f 1423/1423/1174 1864/1424/1174 1424/1424/1174
f 1424/1424/1175 1864/1424/1175 1865/1425/1175
f 1424/1424/1175 1865/1425/1175 1425/1425/1175
f 1425/1425/1175 1865/1425/1175 1866/1426/1175
f 1425/1425/1175 1866/1426/1175 1426/1426/1175
f 1426/1426/1175 1866/1426/1175 1867/1427/1175
f 1426/1426/1175 1867/1427/1175 1427/1427/1175
f 1427/1427/1176 1867/1427/1176 1868/1428/1176
f 1427/1427/1176 1868/1428/1176 1428/1428/1176
f 1428/1428/1176 1868/1428/1176 1869/1429/1176
f 1428/1428/1176 1869/1429/1176 1429/1429/1176
f 1429/1429/1176 1869/1429/1176 1870/1430/1176
f 1429/1429/1176 1870/1430/1176 1430/1430/1176
f 1430/1430/1177 1870/1430/1177 1871/1431/1177
f 1430/1430/1177 1871/1431/1177 1431/1431/1177
f 1431/1431/1177 1871/1431/1177 1872/1432/1177
f 1431/1431/1177 1872/1432/1177 1432/1432/1177
f 1432/1432/1177 1872/1432/1177 1873/1433/1177
f 1432/1432/1177 1873/1433/1177 1433/1433/1177
f 1433/1433/1178 1873/1433/1178 1874/1434/1178
f 1433/1433/1178 1874/1434/1178 1434/1434/1178
f 1434/1434/1178 1874/1434/1178 1875/1435/1178
f 1434/1434/1178 1875/1435/1178 1435/1435/1178
f 1435/1435/1179 1875/1435/1179 1876/1436/1179
f 1435/1435/1179 1876/1436/1179 1436/1436/1179
f 1436/1436/1179 1876/1436/1179 1877/1437/1179
f 1436/1436/1179 1877/1437/1179 1437/1437/1179
f 1437/1437/1180 1877/1437/1180 1878/1438/1180
f 1437/1437/1180 1878/1438/1180 1438/1438/1180
f 1438/1438/1180 1878/1438/1180 1879/1439/1180
f 1438/1438/1180 1879/1439/1180 1439/1439/1180
f 1439/1439/1180 1879/1439/1180 1880/1440/1180
f 1439/1439/1180 1880/1440/1180 1440/1440/1180
f 1440/1440/1181 1880/1440/1181 1881/1441/1181
f 1440/1440/1181 1881/1441/1181 1441/1441/1181
f 1441/1441/1181 1881/1441/1181 1882/1442/1181
f 1441/1441/1181 1882/1442/1181 1442/1442/1181
f 1442/1442/1181 1882/1442/1181 1883/1443/1181
f 1442/1442/1181 1883/1443/1181 1443/1443/1181
f 1443/1443/1182 1883/1443/1182 1884/1444/1182
f 1443/1443/1182 1884/1444/1182 1444/1444/1182
f 1444/1444/1182 1884/1444/1182 1885/1445/1182
f 1444/1444/1182 1885/1445/1182 1445/1445/1182
f 1445/1445/1182 1885/1445/1182 1886/1446/1182
f 1445/1445/1182 1886/1446/1182 1446/1446/1182
f 1446/1446/1183 1886/1446/1183 1887/1447/1183
f 1446/1446/1183 1887/1447/1183 1447/1447/1183
f 1447/1447/1183 1887/1447/1183 1888/1448/1183
f 1447/1447/1183 1888/1448/1183 1448/1448/1183
f 1448/1448/1183 1888/1448/1183 1889/1449/1183
f 1448/1448/1183 1889/1449/1183 1449/1449/1183
f 1449/1449/1184 1889/1449/1184 1890/1450/1184
f 1449/1449/1184 1890/1450/1184 1450/1450/1184
f 1450/1450/1184 1890/1450/1184 1891/1451/1184
f 1450/1450/1184 1891/1451/1184 1451/1451/1184
f 1451/1451/1184 1891/1451/1184 1892/1452/1184
f 1451/1451/1184 1892/1452/1184 1452/1452/1184
f 1452/1452/1185 1892/1452/1185 1893/1453/1185
f 1452/1452/1185 1893/1453/1185 1453/1453/1185
f 1453/1453/1185 1893/1453/1185 1894/1454/1185
f 1453/1453/1185 1894/1454/1185 1454/1454/1185
f 1454/1454/1185 1894/1454/1185 1895/1455/1185
f 1454/1454/1185 1895/1455/1185 1455/1455/1185
f 1455/1455/1186 1895/1455/1186 1896/1456/1186
f 1455/1455/1186 1896/1456/1186 1456/1456/1186
f 1456/1456/1186 1896/1456/1186 1897/1457/1186
f 1456/1456/1186 1897/1457/1186 1457/1457/1186
f 1457/1457/1187 1897/1457/1187 1898/1458/1187
f 1457/1457/1187 1898/1458/1187 1458/1458/1187
f 1458/1458/1187 1898/1458/1187 1899/1459/1187
f 1458/1458/1187 1899/1459/1187 1459/1459/1187
f 1459/1459/1187 1899/1459/1187 1900/1460/1187
f 1459/1459/1187 1900/1460/1187 1460/1460/1187
f 1460/1460/1188 1900/1460/1188 1901/1461/1188
f 1460/1460/1188 1901/1461/1188 1461/1461/1188
f 1461/1461/1188 1901/1461/1188 1902/1462/1188
f 1461/1461/1188 1902/1462/1188 1462/1462/1188
f 1462/1462/1188 1902/1462/1188 1903/1463/1188
f 1462/1462/1188 1903/1463/1188 1463/1463/1188
f 1463/1463/1189 1903/1463/1189 1904/1464/1189
f 1463/1463/1189 1904/1464/1189 1464/1464/1189
f 1464/1464/1189 1904/1464/1189 1905/1465/1189
f 1464/1464/1189 1905/1465/1189 1465/1465/1189
f 1465/1465/1189 1905/1465/1189 1906/1466/1189
f 1465/1465/1189 1906/1466/1189 1466/1466/1189
f 1466/1466/1190 1906/1466/1190 1907/1467/1190
f 1466/1466/1190 1907/1467/1190 1467/1467/1190
f 1467/1467/1190 1907/1467/1190 1908/1468/1190
f 1467/1467/1190 1908/1468/1190 1468/1468/1190
f 1468/1468/1190 1908/1468/1190 1909/1469/1190
f 1468/1468/1190 1909/1469/1190 1469/1469/1190
f 1469/1469/1191 1909/1469/1191 1910/1470/1191
f 1469/1469/1191 1910/1470/1191 1470/1470/1191
f 1470/1470/1191 1910/1470/1191 1911/1471/1191
f 1470/1470/1191 1911/1471/1191 1471/1471/1191
f 1471/1471/1191 1911/1471/1191 1912/1472/1191
f 1471/1471/1191 1912/1472/1191 1472/1472/1191
f 1472/1472/1192 1912/1472/1192 1913/1473/1192
f 1472/1472/1192 1913/1473/1192 1473/1473/1192
f 1473/1473/1192 1913/1473/1192 1914/1474/1192
f 1473/1473/1192 1914/1474/1192 1474/1474/1192
f 1474/1474/1192 1914/1474/1192 1915/1475/1192
f 1474/1474/1192 1915/1475/1192 1475/1475/1192
f 1475/1475/1192 1915/1475/1192 1916/1476/1192
f 1475/1475/1192 1916/1476/1192 1476/1476/1192
f 1476/1476/1192 1916/1476/1192 1917/1477/1192
f 1476/1476/1192 1917/1477/1192 1477/1477/1192
f 1477/1477/1192 1917/1477/1192 1918/1478/1192
f 1477/1477/1192 1918/1478/1192 1478/1478/1192
f 1478/1478/1192 1918/1478/1192 1919/1479/1192
f 1478/1478/1192 1919/1479/1192 1479/1479/1192
f 1479/1479/1192 1919/1479/1192 1920/1480/1192
f 1479/1479/1192 1920/1480/1192 1480/1480/1192
f 1480/1480/1192 1920/1480/1192 1921/1481/1192
f 1480/1480/1192 1921/1481/1192 1481/1481/1192
f 1481/1481/1193 1921/1481/1193 1922/1482/1193
f 1481/1481/1193 1922/1482/1193 1482/1482/1193
f 1482/1482/1193 1922/1482/1193 1923/1483/1193
f 1482/1482/1193 1923/1483/1193 1483/1483/1193
f 1483/1483/1193 1923/1483/1193 1924/1484/1193
f 1483/1483/1193 1924/1484/1193 1484/1484/1193
f 1484/1484/1193 1924/1484/1193 1925/1485/1193
f 1484/1484/1193 1925/1485/1193 1485/1485/1193
f 1485/1485/1193 1925/1485/1193 1926/1486/1193
f 1485/1485/1193 1926/1486/1193 1486/1486/1193
f 1486/1486/1193 1926/1486/1193 1927/1487/1193
f 1486/1486/1193 1927/1487/1193 1487/1487/1193
f 1487/1487/1193 1927/1487/1193 1928/1488/1193
f 1487/1487/1193 1928/1488/1193 1488/1488/1193
f 1488/1488/1193 1928/1488/1193 1929/1489/1193
f 1488/1488/1193 1929/1489/1193 1489/1489/1193
f 1489/1489/1193 1929/1489/1193 1930/1490/1193
f 1489/1489/1193 1930/1490/1193 1490/1490/1193
f 1490/1490/1193 1930/1490/1193 1931/1491/1193
f 1490/1490/1193 1931/1491/1193 1491/1491/1193
f 1491/1491/1193 1931/1491/1193 1932/1492/1193
f 1491/1491/1193 1932/1492/1193 1492/1492/1193
f 1492/1492/1194 1932/1492/1194 1933/1493/1194
f 1492/1492/1194 1933/1493/1194 1493/1493/1194
f 1493/1493/1194 1933/1493/1194 1934/1494/1194
f 1493/1493/1194 1934/1494/1194 1494/1494/1194
f 1494/1494/1194 1934/1494/1194 1935/1495/1194
f 1494/1494/1194 1935/1495/1194 1495/1495/1194
f 1495/1495/1194 1935/1495/1194 1936/1496/1194
f 1495/1495/1194 1936/1496/1194 1496/1496/1194
f 1496/1496/1194 1936/1496/1194 1937/1497/1194
f 1496/1496/1194 1937/1497/1194 1497/1497/1194
f 1497/1497/1194 1937/1497/1194 1938/1498/1194
f 1497/1497/1194 1938/1498/1194 1498/1498/1194
f 1498/1498/1194 1938/1498/1194 1939/1499/1194
f 1498/1498/1194 1939/1499/1194 1499/1499/1194
f 1499/1499/1194 1939/1499/1194 1940/1500/1194
f 1499/1499/1194 1940/1500/1194 1500/1500/1194
f 1500/1500/1194 1940/1500/1194 1941/1501/1194
f 1500/1500/1194 1941/1501/1194 1501/1501/1194
f 1501/1501/1194 1941/1501/1194 1942/1502/1194
f 1501/1501/1194 1942/1502/1194 1502/1502/1194
f 1502/1502/1194 1942/1502/1194 1943/1503/1194
f 1502/1502/1194 1943/1503/1194 1503/1503/1194
f 1503/1503/1195 1943/1503/1195 1944/1504/1195
f 1503/1503/1195 1944/1504/1195 1504/1504/1195
f 1504/1504/1195 1944/1504/1195 1945/1505/1195
f 1504/1504/1195 1945/1505/1195 1505/1505/1195
f 1505/1505/1195 1945/1505/1195 1946/1506/1195
f 1505/1505/1195 1946/1506/1195 1506/1506/1195
f 1506/1506/1195 1946/1506/1195 1947/1507/1195
f 1506/1506/1195 1947/1507/1195 1507/1507/1195
f 1507/1507/1195 1947/1507/1195 1948/1508/1195
f 1507/1507/1195 1948/1508/1195 1508/1508/1195
f 1508/1508/1195 1948/1508/1195 1949/1509/1195
f 1508/1508/1195 1949/1509/1195 1509/1509/1195
f 1509/1509/1195 1949/1509/1195 1950/1510/1195
f 1509/1509/1195 1950/1510/1195 1510/1510/1195
f 1510/1510/1195 1950/1510/1195 1951/1511/1195
f 1510/1510/1195 1951/1511/1195 1511/1511/1195
f 1511/1511/1195 1951/1511/1195 1952/1512/1195
f 1511/1511/1195 1952/1512/1195 1512/1512/1195
f 1512/1512/1195 1952/1512/1195 1953/1513/1195
f 1512/1512/1195 1953/1513/1195 1513/1513/1195
f 1513/1513/1195 1953/1513/1195 1954/1514/1195
f 1513/1513/1195 1954/1514/1195 1514/1514/1195
f 1514/1514/1195 1954/1514/1195 1955/1515/1195
f 1514/1514/1195 1955/1515/1195 1515/1515/1195
f 1515/1515/1196 1955/1515/1196 1956/1516/1196
f 1515/1515/1196 1956/1516/1196 1516/1516/1196
f 1516/1516/1196 1956/1516/1196 1957/1517/1196
f 1516/1516/1196 1957/1517/1196 1517/1517/1196
f 1517/1517/1196 1957/1517/1196 1958/1518/1196
f 1517/1517/1196 1958/1518/1196 1518/1518/1196
f 1518/1518/1196 1958/1518/1196 1959/1519/1196
f 1518/1518/1196 1959/1519/1196 1519/1519/1196
f 1519/1519/1196 1959/1519/1196 1960/1520/1196
f 1519/1519/1196 1960/1520/1196 1520/1520/1196
f 1520/1520/1196 1960/1520/1196 1961/1521/1196
f 1520/1520/1196 1961/1521/1196 1521/1521/1196
f 1521/1521/1196 1961/1521/1196 1962/1522/1196
f 1521/1521/1196 1962/1522/1196 1522/1522/1196
f 1522/1522/1196 1962/1522/1196 1963/1523/1196
f 1522/1522/1196 1963/1523/1196 1523/1523/1196
f 1523/1523/1196 1963/1523/1196 1964/1524/1196
f 1523/1523/1196 1964/1524/1196 1524/1524/1196
f 1524/1524/1196 1964/1524/1196 1965/1525/1196
f 1524/1524/1196 1965/1525/1196 1525/1525/1196
f 1525/1525/1196 1965/1525/1196 1966/1526/1196
f 1525/1525/1196 1966/1526/1196 1526/1526/1196
f 1526/1526/1196 1966/1526/1196 1967/1527/1196
f 1526/1526/1196 1967/1527/1196 1527/1527/1196
f 1527/1527/1197 1967/1527/1197 1968/1528/1197
f 1527/1527/1197 1968/1528/1197 1528/1528/1197
f 1528/1528/1197 1968/1528/1197 1969/1529/1197
f 1528/1528/1197 1969/1529/1197 1529/1529/1197
f 1529/1529/1197 1969/1529/1197 1970/1530/1197
f 1529/1529/1197 1970/1530/1197 1530/1530/1197
f 1530/1530/1198 1970/1530/1198 1971/1531/1198
f 1530/1530/1198 1971/1531/1198 1531/1531/1198
f 1531/1531/1198 1971/1531/1198 1972/1532/1198
f 1531/1531/1198 1972/1532/1198 1532/1532/1198
f 1532/1532/1198 1972/1532/1198 1973/1533/1198
f 1532/1532/1198 1973/1533/1198 1533/1533/1198
f 1533/1533/1199 1973/1533/1199 1974/1534/1199
f 1533/1533/1199 1974/1534/1199 1534/1534/1199
f 1534/1534/1199 1974/1534/1199 1975/1535/1199
f 1534/1534/1199 1975/1535/1199 1535/1535/1199
f 1535/1535/1199 1975/1535/1199 1976/1536/1199
f 1535/1535/1199 1976/1536/1199 1536/1536/1199
f 1536/1536/1200 1976/1536/1200 1977/1537/1200
f 1536/1536/1200 1977/1537/1200 1537/1537/1200
f 1537/1537/1200 1977/1537/1200 1978/1538/1200
f 1537/1537/1200 1978/1538/1200 1538/1538/1200
f 1538/1538/1200 1978/1538/1200 1979/1539/1200
f 1538/1538/1200 1979/1539/1200 1539/1539/1200
f 1539/1539/1201 1979/1539/1201 1980/1540/1201
f 1539/1539/1201 1980/1540/1201 1540/1540/1201
f 1540/1540/1201 1980/1540/1201 1981/1541/1201
f 1540/1540/1201 1981/1541/1201 1541/1541/1201
f 1541/1541/1202 1981/1541/1202 1982/1542/1202
f 1541/1541/1202 1982/1542/1202 1542/1542/1202
f 1542/1542/1202 1982/1542/1202 1983/1543/1202
f 1542/1542/1202 1983/1543/1202 1543/1543/1202
f 1543/1543/1202 1983/1543/1202 1984/1544/1202
f 1543/1543/1202 1984/1544/1202 1544/1544/1202
f 1544/1544/1203 1984/1544/1203 1985/1545/1203
f 1544/1544/1203 1985/1545/1203 1545/1545/1203
f 1545/1545/1203 1985/1545/1203 1986/1546/1203
f 1545/1545/1203 1986/1546/1203 1546/1546/1203
f 1546/1546/1203 1986/1546/1203 1987/1547/1203
f 1546/1546/1203 1987/1547/1203 1547/1547/1203
f 1547/1547/1204 1987/1547/1204 1988/1548/1204
f 1547/1547/1204 1988/1548/1204 1548/1548/1204
f 1548/1548/1204 1988/1548/1204 1989/1549/1204
f 1548/1548/1204 1989/1549/1204 1549/1549/1204
f 1549/1549/1204 1989/1549/1204 1990/1550/1204
f 1549/1549/1204 1990/1550/1204 1550/1550/1204
f 1550/1550/1205 1990/1550/1205 1991/1551/1205
f 1550/1550/1205 1991/1551/1205 1551/1551/1205
f 1551/1551/1205 1991/1551/1205 1992/1552/1205
f 1551/1551/1205 1992/1552/1205 1552/1552/1205
f 1552/1552/1205 1992/1552/1205 1993/1553/1205
f 1552/1552/1205 1993/1553/1205 1553/1553/1205
f 1553/1553/1206 1993/1553/1206 1994/1554/1206
f 1553/1553/1206 1994/1554/1206 1554/1554/1206
f 1554/1554/1206 1994/1554/1206 1995/1555/1206
f 1554/1554/1206 1995/1555/1206 1555/1555/1206
f 1555/1555/1206 1995/1555/1206 1996/1556/1206
f 1555/1555/1206 1996/1556/1206 1556/1556/1206
f 1556/1556/1207 1996/1556/1207 1997/1557/1207
f 1556/1556/1207 1997/1557/1207 1557/1557/1207
f 1557/1557/1207 1997/1557/1207 1998/1558/1207
f 1557/1557/1207 1998/1558/1207 1558/1558/1207
f 1558/1558/1207 1998/1558/1207 1999/1559/1207
f 1558/1558/1207 1999/1559/1207 1559/1559/1207
f 1559/1559/1208 1999/1559/1208 2000/1560/1208
f 1559/1559/1208 2000/1560/1208 1560/1560/1208
f 1560/1560/1208 2000/1560/1208 2001/1561/1208
f 1560/1560/1208 2001/1561/1208 1561/1561/1208
f 1561/1561/1209 2001/1561/1209 2002/1562/1209
f 1561/1561/1209 2002/1562/1209 1562/1562/1209
f 1562/1562/1209 2002/1562/1209 2003/1563/1209
f 1562/1562/1209 2003/1563/1209 1563/1563/1209
f 1563/1563/1210 2003/1563/1210 2004/1564/1210
f 1563/1563/1210 2004/1564/1210 1564/1564/1210
f 1564/1564/1210 2004/1564/1210 2005/1565/1210
f 1564/1564/1210 2005/1565/1210 1565/1565/1210
f 1565/1565/1210 2005/1565/1210 2006/1566/1210
f 1565/1565/1210 2006/1566/1210 1566/1566/1210
f 1566/1566/1211 2006/1566/1211 2007/1567/1211
f 1566/1566/1211 2007/1567/1211 1567/1567/1211
f 1567/1567/1211 2007/1567/1211 2008/1568/1211
f 1567/1567/1211 2008/1568/1211 1568/1568/1211
f 1568/1568/1211 2008/1568/1211 2009/1569/1211
f 1568/1568/1211 2009/1569/1211 1569/1569/1211
f 1569/1569/1212 2009/1569/1212 2010/1570/1212
f 1569/1569/1212 2010/1570/1212 1570/1570/1212
f 1570/1570/1212 2010/1570/1212 2011/1571/1212
f 1570/1570/1212 2011/1571/1212 1571/1571/1212
f 1571/1571/1212 2011/1571/1212 2012/1572/1212
f 1571/1571/1212 2012/1572/1212 1572/1572/1212
f 1572/1572/1213 2012/1572/1213 2013/1573/1213
f 1572/1572/1213 2013/1573/1213 1573/1573/1213
f 1573/1573/1213 2013/1573/1213 2014/1574/1213
f 1573/1573/1213 2014/1574/1213 1574/1574/1213
f 1574/1574/1213 2014/1574/1213 2015/1575/1213
f 1574/1574/1213 2015/1575/1213 1575/1575/1213
f 1575/1575/1213 2015/1575/1213 2016/1576/1213
f 1575/1575/1213 2016/1576/1213 1576/1576/1213
f 1576/1576/1213 2016/1576/1213 2017/1577/1213
f 1576/1576/1213 2017/1577/1213 1577/1577/1213
f 1577/1577/1213 2017/1577/1213 2018/1578/1213
f 1577/1577/1213 2018/1578/1213 1578/1578/1213
f 1578/1578/1213 2018/1578/1213 2019/1579/1213
f 1578/1578/1213 2019/1579/1213 1579/1579/1213
f 1579/1579/1214 2019/1579/1214 2020/1580/1214
f 1579/1579/1214 2020/1580/1214 1580/1580/1214
f 1580/1580/1215 2020/1580/1215 2021/1581/1215
f 1580/1580/1215 2021/1581/1215 1581/1581/1215
f 1581/1581/1215 2021/1581/1215 2022/1582/1215
f 1581/1581/1215 2022/1582/1215 1582/1582/1215
f 1582/1582/1215 2022/1582/1215 2023/1583/1215
f 1582/1582/1215 2023/1583/1215 1583/1583/1215
f 1583/1583/1215 2023/1583/1215 2024/1584/1215
f 1583/1583/1215 2024/1584/1215 1584/1584/1215
f 1584/1584/1215 2024/1584/1215 2025/1585/1215
f 1584/1584/1215 2025/1585/1215 1585/1585/1215
f 1585/1585/1215 2025/1585/1215 2026/1586/1215
f 1585/1585/1215 2026/1586/1215 1586/1586/1215
f 1586/1586/1215 2026/1586/1215 2027/1587/1215
f 1586/1586/1215 2027/1587/1215 1587/1587/1215
f 1587/1587/1215 2027/1587/1215 2028/1588/1215
f 1587/1587/1215 2028/1588/1215 1588/1588/1215
f 1588/1588/1215 2028/1588/1215 2029/1589/1215
f 1588/1588/1215 2029/1589/1215 1589/1589/1215
f 1589/1589/1215 2029/1589/1215 2030/1590/1215
f 1589/1589/1215 2030/1590/1215 1590/1590/1215
f 1590/1590/1215 2030/1590/1215 2031/1591/1215
f 1590/1590/1215 2031/1591/1215 1591/1591/1215
f 1591/1591/1215 2031/1591/1215 2032/1592/1215
f 1591/1591/1215 2032/1592/1215 1592/1592/1215
f 1592/1592/1216 2032/1592/1216 2033/1593/1216
f 1592/1592/1216 2033/1593/1216 1593/1593/1216
f 1593/1593/1216 2033/1593/1216 2034/1594/1216
f 1593/1593/1216 2034/1594/1216 1594/1594/1216
f 1594/1594/1216 2034/1594/1216 2035/1595/1216
f 1594/1594/1216 2035/1595/1216 1595/1595/1216
f 1595/1595/1216 2035/1595/1216 2036/1596/1216
f 1595/1595/1216 2036/1596/1216 1596/1596/1216
f 1596/1596/1216 2036/1596/1216 2037/1597/1216
f 1596/1596/1216 2037/1597/1216 1597/1597/1216
f 1597/1597/1216 2037/1597/1216 2038/1598/1216
f 1597/1597/1216 2038/1598/1216 1598/1598/1216
f 1598/1598/1216 2038/1598/1216 2039/1599/1216
f 1598/1598/1216 2039/1599/1216 1599/1599/1216
f 1599/1599/1216 2039/1599/1216 2040/1600/1216
f 1599/1599/1216 2040/1600/1216 1600/1600/1216
f 1600/1600/1216 2040/1600/1216 2041/1601/1216
f 1600/1600/1216 2041/1601/1216 1601/1601/1216
f 1601/1601/1216 2041/1601/1216 2042/1602/1216
f 1601/1601/1216 2042/1602/1216 1602/1602/1216
f 1602/1602/1216 2042/1602/1216 2043/1603/1216
f 1602/1602/1216 2043/1603/1216 1603/1603/1216
f 1603/1603/1217 2043/1603/1217 2044/1604/1217
f 1603/1603/1217 2044/1604/1217 1604/1604/1217
f 1604/1604/1217 2044/1604/1217 2045/1605/1217
f 1604/1604/1217 2045/1605/1217 1605/1605/1217
f 1605/1605/1217 2045/1605/1217 2046/1606/1217
f 1605/1605/1217 2046/1606/1217 1606/1606/1217
f 1606/1606/1217 2046/1606/1217 2047/1607/1217
f 1606/1606/1217 2047/1607/1217 1607/1607/1217
f 1607/1607/1217 2047/1607/1217 2048/1608/1217
f 1607/1607/1217 2048/1608/1217 1608/1608/1217
f 1608/1608/1217 2048/1608/1217 2049/1609/1217
f 1608/1608/1217 2049/1609/1217 1609/1609/1217
f 1609/1609/1217 2049/1609/1217 2050/1610/1217
f 1609/1609/1217 2050/1610/1217 1610/1610/1217
f 1610/1610/1217 2050/1610/1217 2051/1611/1217
f 1610/1610/1217 2051/1611/1217 1611/1611/1217
f 1611/1611/1217 2051/1611/1217 2052/1612/1217
f 1611/1611/1217 2052/1612/1217 1612/1612/1217
f 1612/1612/1217 2052/1612/1217 2053/1613/1217
f 1612/1612/1217 2053/1613/1217 1613/1613/1217
f 1613/1613/1217 2053/1613/1217 2054/1614/1217
f 1613/1613/1217 2054/1614/1217 1614/1614/1217
f 1614/1614/1217 2054/1614/1217 2055/1615/1217
f 1614/1614/1217 2055/1615/1217 1615/1615/1217
f 1615/1615/1218 2055/1615/1218 2056/1616/1218
f 1615/1615/1218 2056/1616/1218 1616/1616/1218
f 1616/1616/1218 2056/1616/1218 2057/1617/1218
f 1616/1616/1218 2057/1617/1218 1617/1617/1218
f 1617/1617/1218 2057/1617/1218 2058/1618/1218
f 1617/1617/1218 2058/1618/1218 1618/1618/1218
f 1618/1618/1218 2058/1618/1218 2059/1619/1218
f 1618/1618/1218 2059/1619/1218 1619/1619/1218
f 1619/1619/1218 2059/1619/1218 2060/1620/1218
f 1619/1619/1218 2060/1620/1218 1620/1620/1218
f 1620/1620/1218 2060/1620/1218 2061/1621/1218
f 1620/1620/1218 2061/1621/1218 1621/1621/1218
f 1621/1621/1218 2061/1621/1218 2062/1622/1218
f 1621/1621/1218 2062/1622/1218 1622/1622/1218
f 1622/1622/1218 2062/1622/1218 2063/1623/1218
f 1622/1622/1218 2063/1623/1218 1623/1623/1218
f 1623/1623/1218 2063/1623/1218 2064/1624/1218
f 1623/1623/1218 2064/1624/1218 1624/1624/1218
f 1624/1624/1218 2064/1624/1218 2065/1625/1218
f 1624/1624/1218 2065/1625/1218 1625/1625/1218
f 1625/1625/1218 2065/1625/1218 2066/1626/1218
f 1625/1625/1218 2066/1626/1218 1626/1626/1218
f 1626/1626/1218 2066/1626/1218 2067/1627/1218
f 1626/1626/1218 2067/1627/1218 1627/1627/1218
f 1627/1627/1219 2067/1627/1219 2068/1628/1219
f 1627/1627/1219 2068/1628/1219 1628/1628/1219
f 1628/1628/1219 2068/1628/1219 2069/1629/1219
f 1628/1628/1219 2069/1629/1219 1629/1629/1219
f 1629/1629/1219 2069/1629/1219 2070/1630/1219
f 1629/1629/1219 2070/1630/1219 1630/1630/1219
f 1630/1630/1219 2070/1630/1219 2071/1631/1219
f 1630/1630/1219 2071/1631/1219 1631/1631/1219
f 1631/1631/1220 2071/1631/1220 2072/1632/1220
f 1631/1631/1220 2072/1632/1220 1632/1632/1220
f 1632/1632/1220 2072/1632/1220 2073/1633/1220
f 1632/1632/1220 2073/1633/1220 1633/1633/1220
f 1633/1633/1220 2073/1633/1220 2074/1634/1220
f 1633/1633/1220 2074/1634/1220 1634/1634/1220
f 1634/1634/1220 2074/1634/1220 2075/1635/1220
f 1634/1634/1220 2075/1635/1220 1635/1635/1220
f 1635/1635/1220 2075/1635/1220 2076/1636/1220
f 1635/1635/1220 2076/1636/1220 1636/1636/1220
f 1636/1636/1220 2076/1636/1220 2077/1637/1220
f 1636/1636/1220 2077/1637/1220 1637/1637/1220
f 1637/1637/1220 2077/1637/1220 2078/1638/1220
f 1637/1637/1220 2078/1638/1220 1638/1638/1220
f 1638/1638/1220 2078/1638/1220 2079/1639/1220
f 1638/1638/1220 2079/1639/1220 1639/1639/1220
f 1639/1639/1220 2079/1639/1220 2080/1640/1220
f 1639/1639/1220 2080/1640/1220 1640/1640/1220
f 1640/1640/1220 2080/1640/1220 2081/1641/1220
f 1640/1640/1220 2081/1641/1220 1641/1641/1220
f 1641/1641/1220 2081/1641/1220 2082/1642/1220
f 1641/1641/1220 2082/1642/1220 1642/1642/1220
f 1642/1642/1220 2082/1642/1220 2083/1643/1220
f 1642/1642/1220 2083/1643/1220 1643/1643/1220
f 1643/1643/1220 2083/1643/1220 2084/1644/1220
f 1643/1643/1220 2084/1644/1220 1644/1644/1220
f 1644/1644/1221 2084/1644/1221 2085/1645/1221
f 1644/1644/1221 2085/1645/1221 1645/1645/1221
f 1645/1645/1221 2085/1645/1221 2086/1646/1221
f 1645/1645/1221 2086/1646/1221 1646/1646/1221
f 1646/1646/1221 2086/1646/1221 2087/1647/1221
f 1646/1646/1221 2087/1647/1221 1647/1647/1221
f 1647/1647/1221 2087/1647/1221 2088/1648/1221
f 1647/1647/1221 2088/1648/1221 1648/1648/1221
f 1648/1648/1222 2088/1648/1222 2089/1649/1222
f 1648/1648/1222 2089/1649/1222 1649/1649/1222
f 1649/1649/1222 2089/1649/1222 2090/1650/1222
f 1649/1649/1222 2090/1650/1222 1650/1650/1222
f 1650/1650/1222 2090/1650/1222 2091/1651/1222
f 1650/1650/1222 2091/1651/1222 1651/1651/1222
f 1651/1651/1222 2091/1651/1222 2092/1652/1222
f 1651/1651/1222 2092/1652/1222 1652/1652/1222
f 1652/1652/1222 2092/1652/1222 2093/1653/1222
f 1652/1652/1222 2093/1653/1222 1653/1653/1222
f 1653/1653/1222 2093/1653/1222 2094/1654/1222
f 1653/1653/1222 2094/1654/1222 1654/1654/1222
f 1654/1654/1222 2094/1654/1222 2095/1655/1222
f 1654/1654/1222 2095/1655/1222 1655/1655/1222
f 1655/1655/1222 2095/1655/1222 2096/1656/1222
f 1655/1655/1222 2096/1656/1222 1656/1656/1222
f 1656/1656/1222 2096/1656/1222 2097/1657/1222
f 1656/1656/1222 2097/1657/1222 1657/1657/1222
f 1657/1657/1222 2097/1657/1222 2098/1658/1222
f 1657/1657/1222 2098/1658/1222 1658/1658/1222
f 1658/1658/1222 2098/1658/1222 2099/1659/1222
f 1658/1658/1222 2099/1659/1222 1659/1659/1222
f 1659/1659/1222 2099/1659/1222 2100/1660/1222
f 1659/1659/1222 2100/1660/1222 1660/1660/1222
f 1660/1660/1222 2100/1660/1222 2101/1661/1222
f 1660/1660/1222 2101/1661/1222 1661/1661/1222
f 1661/1661/1222 2101/1661/1222 2102/1662/1222
f 1661/1661/1222 2102/1662/1222 1662/1662/1222
f 1662/1662/1223 2102/1662/1223 2103/1663/1223
f 1662/1662/1223 2103/1663/1223 1663/1663/1223
f 1663/1663/1223 2103/1663/1223 2104/1664/1223
f 1663/1663/1223 2104/1664/1223 1664/1664/1223
f 1664/1664/1223 2104/1664/1223 2105/1665/1223
f 1664/1664/1223 2105/1665/1223 1665/1665/1223
f 1665/1665/1223 2105/1665/1223 2106/1666/1223
f 1665/1665/1223 2106/1666/1223 1666/1666/1223
f 1666/1666/1224 2106/1666/1224 2107/1667/1224
f 1666/1666/1224 2107/1667/1224 1667/1667/1224
f 1667/1667/1224 2107/1667/1224 2108/1668/1224
f 1667/1667/1224 2108/1668/1224 1668/1668/1224
f 1668/1668/1224 2108/1668/1224 2109/1669/1224
f 1668/1668/1224 2109/1669/1224 1669/1669/1224
f 1669/1669/1224 2109/1669/1224 2110/1670/1224
f 1669/1669/1224 2110/1670/1224 1670/1670/1224
f 1670/1670/1224 2110/1670/1224 2111/1671/1224
f 1670/1670/1224 2111/1671/1224 1671/1671/1224
f 1671/1671/1224 2111/1671/1224 2112/1672/1224
f 1671/1671/1224 2112/1672/1224 1672/1672/1224
f 1672/1672/1224 2112/1672/1224 2113/1673/1224
f 1672/1672/1224 2113/1673/1224 1673/1673/1224
f 1673/1673/1224 2113/1673/1224 2114/1674/1224
f 1673/1673/1224 2114/1674/1224 1674/1674/1224
f 1674/1674/1224 2114/1674/1224 2115/1675/1224
f 1674/1674/1224 2115/1675/1224 1675/1675/1224
f 1675/1675/1224 2115/1675/1224 2116/1676/1224
f 1675/1675/1224 2116/1676/1224 1676/1676/1224
f 1676/1676/1224 2116/1676/1224 2117/1677/1224
f 1676/1676/1224 2117/1677/1224 1677/1677/1224
f 1677/1677/1224 2117/1677/1224 2118/1678/1224
f 1677/1677/1224 2118/1678/1224 1678/1678/1224
f 1678/1678/1224 2118/1678/1224 2119/1679/1224
f 1678/1678/1224 2119/1679/1224 1679/1679/1224
f 1679/1679/1225 2119/1679/1225 2120/1680/1225
f 1679/1679/1225 2120/1680/1225 1680/1680/1225
f 1680/1680/1225 2120/1680/1225 2121/1681/1225
f 1680/1680/1225 2121/1681/1225 1681/1681/1225
f 1681/1681/1225 2121/1681/1225 2122/1682/1225
f 1681/1681/1225 2122/1682/1225 1682/1682/1225
f 1682/1682/1225 2122/1682/1225 2123/1683/1225
f 1682/1682/1225 2123/1683/1225 1683/1683/1225
f 1683/1683/1226 2123/1683/1226 2124/1684/1226
f 1683/1683/1226 2124/1684/1226 1684/1684/1226
f 1684/1684/1226 2124/1684/1226 2125/1685/1226
f 1684/1684/1226 2125/1685/1226 1685/1685/1226
f 1685/1685/1226 2125/1685/1226 2126/1686/1226
f 1685/1685/1226 2126/1686/1226 1686/1686/1226
f 1686/1686/1226 2126/1686/1226 2127/1687/1226
f 1686/1686/1226 2127/1687/1226 1687/1687/1226
f 1687/1687/1226 2127/1687/1226 2128/1688/1226
f 1687/1687/1226 2128/1688/1226 1688/1688/1226
f 1688/1688/1226 2128/1688/1226 2129/1689/1226
f 1688/1688/1226 2129/1689/1226 1689/1689/1226
f 1689/1689/1226 2129/1689/1226 2130/1690/1226
f 1689/1689/1226 2130/1690/1226 1690/1690/1226
f 1690/1690/1226 2130/1690/1226 2131/1691/1226
f 1690/1690/1226 2131/1691/1226 1691/1691/1226
f 1691/1691/1226 2131/1691/1226 2132/1692/1226
f 1691/1691/1226 2132/1692/1226 1692/1692/1226
f 1692/1692/1226 2132/1692/1226 2133/1693/1226
f 1692/1692/1226 2133/1693/1226 1693/1693/1226
f 1693/1693/1226 2133/1693/1226 2134/1694/1226
f 1693/1693/1226 2134/1694/1226 1694/1694/1226
f 1694/1694/1226 2134/1694/1226 2135/1695/1226
f 1694/1694/1226 2135/1695/1226 1695/1695/1226
f 1695/1695/1227 2135/1695/1227 2136/1696/1227
f 1695/1695/1227 2136/1696/1227 1696/1696/1227
f 1696/1696/1227 2136/1696/1227 2137/1697/1227
f 1696/1696/1227 2137/1697/1227 1697/1697/1227
f 1697/1697/1227 2137/1697/1227 2138/1698/1227
f 1697/1697/1227 2138/1698/1227 1698/1698/1227
f 1698/1698/1227 2138/1698/1227 2139/1699/1227
f 1698/1698/1227 2139/1699/1227 1699/1699/1227
f 1699/1699/1227 2139/1699/1227 2140/1700/1227
f 1699/1699/1227 2140/1700/1227 1700/1700/1227
f 1700/1700/1227 2140/1700/1227 2141/1701/1227
f 1700/1700/1227 2141/1701/1227 1701/1701/1227
f 1701/1701/1227 2141/1701/1227 2142/1702/1227
f 1701/1701/1227 2142/1702/1227 1702/1702/1227
f 1702/1702/1227 2142/1702/1227 2143/1703/1227
f 1702/1702/1227 2143/1703/1227 1703/1703/1227
f 1703/1703/1227 2143/1703/1227 2144/1704/1227
f 1703/1703/1227 2144/1704/1227 1704/1704/1227
f 1704/1704/1227 2144/1704/1227 2145/1705/1227
f 1704/1704/1227 2145/1705/1227 1705/1705/1227
f 1705/1705/1227 2145/1705/1227 2146/1706/1227
f 1705/1705/1227 2146/1706/1227 1706/1706/1227
f 1706/1706/1227 2146/1706/1227 2147/1707/1227
f 1706/1706/1227 2147/1707/1227 1707/1707/1227
f 1707/1707/1228 2147/1707/1228 2148/1708/1228
f 1707/1707/1228 2148/1708/1228 1708/1708/1228
f 1708/1708/1228 2148/1708/1228 2149/1709/1228
f 1708/1708/1228 2149/1709/1228 1709/1709/1228
f 1709/1709/1228 2149/1709/1228 2150/1710/1228
f 1709/1709/1228 2150/1710/1228 1710/1710/1228
f 1710/1710/1228 2150/1710/1228 2151/1711/1228
f 1710/1710/1228 2151/1711/1228 1711/1711/1228
f 1711/1711/1228 2151/1711/1228 2152/1712/1228
f 1711/1711/1228 2152/1712/1228 1712/1712/1228
f 1712/1712/1228 2152/1712/1228 2153/1713/1228
f 1712/1712/1228 2153/1713/1228 1713/1713/1228
f 1713/1713/1228 2153/1713/1228 2154/1714/1228
f 1713/1713/1228 2154/1714/1228 1714/1714/1228
f 1714/1714/1228 2154/1714/1228 2155/1715/1228
f 1714/1714/1228 2155/1715/1228 1715/1715/1228
f 1715/1715/1228 2155/1715/1228 2156/1716/1228
f 1715/1715/1228 2156/1716/1228 1716/1716/1228
f 1716/1716/1228 2156/1716/1228 2157/1717/1228
f 1716/1716/1228 2157/1717/1228 1717/1717/1228
f 1717/1717/1228 2157/1717/1228 2158/1718/1228
f 1717/1717/1228 2158/1718/1228 1718/1718/1228
f 1718/1718/1229 2158/1718/1229 2159/1719/1229
f 1718/1718/1229 2159/1719/1229 1719/1719/1229
f 1719/1719/1229 2159/1719/1229 2160/1720/1229
f 1719/1719/1229 2160/1720/1229 1720/1720/1229
f 1720/1720/1229 2160/1720/1229 2161/1721/1229
f 1720/1720/1229 2161/1721/1229 1721/1721/1229
f 1721/1721/1229 2161/1721/1229 2162/1722/1229
f 1721/1721/1229 2162/1722/1229 1722/1722/1229
f 1722/1722/1229 2162/1722/1229 2163/1723/1229
f 1722/1722/1229 2163/1723/1229 1723/1723/1229
f 1723/1723/1229 2163/1723/1229 2164/1724/1229
f 1723/1723/1229 2164/1724/1229 1724/1724/1229
f 1724/1724/1229 2164/1724/1229 2165/1725/1229
f 1724/1724/1229 2165/1725/1229 1725/1725/1229
f 1725/1725/1229 2165/1725/1229 2166/1726/1229
f 1725/1725/1229 2166/1726/1229 1726/1726/1229
f 1726/1726/1229 2166/1726/1229 2167/1727/1229
f 1726/1726/1229 2167/1727/1229 1727/1727/1229
f 1727/1727/1229 2167/1727/1229 2168/1728/1229
f 1727/1727/1229 2168/1728/1229 1728/1728/1229
f 1728/1728/1229 2168/1728/1229 2169/1729/1229
f 1728/1728/1229 2169/1729/1229 1729/1729/1229
f 1729/1729/1229 2169/1729/1229 2170/1730/1229
f 1729/1729/1229 2170/1730/1229 1730/1730/1229
f 1730/1730/1230 2170/1730/1230 2171/1731/1230
f 1730/1730/1230 2171/1731/1230 1731/1731/1230
f 1731/1731/1231 2171/1731/1231 2172/1732/1231
f 1731/1731/1231 2172/1732/1231 1732/1732/1231
f 1732/1732/1231 2172/1732/1231 2173/1733/1231
f 1732/1732/1231 2173/1733/1231 1733/1733/1231
f 1733/1733/1231 2173/1733/1231 2174/1734/1231
f 1733/1733/1231 2174/1734/1231 1734/1734/1231
f 1734/1734/1231 2174/1734/1231 2175/1735/1231
f 1734/1734/1231 2175/1735/1231 1735/1735/1231
f 1735/1735/1231 2175/1735/1231 2176/1736/1231
f 1735/1735/1231 2176/1736/1231 1736/1736/1231
f 1736/1736/1231 2176/1736/1231 2177/1737/1231
f 1736/1736/1231 2177/1737/1231 1737/1737/1231
f 1737/1737/1231 2177/1737/1231 2178/1738/1231
f 1737/1737/1231 2178/1738/1231 1738/1738/1231
f 1738/1738/1232 2178/1738/1232 2179/1739/1232
f 1738/1738/1232 2179/1739/1232 1739/1739/1232
f 1739/1739/1232 2179/1739/1232 2180/1740/1232
f 1739/1739/1232 2180/1740/1232 1740/1740/1232
f 1740/1740/1232 2180/1740/1232 2181/1741/1232
f 1740/1740/1232 2181/1741/1232 1741/1741/1232
f 1741/1741/1233 2181/1741/1233 2182/1742/1233
f 1741/1741/1233 2182/1742/1233 1742/1742/1233
f 1742/1742/1233 2182/1742/1233 2183/1743/1233
f 1742/1742/1233 2183/1743/1233 1743/1743/1233
f 1743/1743/1233 2183/1743/1233 2184/1744/1233
f 1743/1743/1233 2184/1744/1233 1744/1744/1233
f 1744/1744/1234 2184/1744/1234 2185/1745/1234
f 1744/1744/1234 2185/1745/1234 1745/1745/1234
f 1745/1745/1234 2185/1745/1234 2186/1746/1234
f 1745/1745/1234 2186/1746/1234 1746/1746/1234
f 1746/1746/1234 2186/1746/1234 2187/1747/1234
f 1746/1746/1234 2187/1747/1234 1747/1747/1234
f 1747/1747/1235 2187/1747/1235 2188/1748/1235
f 1747/1747/1235 2188/1748/1235 1748/1748/1235
f 1748/1748/1235 2188/1748/1235 2189/1749/1235
f 1748/1748/1235 2189/1749/1235 1749/1749/1235
f 1749/1749/1236 2189/1749/1236 2190/1750/1236
f 1749/1749/1236 2190/1750/1236 1750/1750/1236
f 1750/1750/1236 2190/1750/1236 2191/1751/1236
f 1750/1750/1236 2191/1751/1236 1751/1751/1236
f 1751/1751/1237 2191/1751/1237 2192/1752/1237
f 1751/1751/1237 2192/1752/1237 1752/1752/1237
f 1752/1752/1237 2192/1752/1237 2193/1753/1237
f 1752/1752/1237 2193/1753/1237 1753/1753/1237
f 1753/1753/1237 2193/1753/1237 2194/1754/1237
f 1753/1753/1237 2194/1754/1237 1754/1754/1237
f 1754/1754/1238 2194/1754/1238 2195/1755/1238
f 1754/1754/1238 2195/1755/1238 1755/1755/1238
f 1755/1755/1238 2195/1755/1238 2196/1756/1238
f 1755/1755/1238 2196/1756/1238 1756/1756/1238
f 1756/1756/1238 2196/1756/1238 2197/1757/1238
f 1756/1756/1238 2197/1757/1238 1757/1757/1238
f 1757/1757/1239 2197/1757/1239 2198/1758/1239
f 1757/1757/1239 2198/1758/1239 1758/1758/1239
f 1758/1758/1239 2198/1758/1239 2199/1759/1239
f 1758/1758/1239 2199/1759/1239 1759/1759/1239
f 1759/1759/1239 2199/1759/1239 2200/1760/1239
f 1759/1759/1239 2200/1760/1239 1760/1760/1239
f 1760/1760/1153 2200/1760/1153 1761/1321/1153
f 1760/1760/1153 1761/1321/1153 1321/1321/1153
g front_keyhole_bevel
f 1761/1321/1240 2201/881/1240 2202/882/1240
f 1761/1321/1241 2202/882/1241 1762/1322/1241
f 1762/1322/1242 2202/882/1242 2203/883/1242
f 1762/1322/1243 2203/883/1243 1763/1323/1243
f 1763/1323/1244 2203/883/1244 2204/884/1244
f 1763/1323/1245 2204/884/1245 1764/1324/1245
f 1764/1324/1246 2204/884/1246 2205/885/1246
f 1764/1324/1247 2205/885/1247 1765/1325/1247
f 1765/1325/1248 2205/885/1248 2206/886/1248
f 1765/1325/1249 2206/886/1249 1766/1326/1249
f 1766/1326/1250 2206/886/1250 2207/887/1250
f 1766/1326/1251 2207/887/1251 1767/1327/1251
f 1767/1327/1252 2207/887/1252 2208/888/1252
f 1767/1327/1253 2208/888/1253 1768/1328/1253
f 1768/1328/1254 2208/888/1254 2209/889/1254
f 1768/1328/1255 2209/889/1255 1769/1329/1255
f 1769/1329/1256 2209/889/1256 2210/890/1256
f 1769/1329/1257 2210/890/1257 1770/1330/1257
f 1770/1330/1258 2210/890/1258 2211/891/1258
f 1770/1330/1259 2211/891/1259 1771/1331/1259
f 1771/1331/1260 2211/891/1260 2212/892/1260
f 1771/1331/1261 2212/892/1261 1772/1332/1261
f 1772/1332/1262 2212/892/1262 2213/893/1262
f 1772/1332/1263 2213/893/1263 1773/1333/1263
f 1773/1333/1264 2213/893/1264 2214/894/1264
f 1773/1333/1265 2214/894/1265 1774/1334/1265
f 1774/1334/1266 2214/894/1266 2215/895/1266
f 1774/1334/1267 2215/895/1267 1775/1335/1267
f 1775/1335/1268 2215/895/1268 2216/896/1268
f 1775/1335/1269 2216/896/1269 1776/1336/1269
f 1776/1336/1270 2216/896/1270 2217/897/1270
f 1776/1336/1271 2217/897/1271 1777/1337/1271
f 1777/1337/1272 2217/897/1272 2218/898/1272
f 1777/1337/1273 2218/898/1273 1778/1338/1273
f 1778/1338/1274 2218/898/1274 2219/899/1274
f 1778/1338/1275 2219/899/1275 1779/1339/1275
f 1779/1339/1276 2219/899/1276 2220/900/1276
f 1779/1339/1277 2220/900/1277 1780/1340/1277
f 1780/1340/1278 2220/900/1278 2221/901/1278
f 1780/1340/1279 2221/901/1279 1781/1341/1279
f 1781/1341/1280 2221/901/1280 2222/902/1280
f 1781/1341/1281 2222/902/1281 1782/1342/1281
f 1782/1342/1282 2222/902/1282 2223/903/1282
f 1782/1342/1283 2223/903/1283 1783/1343/1283
f 1783/1343/1284 2223/903/1284 2224/904/1284
f 1783/1343/1285 2224/904/1285 1784/1344/1285
f 1784/1344/1286 2224/904/1286 2225/905/1286
f 1784/1344/1287 2225/905/1287 1785/1345/1287
f 1785/1345/1288 2225/905/1288 2226/906/1288
f 1785/1345/1289 2226/906/1289 1786/1346/1289
f 1786/1346/1290 2226/906/1290 2227/907/1290
f 1786/1346/1291 2227/907/1291 1787/1347/1291
f 1787/1347/1292 2227/907/1292 2228/908/1292
f 1787/1347/1293 2228/908/1293 1788/1348/1293
f 1788/1348/1294 2228/908/1294 2229/909/1294
f 1788/1348/1295 2229/909/1295 1789/1349/1295
f 1789/1349/1296 2229/909/1296 2230/910/1296
f 1789/1349/1297 2230/910/1297 1790/1350/1297
f 1790/1350/1298 2230/910/1298 2231/911/1298
f 1790/1350/1299 2231/911/1299 1791/1351/1299
f 1791/1351/1300 2231/911/1300 2232/912/1300
f 1791/1351/1301 2232/912/1301 1792/1352/1301
f 1792/1352/1302 2232/912/1302 2233/913/1302
f 1792/1352/1303 2233/913/1303 1793/1353/1303
f 1793/1353/1304 2233/913/1304 2234/914/1304
f 1793/1353/1305 2234/914/1305 1794/1354/1305
f 1794/1354/1306 2234/914/1306 2235/915/1306
f 1794/1354/1307 2235/915/1307 1795/1355/1307
f 1795/1355/1308 2235/915/1308 2236/916/1308
f 1795/1355/1309 2236/916/1309 1796/1356/1309
f 1796/1356/1310 2236/916/1310 2237/917/1310
f 1796/1356/1311 2237/917/1311 1797/1357/1311
f 1797/1357/1312 2237/917/1312 2238/918/1312
f 1797/1357/1313 2238/918/1313 1798/1358/1313
f 1798/1358/1314 2238/918/1314 2239/919/1314
f 1798/1358/1315 2239/919/1315 1799/1359/1315
f 1799/1359/1316 2239/919/1316 2240/920/1316
f 1799/1359/1317 2240/920/1317 1800/1360/1317
f 1800/1360/1318 2240/920/1318 2241/921/1318
f 1800/1360/1319 2241/921/1319 1801/1361/1319
f 1801/1361/1320 2241/921/1320 2242/922/1320
f 1801/1361/1321 2242/922/1321 1802/1362/1321
f 1802/1362/1322 2242/922/1322 2243/923/1322
f 1802/1362/1323 2243/923/1323 1803/1363/1323
f 1803/1363/1324 2243/923/1324 2244/924/1324
f 1803/1363/1325 2244/924/1325 1804/1364/1325
f 1804/1364/1326 2244/924/1326 2245/925/1326
f 1804/1364/1327 2245/925/1327 1805/1365/1327
f 1805/1365/1328 2245/925/1328 2246/926/1328
f 1805/1365/1329 2246/926/1329 1806/1366/1329
f 1806/1366/1330 2246/926/1330 2247/927/1330
f 1806/1366/1331 2247/927/1331 1807/1367/1331
f 1807/1367/1332 2247/927/1332 2248/928/1332
f 1807/1367/1333 2248/928/1333 1808/1368/1333
f 1808/1368/1334 2248/928/1334 2249/929/1334
f 1808/1368/1335 2249/929/1335 1809/1369/1335
f 1809/1369/1336 2249/929/1336 2250/930/1336
f 1809/1369/1337 2250/930/1337 1810/1370/1337
f 1810/1370/1338 2250/930/1338 2251/931/1338
f 1810/1370/1339 2251/931/1339 1811/1371/1339
f 1811/1371/1340 2251/931/1340 2252/932/1340
f 1811/1371/1341 2252/932/1341 1812/1372/1341
f 1812/1372/1342 2252/932/1342 2253/933/1342
f 1812/1372/1343 2253/933/1343 1813/1373/1343
f 1813/1373/1344 2253/933/1344 2254/934/1344
f 1813/1373/1345 2254/934/1345 1814/1374/1345
f 1814/1374/1346 2254/934/1346 2255/935/1346
f 1814/1374/1347 2255/935/1347 1815/1375/1347
f 1815/1375/1348 2255/935/1348 2256/936/1348
f 1815/1375/1349 2256/936/1349 1816/1376/1349
f 1816/1376/1350 2256/936/1350 2257/937/1350
f 1816/1376/1351 2257/937/1351 1817/1377/1351
f 1817/1377/1352 2257/937/1352 2258/938/1352
f 1817/1377/1353 2258/938/1353 1818/1378/1353
f 1818/1378/1354 2258/938/1354 2259/939/1354
f 1818/1378/1355 2259/939/1355 1819/1379/1355
f 1819/1379/1356 2259/939/1356 2260/940/1356
f 1819/1379/1357 2260/940/1357 1820/1380/1357
f 1820/1380/1358 2260/940/1358 2261/941/1358
f 1820/1380/1359 2261/941/1359 1821/1381/1359
f 1821/1381/1360 2261/941/1360 2262/942/1360
f 1821/1381/1361 2262/942/1361 1822/1382/1361
f 1822/1382/1362 2262/942/1362 2263/943/1362
f 1822/1382/1363 2263/943/1363 1823/1383/1363
f 1823/1383/1364 2263/943/1364 2264/944/1364
f 1823/1383/1365 2264/944/1365 1824/1384/1365
f 1824/1384/1366 2264/944/1366 2265/945/1366
f 1824/1384/1367 2265/945/1367 1825/1385/1367
f 1825/1385/1368 2265/945/1368 2266/946/1368
f 1825/1385/1369 2266/946/1369 1826/1386/1369
f 1826/1386/1370 2266/946/1370 2267/947/1370
f 1826/1386/1371 2267/947/1371 1827/1387/1371
f 1827/1387/1372 2267/947/1372 2268/948/1372
f 1827/1387/1373 2268/948/1373 1828/1388/1373
f 1828/1388/1374 2268/948/1374 2269/949/1374
f 1828/1388/1375 2269/949/1375 1829/1389/1375
f 1829/1389/1376 2269/949/1376 2270/950/1376
f 1829/1389/1377 2270/950/1377 1830/1390/1377
f 1830/1390/1378 2270/950/1378 2271/951/1378
f 1830/1390/1379 2271/951/1379 1831/1391/1379
f 1831/1391/1380 2271/951/1380 2272/952/1380
f 1831/1391/1381 2272/952/1381 1832/1392/1381
f 1832/1392/1382 2272/952/1382 2273/953/1382
f 1832/1392/1383 2273/953/1383 1833/1393/1383
f 1833/1393/1384 2273/953/1384 2274/954/1384
f 1833/1393/1385 2274/954/1385 1834/1394/1385
f 1834/1394/1386 2274/954/1386 2275/955/1386
f 1834/1394/1387 2275/955/1387 1835/1395/1387
f 1835/1395/1388 2275/955/1388 2276/956/1388
f 1835/1395/1389 2276/956/1389 1836/1396/1389
f 1836/1396/1390 2276/956/1390 2277/957/1390
f 1836/1396/1391 2277/957/1391 1837/1397/1391
f 1837/1397/1392 2277/957/1392 2278/958/1392
f 1837/1397/1393 2278/958/1393 1838/1398/1393
f 1838/1398/1394 2278/958/1394 2279/959/1394
f 1838/1398/1395 2279/959/1395 1839/1399/1395
f 1839/1399/1396 2279/959/1396 2280/960/1396
f 1839/1399/1397 2280/960/1397 1840/1400/1397
f 1840/1400/1398 2280/960/1398 2281/961/1398
f 1840/1400/1399 2281/961/1399 1841/1401/1399
f 1841/1401/1400 2281/961/1400 2282/962/1400
f 1841/1401/1401 2282/962/1401 1842/1402/1401
f 1842/1402/1402 2282/962/1402 2283/963/1402
f 1842/1402/1403 2283/963/1403 1843/1403/1403
f 1843/1403/1404 2283/963/1404 2284/964/1404
f 1843/1403/1405 2284/964/1405 1844/1404/1405
f 1844/1404/1406 2284/964/1406 2285/965/1406
f 1844/1404/1407 2285/965/1407 1845/1405/1407
f 1845/1405/1408 2285/965/1408 2286/966/1408
f 1845/1405/1409 2286/966/1409 1846/1406/1409
f 1846/1406/1410 2286/966/1410 2287/967/1410
f 1846/1406/1411 2287/967/1411 1847/1407/1411
f 1847/1407/1412 2287/967/1412 2288/968/1412
f 1847/1407/1413 2288/968/1413 1848/1408/1413
f 1848/1408/1414 2288/968/1414 2289/969/1414
f 1848/1408/1415 2289/969/1415 1849/1409/1415
f 1849/1409/1416 2289/969/1416 2290/970/1416
f 1849/1409/1417 2290/970/1417 1850/1410/1417
f 1850/1410/1418 2290/970/1418 2291/971/1418
f 1850/1410/1419 2291/971/1419 1851/1411/1419
f 1851/1411/1420 2291/971/1420 2292/972/1420
f 1851/1411/1421 2292/972/1421 1852/1412/1421
f 1852/1412/1422 2292/972/1422 2293/973/1422
f 1852/1412/1423 2293/973/1423 1853/1413/1423
f 1853/1413/1424 2293/973/1424 2294/974/1424
f 1853/1413/1425 2294/974/1425 1854/1414/1425
f 1854/1414/1426 2294/974/1426 2295/975/1426
f 1854/1414/1427 2295/975/1427 1855/1415/1427
f 1855/1415/1428 2295/975/1428 2296/976/1428
f 1855/1415/1429 2296/976/1429 1856/1416/1429
f 1856/1416/1430 2296/976/1430 2297/977/1430
f 1856/1416/1431 2297/977/1431 1857/1417/1431
f 1857/1417/1432 2297/977/1432 2298/978/1432
f 1857/1417/1433 2298/978/1433 1858/1418/1433
f 1858/1418/1434 2298/978/1434 2299/979/1434
f 1858/1418/1435 2299/979/1435 1859/1419/1435
f 1859/1419/1436 2299/979/1436 2300/980/1436
f 1859/1419/1437 2300/980/1437 1860/1420/1437
f 1860/1420/1438 2300/980/1438 2301/981/1438
f 1860/1420/1439 2301/981/1439 1861/1421/1439
f 1861/1421/1440 2301/981/1440 2302/982/1440
f 1861/1421/1441 2302/982/1441 1862/1422/1441
f 1862/1422/1442 2302/982/1442 2303/983/1442
f 1862/1422/1443 2303/983/1443 1863/1423/1443
f 1863/1423/1444 2303/983/1444 2304/984/1444
f 1863/1423/1445 2304/984/1445 1864/1424/1445
f 1864/1424/1446 2304/984/1446 2305/985/1446
f 1864/1424/1447 2305/985/1447 1865/1425/1447
f 1865/1425/1448 2305/985/1448 2306/986/1448
f 1865/1425/1449 2306/986/1449 1866/1426/1449
f 1866/1426/1450 2306/986/1450 2307/987/1450
f 1866/1426/1451 2307/987/1451 1867/1427/1451
f 1867/1427/1452 2307/987/1452 2308/988/1452
f 1867/1427/1453 2308/988/1453 1868/1428/1453
f 1868/1428/1454 2308/988/1454 2309/989/1454
f 1868/1428/1455 2309/989/1455 1869/1429/1455
f 1869/1429/1456 2309/989/1456 2310/990/1456
f 1869/1429/1457 2310/990/1457 1870/1430/1457
f 1870/1430/1458 2310/990/1458 2311/991/1458
f 1870/1430/1459 2311/991/1459 1871/1431/1459
f 1871/1431/1460 2311/991/1460 2312/992/1460
f 1871/1431/1461 2312/992/1461 1872/1432/1461
f 1872/1432/1462 2312/992/1462 2313/993/1462
f 1872/1432/1463 2313/993/1463 1873/1433/1463
f 1873/1433/1464 2313/993/1464 2314/994/1464
f 1873/1433/1465 2314/994/1465 1874/1434/1465
f 1874/1434/1466 2314/994/1466 2315/995/1466
f 1874/1434/1467 2315/995/1467 1875/1435/1467
f 1875/1435/1468 2315/995/1468 2316/996/1468
f 1875/1435/1469 2316/996/1469 1876/1436/1469
f 1876/1436/1470 2316/996/1470 2317/997/1470
f 1876/1436/1471 2317/997/1471 1877/1437/1471
f 1877/1437/1472 2317/997/1472 2318/998/1472
f 1877/1437/1473 2318/998/1473 1878/1438/1473
f 1878/1438/1474 2318/998/1474 2319/999/1474
f 1878/1438/1475 2319/999/1475 1879/1439/1475
f 1879/1439/1476 2319/999/1476 2320/1000/1476
f 1879/1439/1477 2320/1000/1477 1880/1440/1477
f 1880/1440/1478 2320/1000/1478 2321/1001/1478
f 1880/1440/1479 2321/1001/1479 1881/1441/1479
f 1881/1441/1480 2321/1001/1480 2322/1002/1480
f 1881/1441/1481 2322/1002/1481 1882/1442/1481
f 1882/1442/1482 2322/1002/1482 2323/1003/1482
f 1882/1442/1483 2323/1003/1483 1883/1443/1483
f 1883/1443/1484 2323/1003/1484 2324/1004/1484
f 1883/1443/1485 2324/1004/1485 1884/1444/1485
f 1884/1444/1486 2324/1004/1486 2325/1005/1486
f 1884/1444/1487 2325/1005/1487 1885/1445/1487
f 1885/1445/1488 2325/1005/1488 2326/1006/1488
f 1885/1445/1489 2326/1006/1489 1886/1446/1489
f 1886/1446/1490 2326/1006/1490 2327/1007/1490
f 1886/1446/1491 2327/1007/1491 1887/1447/1491
f 1887/1447/1492 2327/1007/1492 2328/1008/1492
f 1887/1447/1493 2328/1008/1493 1888/1448/1493
f 1888/1448/1494 2328/1008/1494 2329/1009/1494
f 1888/1448/1495 2329/1009/1495 1889/1449/1495
f 1889/1449/1496 2329/1009/1496 2330/1010/1496
f 1889/1449/1497 2330/1010/1497 1890/1450/1497
f 1890/1450/1498 2330/1010/1498 2331/1011/1498
f 1890/1450/1499 2331/1011/1499 1891/1451/1499
f 1891/1451/1500 2331/1011/1500 2332/1012/1500
f 1891/1451/1501 2332/1012/1501 1892/1452/1501
f 1892/1452/1502 2332/1012/1502 2333/1013/1502
f 1892/1452/1503 2333/1013/1503 1893/1453/1503
f 1893/1453/1504 2333/1013/1504 2334/1014/1504
f 1893/1453/1505 2334/1014/1505 1894/1454/1505
f 1894/1454/1506 2334/1014/1506 2335/1015/1506
f 1894/1454/1507 2335/1015/1507 1895/1455/1507
f 1895/1455/1508 2335/1015/1508 2336/1016/1508
f 1895/1455/1509 2336/1016/1509 1896/1456/1509
f 1896/1456/1510 2336/1016/1510 2337/1017/1510
f 1896/1456/1511 2337/1017/1511 1897/1457/1511
f 1897/1457/1512 2337/1017/1512 2338/1018/1512
f 1897/1457/1513 2338/1018/1513 1898/1458/1513
f 1898/1458/1514 2338/1018/1514 2339/1019/1514
f 1898/1458/1515 2339/1019/1515 1899/1459/1515
f 1899/1459/1516 2339/1019/1516 2340/1020/1516
f 1899/1459/1517 2340/1020/1517 1900/1460/1517
f 1900/1460/1518 2340/1020/1518 2341/1021/1518
f 1900/1460/1519 2341/1021/1519 1901/1461/1519
f 1901/1461/1520 2341/1021/1520 2342/1022/1520
f 1901/1461/1521 2342/1022/1521 1902/1462/1521
f 1902/1462/1522 2342/1022/1522 2343/1023/1522
f 1902/1462/1523 2343/1023/1523 1903/1463/1523
f 1903/1463/1524 2343/1023/1524 2344/1024/1524
f 1903/1463/1525 2344/1024/1525 1904/1464/1525
f 1904/1464/1526 2344/1024/1526 2345/1025/1526
f 1904/1464/1527 2345/1025/1527 1905/1465/1527
f 1905/1465/1528 2345/1025/1528 2346/1026/1528
f 1905/1465/1529 2346/1026/1529 1906/1466/1529
f 1906/1466/1530 2346/1026/1530 2347/1027/1530
f 1906/1466/1531 2347/1027/1531 1907/1467/1531
f 1907/1467/1532 2347/1027/1532 2348/1028/1532
f 1907/1467/1533 2348/1028/1533 1908/1468/1533
f 1908/1468/1534 2348/1028/1534 2349/1029/1534
f 1908/1468/1535 2349/1029/1535 1909/1469/1535
f 1909/1469/1536 2349/1029/1536 2350/1030/1536
f 1909/1469/1537 2350/1030/1537 1910/1470/1537
f 1910/1470/1538 2350/1030/1538 2351/1031/1538
f 1910/1470/1539 2351/1031/1539 1911/1471/1539
f 1911/1471/1540 2351/1031/1540 2352/1032/1540
f 1911/1471/1541 2352/1032/1541 1912/1472/1541
f 1912/1472/1542 2352/1032/1542 2353/1033/1542
f 1912/1472/1543 2353/1033/1543 1913/1473/1543
f 1913/1473/1544 2353/1033/1544 2354/1034/1544
f 1913/1473/1545 2354/1034/1545 1914/1474/1545
f 1914/1474/1546 2354/1034/1546 2355/1035/1546
f 1914/1474/1547 2355/1035/1547 1915/1475/1547
f 1915/1475/1548 2355/1035/1548 2356/1036/1548
f 1915/1475/1549 2356/1036/1549 1916/1476/1549
f 1916/1476/1550 2356/1036/1550 2357/1037/1550
f 1916/1476/1551 2357/1037/1551 1917/1477/1551
f 1917/1477/1552 2357/1037/1552 2358/1038/1552
f 1917/1477/1553 2358/1038/1553 1918/1478/1553
f 1918/1478/1554 2358/1038/1554 2359/1039/1554
f 1918/1478/1555 2359/1039/1555 1919/1479/1555
f 1919/1479/1556 2359/1039/1556 2360/1040/1556
f 1919/1479/1557 2360/1040/1557 1920/1480/1557
f 1920/1480/1558 2360/1040/1558 2361/1041/1558
f 1920/1480/1559 2361/1041/1559 1921/1481/1559
f 1921/1481/1560 2361/1041/1560 2362/1042/1560
f 1921/1481/1561 2362/1042/1561 1922/1482/1561
f 1922/1482/1562 2362/1042/1562 2363/1043/1562
f 1922/1482/1563 2363/1043/1563 1923/1483/1563
f 1923/1483/1564 2363/1043/1564 2364/1044/1564
f 1923/1483/1565 2364/1044/1565 1924/1484/1565
f 1924/1484/1566 2364/1044/1566 2365/1045/1566
f 1924/1484/1567 2365/1045/1567 1925/1485/1567
f 1925/1485/1568 2365/1045/1568 2366/1046/1568
f 1925/1485/1569 2366/1046/1569 1926/1486/1569
f 1926/1486/1570 2366/1046/1570 2367/1047/1570
f 1926/1486/1571 2367/1047/1571 1927/1487/1571
f 1927/1487/1572 2367/1047/1572 2368/1048/1572
f 1927/1487/1573 2368/1048/1573 1928/1488/1573
f 1928/1488/1574 2368/1048/1574 2369/1049/1574
f 1928/1488/1575 2369/1049/1575 1929/1489/1575
f 1929/1489/1576 2369/1049/1576 2370/1050/1576
f 1929/1489/1577 2370/1050/1577 1930/1490/1577
f 1930/1490/1578 2370/1050/1578 2371/1051/1578
f 1930/1490/1579 2371/1051/1579 1931/1491/1579
f 1931/1491/1580 2371/1051/1580 2372/1052/1580
f 1931/1491/1581 2372/1052/1581 1932/1492/1581
f 1932/1492/1582 2372/1052/1582 2373/1053/1582
f 1932/1492/1583 2373/1053/1583 1933/1493/1583
f 1933/1493/1584 2373/1053/1584 2374/1054/1584
f 1933/1493/1585 2374/1054/1585 1934/1494/1585
f 1934/1494/1586 2374/1054/1586 2375/1055/1586
f 1934/1494/1587 2375/1055/1587 1935/1495/1587
f 1935/1495/1588 2375/1055/1588 2376/1056/1588
f 1935/1495/1589 2376/1056/1589 1936/1496/1589
f 1936/1496/1590 2376/1056/1590 2377/1057/1590
f 1936/1496/1591 2377/1057/1591 1937/1497/1591
f 1937/1497/1592 2377/1057/1592 2378/1058/1592
f 1937/1497/1593 2378/1058/1593 1938/1498/1593
f 1938/1498/1594 2378/1058/1594 2379/1059/1594
f 1938/1498/1595 2379/1059/1595 1939/1499/1595
f 1939/1499/1596 2379/1059/1596 2380/1060/1596
f 1939/1499/1597 2380/1060/1597 1940/1500/1597
f 1940/1500/1598 2380/1060/1598 2381/1061/1598
f 1940/1500/1599 2381/1061/1599 1941/1501/1599
f 1941/1501/1600 2381/1061/1600 2382/1062/1600
f 1941/1501/1601 2382/1062/1601 1942/1502/1601
f 1942/1502/1602 2382/1062/1602 2383/1063/1602
f 1942/1502/1603 2383/1063/1603 1943/1503/1603
f 1943/1503/1604 2383/1063/1604 2384/1064/1604
f 1943/1503/1605 2384/1064/1605 1944/1504/1605
f 1944/1504/1606 2384/1064/1606 2385/1065/1606
f 1944/1504/1607 2385/1065/1607 1945/1505/1607
f 1945/1505/1608 2385/1065/1608 2386/1066/1608
f 1945/1505/1609 2386/1066/1609 1946/1506/1609
f 1946/1506/1610 2386/1066/1610 2387/1067/1610
f 1946/1506/1611 2387/1067/1611 1947/1507/1611
f 1947/1507/1612 2387/1067/1612 2388/1068/1612
f 1947/1507/1613 2388/1068/1613 1948/1508/1613
f 1948/1508/1614 2388/1068/1614 2389/1069/1614
f 1948/1508/1615 2389/1069/1615 1949/1509/1615
f 1949/1509/1616 2389/1069/1616 2390/1070/1616
f 1949/1509/1617 2390/1070/1617 1950/1510/1617
f 1950/1510/1618 2390/1070/1618 2391/1071/1618
f 1950/1510/1619 2391/1071/1619 1951/1511/1619
f 1951/1511/1620 2391/1071/1620 2392/1072/1620
f 1951/1511/1621 2392/1072/1621 1952/1512/1621
f 1952/1512/1622 2392/1072/1622 2393/1073/1622
f 1952/1512/1623 2393/1073/1623 1953/1513/1623
f 1953/1513/1624 2393/1073/1624 2394/1074/1624
f 1953/1513/1625 2394/1074/1625 1954/1514/1625
f 1954/1514/1626 2394/1074/1626 2395/1075/1626
f 1954/1514/1627 2395/1075/1627 1955/1515/1627
f 1955/1515/1628 2395/1075/1628 2396/1076/1628
f 1955/1515/1629 2396/1076/1629 1956/1516/1629
f 1956/1516/1630 2396/1076/1630 2397/1077/1630
f 1956/1516/1631 2397/1077/1631 1957/1517/1631
f 1957/1517/1632 2397/1077/1632 2398/1078/1632
f 1957/1517/1633 2398/1078/1633 1958/1518/1633
f 1958/1518/1634 2398/1078/1634 2399/1079/1634
f 1958/1518/1635 2399/1079/1635 1959/1519/1635
f 1959/1519/1636 2399/1079/1636 2400/1080/1636
f 1959/1519/1637 2400/1080/1637 1960/1520/1637
f 1960/1520/1638 2400/1080/1638 2401/1081/1638
f 1960/1520/1639 2401/1081/1639 1961/1521/1639
f 1961/1521/1640 2401/1081/1640 2402/1082/1640
f 1961/1521/1641 2402/1082/1641 1962/1522/1641
f 1962/1522/1642 2402/1082/1642 2403/1083/1642
f 1962/1522/1643 2403/1083/1643 1963/1523/1643
f 1963/1523/1644 2403/1083/1644 2404/1084/1644
f 1963/1523/1645 2404/1084/1645 1964/1524/1645
f 1964/1524/1646 2404/1084/1646 2405/1085/1646
f 1964/1524/1647 2405/1085/1647 1965/1525/1647
f 1965/1525/1648 2405/1085/1648 2406/1086/1648
f 1965/1525/1649 2406/1086/1649 1966/1526/1649
f 1966/1526/1650 2406/1086/1650 2407/1087/1650
f 1966/1526/1651 2407/1087/1651 1967/1527/1651
f 1967/1527/1652 2407/1087/1652 2408/1088/1652
f 1967/1527/1653 2408/1088/1653 1968/1528/1653
f 1968/1528/1654 2408/1088/1654 2409/1089/1654
f 1968/1528/1655 2409/1089/1655 1969/1529/1655
f 1969/1529/1656 2409/1089/1656 2410/1090/1656
f 1969/1529/1657 2410/1090/1657 1970/1530/1657
f 1970/1530/1658 2410/1090/1658 2411/1091/1658
f 1970/1530/1659 2411/1091/1659 1971/1531/1659
f 1971/1531/1660 2411/1091/1660 2412/1092/1660
f 1971/1531/1661 2412/1092/1661 1972/1532/1661
f 1972/1532/1662 2412/1092/1662 2413/1093/1662
f 1972/1532/1663 2413/1093/1663 1973/1533/1663
f 1973/1533/1664 2413/1093/1664 2414/1094/1664
f 1973/1533/1665 2414/1094/1665 1974/1534/1665
f 1974/1534/1666 2414/1094/1666 2415/1095/1666
f 1974/1534/1667 2415/1095/1667 1975/1535/1667
f 1975/1535/1668 2415/1095/1668 2416/1096/1668
f 1975/1535/1669 2416/1096/1669 1976/1536/1669
f 1976/1536/1670 2416/1096/1670 2417/1097/1670
f 1976/1536/1671 2417/1097/1671 1977/1537/1671
f 1977/1537/1672 2417/1097/1672 2418/1098/1672
f 1977/1537/1673 2418/1098/1673 1978/1538/1673
f 1978/1538/1674 2418/1098/1674 2419/1099/1674
f 1978/1538/1675 2419/1099/1675 1979/1539/1675
f 1979/1539/1676 2419/1099/1676 2420/1100/1676
f 1979/1539/1677 2420/1100/1677 1980/1540/1677
f 1980/1540/1678 2420/1100/1678 2421/1101/1678
f 1980/1540/1679 2421/1101/1679 1981/1541/1679
f 1981/1541/1680 2421/1101/1680 2422/1102/1680
f 1981/1541/1681 2422/1102/1681 1982/1542/1681
f 1982/1542/1682 2422/1102/1682 2423/1103/1682
f 1982/1542/1683 2423/1103/1683 1983/1543/1683
f 1983/1543/1684 2423/1103/1684 2424/1104/1684
f 1983/1543/1685 2424/1104/1685 1984/1544/1685
f 1984/1544/1686 2424/1104/1686 2425/1105/1686
f 1984/1544/1687 2425/1105/1687 1985/1545/1687
f 1985/1545/1688 2425/1105/1688 2426/1106/1688
f 1985/1545/1689 2426/1106/1689 1986/1546/1689
f 1986/1546/1690 2426/1106/1690 2427/1107/1690
f 1986/1546/1691 2427/1107/1691 1987/1547/1691
f 1987/1547/1692 2427/1107/1692 2428/1108/1692
f 1987/1547/1693 2428/1108/1693 1988/1548/1693
f 1988/1548/1694 2428/1108/1694 2429/1109/1694
f 1988/1548/1695 2429/1109/1695 1989/1549/1695
f 1989/1549/1696 2429/1109/1696 2430/1110/1696
f 1989/1549/1697 2430/1110/1697 1990/1550/1697
f 1990/1550/1698 2430/1110/1698 2431/1111/1698
f 1990/1550/1699 2431/1111/1699 1991/1551/1699
f 1991/1551/1700 2431/1111/1700 2432/1112/1700
f 1991/1551/1701 2432/1112/1701 1992/1552/1701
f 1992/1552/1702 2432/1112/1702 2433/1113/1702
f 1992/1552/1703 2433/1113/1703 1993/1553/1703
f 1993/1553/1704 2433/1113/1704 2434/1114/1704
f 1993/1553/1705 2434/1114/1705 1994/1554/1705
f 1994/1554/1706 2434/1114/1706 2435/1115/1706
f 1994/1554/1707 2435/1115/1707 1995/1555/1707
f 1995/1555/1708 2435/1115/1708 2436/1116/1708
f 1995/1555/1709 2436/1116/1709 1996/1556/1709
f 1996/1556/1710 2436/1116/1710 2437/1117/1710
f 1996/1556/1711 2437/1117/1711 1997/1557/1711
f 1997/1557/1712 2437/1117/1712 2438/1118/1712
f 1997/1557/1713 2438/1118/1713 1998/1558/1713
f 1998/1558/1714 2438/1118/1714 2439/1119/1714
f 1998/1558/1715 2439/1119/1715 1999/1559/1715
f 1999/1559/1716 2439/1119/1716 2440/1120/1716
f 1999/1559/1717 2440/1120/1717 2000/1560/1717
f 2000/1560/1718 2440/1120/1718 2441/1121/1718
f 2000/1560/1719 2441/1121/1719 2001/1561/1719
f 2001/1561/1720 2441/1121/1720 2442/1122/1720
f 2001/1561/1721 2442/1122/1721 2002/1562/1721
f 2002/1562/1722 2442/1122/1722 2443/1123/1722
f 2002/1562/1723 2443/1123/1723 2003/1563/1723
f 2003/1563/1724 2443/1123/1724 2444/1124/1724
f 2003/1563/1725 2444/1124/1725 2004/1564/1725
f 2004/1564/1726 2444/1124/1726 2445/1125/1726
f 2004/1564/1727 2445/1125/1727 2005/1565/1727
f 2005/1565/1728 2445/1125/1728 2446/1126/1728
f 2005/1565/1729 2446/1126/1729 2006/1566/1729
f 2006/1566/1730 2446/1126/1730 2447/1127/1730
f 2006/1566/1731 2447/1127/1731 2007/1567/1731
f 2007/1567/1732 2447/1127/1732 2448/1128/1732
f 2007/1567/1733 2448/1128/1733 2008/1568/1733
f 2008/1568/1734 2448/1128/1734 2449/1129/1734
f 2008/1568/1735 2449/1129/1735 2009/1569/1735
f 2009/1569/1736 2449/1129/1736 2450/1130/1736
f 2009/1569/1737 2450/1130/1737 2010/1570/1737
f 2010/1570/1738 2450/1130/1738 2451/1131/1738
f 2010/1570/1739 2451/1131/1739 2011/1571/1739
f 2011/1571/1740 2451/1131/1740 2452/1132/1740
f 2011/1571/1741 2452/1132/1741 2012/1572/1741
f 2012/1572/1742 2452/1132/1742 2453/1133/1742
f 2012/1572/1743 2453/1133/1743 2013/1573/1743
f 2013/1573/1744 2453/1133/1744 2454/1134/1744
f 2013/1573/1745 2454/1134/1745 2014/1574/1745
f 2014/1574/1746 2454/1134/1746 2455/1135/1746
f 2014/1574/1747 2455/1135/1747 2015/1575/1747
f 2015/1575/1748 2455/1135/1748 2456/1136/1748
f 2015/1575/1749 2456/1136/1749 2016/1576/1749
f 2016/1576/1750 2456/1136/1750 2457/1137/1750
f 2016/1576/1751 2457/1137/1751 2017/1577/1751
f 2017/1577/1752 2457/1137/1752 2458/1138/1752
f 2017/1577/1753 2458/1138/1753 2018/1578/1753
f 2018/1578/1754 2458/1138/1754 2459/1139/1754
f 2018/1578/1755 2459/1139/1755 2019/1579/1755
f 2019/1579/1756 2459/1139/1756 2460/1140/1756
f 2019/1579/1757 2460/1140/1757 2020/1580/1757
f 2020/1580/1758 2460/1140/1758 2461/1141/1758
f 2020/1580/1759 2461/1141/1759 2021/1581/1759
f 2021/1581/1760 2461/1141/1760 2462/1142/1760
f 2021/1581/1761 2462/1142/1761 2022/1582/1761
f 2022/1582/1762 2462/1142/1762 2463/1143/1762
f 2022/1582/1763 2463/1143/1763 2023/1583/1763
f 2023/1583/1764 2463/1143/1764 2464/1144/1764
f 2023/1583/1765 2464/1144/1765 2024/1584/1765
f 2024/1584/1766 2464/1144/1766 2465/1145/1766
f 2024/1584/1767 2465/1145/1767 2025/1585/1767
f 2025/1585/1768 2465/1145/1768 2466/1146/1768
f 2025/1585/1769 2466/1146/1769 2026/1586/1769
f 2026/1586/1770 2466/1146/1770 2467/1147/1770
f 2026/1586/1771 2467/1147/1771 2027/1587/1771
f 2027/1587/1772 2467/1147/1772 2468/1148/1772
f 2027/1587/1773 2468/1148/1773 2028/1588/1773
f 2028/1588/1774 2468/1148/1774 2469/1149/1774
f 2028/1588/1775 2469/1149/1775 2029/1589/1775
f 2029/1589/1776 2469/1149/1776 2470/1150/1776
f 2029/1589/1777 2470/1150/1777 2030/1590/1777
f 2030/1590/1778 2470/1150/1778 2471/1151/1778
f 2030/1590/1779 2471/1151/1779 2031/1591/1779
f 2031/1591/1780 2471/1151/1780 2472/1152/1780
f 2031/1591/1781 2472/1152/1781 2032/1592/1781
f 2032/1592/1782 2472/1152/1782 2473/1153/1782
f 2032/1592/1783 2473/1153/1783 2033/1593/1783
f 2033/1593/1784 2473/1153/1784 2474/1154/1784
f 2033/1593/1785 2474/1154/1785 2034/1594/1785
f 2034/1594/1786 2474/1154/1786 2475/1155/1786
f 2034/1594/1787 2475/1155/1787 2035/1595/1787
f 2035/1595/1788 2475/1155/1788 2476/1156/1788
f 2035/1595/1789 2476/1156/1789 2036/1596/1789
f 2036/1596/1790 2476/1156/1790 2477/1157/1790
f 2036/1596/1791 2477/1157/1791 2037/1597/1791
f 2037/1597/1792 2477/1157/1792 2478/1158/1792
f 2037/1597/1793 2478/1158/1793 2038/1598/1793
f 2038/1598/1794 2478/1158/1794 2479/1159/1794
f 2038/1598/1795 2479/1159/1795 2039/1599/1795
f 2039/1599/1796 2479/1159/1796 2480/1160/1796
f 2039/1599/1797 2480/1160/1797 2040/1600/1797
f 2040/1600/1798 2480/1160/1798 2481/1161/1798
f 2040/1600/1799 2481/1161/1799 2041/1601/1799
f 2041/1601/1800 2481/1161/1800 2482/1162/1800
f 2041/1601/1801 2482/1162/1801 2042/1602/1801
f 2042/1602/1802 2482/1162/1802 2483/1163/1802
f 2042/1602/1803 2483/1163/1803 2043/1603/1803
f 2043/1603/1804 2483/1163/1804 2484/1164/1804
f 2043/1603/1805 2484/1164/1805 2044/1604/1805
f 2044/1604/1806 2484/1164/1806 2485/1165/1806
f 2044/1604/1807 2485/1165/1807 2045/1605/1807
f 2045/1605/1808 2485/1165/1808 2486/1166/1808
f 2045/1605/1809 2486/1166/1809 2046/1606/1809
f 2046/1606/1810 2486/1166/1810 2487/1167/1810
f 2046/1606/1811 2487/1167/1811 2047/1607/1811
f 2047/1607/1812 2487/1167/1812 2488/1168/1812
f 2047/1607/1813 2488/1168/1813 2048/1608/1813
f 2048/1608/1814 2488/1168/1814 2489/1169/1814
f 2048/1608/1815 2489/1169/1815 2049/1609/1815
f 2049/1609/1816 2489/1169/1816 2490/1170/1816
f 2049/1609/1817 2490/1170/1817 2050/1610/1817
f 2050/1610/1818 2490/1170/1818 2491/1171/1818
f 2050/1610/1819 2491/1171/1819 2051/1611/1819
f 2051/1611/1820 2491/1171/1820 2492/1172/1820
f 2051/1611/1821 2492/1172/1821 2052/1612/1821
f 2052/1612/1822 2492/1172/1822 2493/1173/1822
f 2052/1612/1823 2493/1173/1823 2053/1613/1823
f 2053/1613/1824 2493/1173/1824 2494/1174/1824
f 2053/1613/1825 2494/1174/1825 2054/1614/1825
f 2054/1614/1826 2494/1174/1826 2495/1175/1826
f 2054/1614/1827 2495/1175/1827 2055/1615/1827
f 2055/1615/1828 2495/1175/1828 2496/1176/1828
f 2055/1615/1829 2496/1176/1829 2056/1616/1829
f 2056/1616/1830 2496/1176/1830 2497/1177/1830
f 2056/1616/1831 2497/1177/1831 2057/1617/1831
f 2057/1617/1832 2497/1177/1832 2498/1178/1832
f 2057/1617/1833 2498/1178/1833 2058/1618/1833
f 2058/1618/1834 2498/1178/1834 2499/1179/1834
f 2058/1618/1835 2499/1179/1835 2059/1619/1835
f 2059/1619/1836 2499/1179/1836 2500/1180/1836
f 2059/1619/1837 2500/1180/1837 2060/1620/1837
f 2060/1620/1838 2500/1180/1838 2501/1181/1838
f 2060/1620/1839 2501/1181/1839 2061/1621/1839
f 2061/1621/1840 2501/1181/1840 2502/1182/1840
f 2061/1621/1841 2502/1182/1841 2062/1622/1841
f 2062/1622/1842 2502/1182/1842 2503/1183/1842
f 2062/1622/1843 2503/1183/1843 2063/1623/1843
f 2063/1623/1844 2503/1183/1844 2504/1184/1844
f 2063/1623/1845 2504/1184/1845 2064/1624/1845
f 2064/1624/1846 2504/1184/1846 2505/1185/1846
f 2064/1624/1847 2505/1185/1847 2065/1625/1847
f 2065/1625/1848 2505/1185/1848 2506/1186/1848
f 2065/1625/1849 2506/1186/1849 2066/1626/1849
f 2066/1626/1850 2506/1186/1850 2507/1187/1850
f 2066/1626/1851 2507/1187/1851 2067/1627/1851
f 2067/1627/1852 2507/1187/1852 2508/1188/1852
f 2067/1627/1853 2508/1188/1853 2068/1628/1853
f 2068/1628/1854 2508/1188/1854 2509/1189/1854
f 2068/1628/1855 2509/1189/1855 2069/1629/1855
f 2069/1629/1856 2509/1189/1856 2510/1190/1856
f 2069/1629/1857 2510/1190/1857 2070/1630/1857
f 2070/1630/1858 2510/1190/1858 2511/1191/1858
f 2070/1630/1859 2511/1191/1859 2071/1631/1859
f 2071/1631/1860 2511/1191/1860 2512/1192/1860
f 2071/1631/1861 2512/1192/1861 2072/1632/1861
f 2072/1632/1862 2512/1192/1862 2513/1193/1862
f 2072/1632/1863 2513/1193/1863 2073/1633/1863
f 2073/1633/1864 2513/1193/1864 2514/1194/1864
f 2073/1633/1865 2514/1194/1865 2074/1634/1865
f 2074/1634/1866 2514/1194/1866 2515/1195/1866
f 2074/1634/1867 2515/1195/1867 2075/1635/1867
f 2075/1635/1868 2515/1195/1868 2516/1196/1868
f 2075/1635/1869 2516/1196/1869 2076/1636/1869
f 2076/1636/1870 2516/1196/1870 2517/1197/1870
f 2076/1636/1871 2517/1197/1871 2077/1637/1871
f 2077/1637/1872 2517/1197/1872 2518/1198/1872
f 2077/1637/1873 2518/1198/1873 2078/1638/1873
f 2078/1638/1874 2518/1198/1874 2519/1199/1874
f 2078/1638/1875 2519/1199/1875 2079/1639/1875
f 2079/1639/1876 2519/1199/1876 2520/1200/1876
f 2079/1639/1877 2520/1200/1877 2080/1640/1877
f 2080/1640/1878 2520/1200/1878 2521/1201/1878
f 2080/1640/1879 2521/1201/1879 2081/1641/1879
f 2081/1641/1880 2521/1201/1880 2522/1202/1880
f 2081/1641/1881 2522/1202/1881 2082/1642/1881
f 2082/1642/1882 2522/1202/1882 2523/1203/1882
f 2082/1642/1883 2523/1203/1883 2083/1643/1883
f 2083/1643/1884 2523/1203/1884 2524/1204/1884
f 2083/1643/1885 2524/1204/1885 2084/1644/1885
f 2084/1644/1886 2524/1204/1886 2525/1205/1886
f 2084/1644/1887 2525/1205/1887 2085/1645/1887
f 2085/1645/1888 2525/1205/1888 2526/1206/1888
f 2085/1645/1889 2526/1206/1889 2086/1646/1889
f 2086/1646/1890 2526/1206/1890 2527/1207/1890
f 2086/1646/1891 2527/1207/1891 2087/1647/1891
f 2087/1647/1892 2527/1207/1892 2528/1208/1892
f 2087/1647/1893 2528/1208/1893 2088/1648/1893
f 2088/1648/1894 2528/1208/1894 2529/1209/1894
f 2088/1648/1895 2529/1209/1895 2089/1649/1895
f 2089/1649/1896 2529/1209/1896 2530/1210/1896
f 2089/1649/1897 2530/1210/1897 2090/1650/1897
f 2090/1650/1898 2530/1210/1898 2531/1211/1898
f 2090/1650/1899 2531/1211/1899 2091/1651/1899
f 2091/1651/1900 2531/1211/1900 2532/1212/1900
f 2091/1651/1901 2532/1212/1901 2092/1652/1901
f 2092/1652/1902 2532/1212/1902 2533/1213/1902
f 2092/1652/1903 2533/1213/1903 2093/1653/1903
f 2093/1653/1904 2533/1213/1904 2534/1214/1904
f 2093/1653/1905 2534/1214/1905 2094/1654/1905
f 2094/1654/1906 2534/1214/1906 2535/1215/1906
f 2094/1654/1907 2535/1215/1907 2095/1655/1907
f 2095/1655/1908 2535/1215/1908 2536/1216/1908
f 2095/1655/1905 2536/1216/1905 2096/1656/1905
f 2096/1656/1909 2536/1216/1909 2537/1217/1909
f 2096/1656/1903 2537/1217/1903 2097/1657/1903
f 2097/1657/1910 2537/1217/1910 2538/1218/1910
f 2097/1657/1901 2538/1218/1901 2098/1658/1901
f 2098/1658/1911 2538/1218/1911 2539/1219/1911
f 2098/1658/1899 2539/1219/1899 2099/1659/1899
f 2099/1659/1912 2539/1219/1912 2540/1220/1912
f 2099/1659/1897 2540/1220/1897 2100/1660/1897
f 2100/1660/1913 2540/1220/1913 2541/1221/1913
f 2100/1660/1895 2541/1221/1895 2101/1661/1895
f 2101/1661/1914 2541/1221/1914 2542/1222/1914
f 2101/1661/1915 2542/1222/1915 2102/1662/1915
f 2102/1662/1916 2542/1222/1916 2543/1223/1916
f 2102/1662/1917 2543/1223/1917 2103/1663/1917
f 2103/1663/1918 2543/1223/1918 2544/1224/1918
f 2103/1663/1919 2544/1224/1919 2104/1664/1919
f 2104/1664/1920 2544/1224/1920 2545/1225/1920
f 2104/1664/1921 2545/1225/1921 2105/1665/1921
f 2105/1665/1922 2545/1225/1922 2546/1226/1922
f 2105/1665/1923 2546/1226/1923 2106/1666/1923
f 2106/1666/1924 2546/1226/1924 2547/1227/1924
f 2106/1666/1925 2547/1227/1925 2107/1667/1925
f 2107/1667/1926 2547/1227/1926 2548/1228/1926
f 2107/1667/1927 2548/1228/1927 2108/1668/1927
f 2108/1668/1928 2548/1228/1928 2549/1229/1928
f 2108/1668/1929 2549/1229/1929 2109/1669/1929
f 2109/1669/1930 2549/1229/1930 2550/1230/1930
f 2109/1669/1931 2550/1230/1931 2110/1670/1931
f 2110/1670/1932 2550/1230/1932 2551/1231/1932
f 2110/1670/1933 2551/1231/1933 2111/1671/1933
f 2111/1671/1934 2551/1231/1934 2552/1232/1934
f 2111/1671/1935 2552/1232/1935 2112/1672/1935
f 2112/1672/1936 2552/1232/1936 2553/1233/1936
f 2112/1672/1937 2553/1233/1937 2113/1673/1937
f 2113/1673/1938 2553/1233/1938 2554/1234/1938
f 2113/1673/1939 2554/1234/1939 2114/1674/1939
f 2114/1674/1940 2554/1234/1940 2555/1235/1940
f 2114/1674/1941 2555/1235/1941 2115/1675/1941
f 2115/1675/1942 2555/1235/1942 2556/1236/1942
f 2115/1675/1943 2556/1236/1943 2116/1676/1943
f 2116/1676/1944 2556/1236/1944 2557/1237/1944
f 2116/1676/1945 2557/1237/1945 2117/1677/1945
f 2117/1677/1946 2557/1237/1946 2558/1238/1946
f 2117/1677/1947 2558/1238/1947 2118/1678/1947
f 2118/1678/1948 2558/1238/1948 2559/1239/1948
f 2118/1678/1949 2559/1239/1949 2119/1679/1949
f 2119/1679/1950 2559/1239/1950 2560/1240/1950
f 2119/1679/1951 2560/1240/1951 2120/1680/1951
f 2120/1680/1952 2560/1240/1952 2561/1241/1952
f 2120/1680/1953 2561/1241/1953 2121/1681/1953
f 2121/1681/1954 2561/1241/1954 2562/1242/1954
f 2121/1681/1955 2562/1242/1955 2122/1682/1955
f 2122/1682/1956 2562/1242/1956 2563/1243/1956
f 2122/1682/1957 2563/1243/1957 2123/1683/1957
f 2123/1683/1958 2563/1243/1958 2564/1244/1958
f 2123/1683/1959 2564/1244/1959 2124/1684/1959
f 2124/1684/1960 2564/1244/1960 2565/1245/1960
f 2124/1684/1961 2565/1245/1961 2125/1685/1961
f 2125/1685/1962 2565/1245/1962 2566/1246/1962
f 2125/1685/1963 2566/1246/1963 2126/1686/1963
f 2126/1686/1964 2566/1246/1964 2567/1247/1964
f 2126/1686/1965 2567/1247/1965 2127/1687/1965
f 2127/1687/1966 2567/1247/1966 2568/1248/1966
f 2127/1687/1967 2568/1248/1967 2128/1688/1967
f 2128/1688/1968 2568/1248/1968 2569/1249/1968
f 2128/1688/1969 2569/1249/1969 2129/1689/1969
f 2129/1689/1970 2569/1249/1970 2570/1250/1970
f 2129/1689/1971 2570/1250/1971 2130/1690/1971
f 2130/1690/1972 2570/1250/1972 2571/1251/1972
f 2130/1690/1973 2571/1251/1973 2131/1691/1973
f 2131/1691/1974 2571/1251/1974 2572/1252/1974
f 2131/1691/1975 2572/1252/1975 2132/1692/1975
f 2132/1692/1976 2572/1252/1976 2573/1253/1976
f 2132/1692/1977 2573/1253/1977 2133/1693/1977
f 2133/1693/1978 2573/1253/1978 2574/1254/1978
f 2133/1693/1979 2574/1254/1979 2134/1694/1979
f 2134/1694/1980 2574/1254/1980 2575/1255/1980
f 2134/1694/1981 2575/1255/1981 2135/1695/1981
f 2135/1695/1982 2575/1255/1982 2576/1256/1982
f 2135/1695/1983 2576/1256/1983 2136/1696/1983
f 2136/1696/1984 2576/1256/1984 2577/1257/1984
f 2136/1696/1985 2577/1257/1985 2137/1697/1985
f 2137/1697/1986 2577/1257/1986 2578/1258/1986
f 2137/1697/1987 2578/1258/1987 2138/1698/1987
f 2138/1698/1988 2578/1258/1988 2579/1259/1988
f 2138/1698/1989 2579/1259/1989 2139/1699/1989
f 2139/1699/1990 2579/1259/1990 2580/1260/1990
f 2139/1699/1991 2580/1260/1991 2140/1700/1991
f 2140/1700/1992 2580/1260/1992 2581/1261/1992
f 2140/1700/1993 2581/1261/1993 2141/1701/1993
f 2141/1701/1994 2581/1261/1994 2582/1262/1994
f 2141/1701/1995 2582/1262/1995 2142/1702/1995
f 2142/1702/1996 2582/1262/1996 2583/1263/1996
f 2142/1702/1997 2583/1263/1997 2143/1703/1997
f 2143/1703/1998 2583/1263/1998 2584/1264/1998
f 2143/1703/1999 2584/1264/1999 2144/1704/1999
f 2144/1704/2000 2584/1264/2000 2585/1265/2000
f 2144/1704/2001 2585/1265/2001 2145/1705/2001
f 2145/1705/2002 2585/1265/2002 2586/1266/2002
f 2145/1705/2003 2586/1266/2003 2146/1706/2003
f 2146/1706/2004 2586/1266/2004 2587/1267/2004
f 2146/1706/2005 2587/1267/2005 2147/1707/2005
f 2147/1707/2006 2587/1267/2006 2588/1268/2006
f 2147/1707/2007 2588/1268/2007 2148/1708/2007
f 2148/1708/2008 2588/1268/2008 2589/1269/2008
f 2148/1708/2009 2589/1269/2009 2149/1709/2009
f 2149/1709/2010 2589/1269/2010 2590/1270/2010
f 2149/1709/2011 2590/1270/2011 2150/1710/2011
f 2150/1710/2012 2590/1270/2012 2591/1271/2012
f 2150/1710/2013 2591/1271/2013 2151/1711/2013
f 2151/1711/2014 2591/1271/2014 2592/1272/2014
f 2151/1711/2015 2592/1272/2015 2152/1712/2015
f 2152/1712/2016 2592/1272/2016 2593/1273/2016
f 2152/1712/2017 2593/1273/2017 2153/1713/2017
f 2153/1713/2018 2593/1273/2018 2594/1274/2018
f 2153/1713/2019 2594/1274/2019 2154/1714/2019
f 2154/1714/2020 2594/1274/2020 2595/1275/2020
f 2154/1714/2021 2595/1275/2021 2155/1715/2021
f 2155/1715/2022 2595/1275/2022 2596/1276/2022
f 2155/1715/2023 2596/1276/2023 2156/1716/2023
f 2156/1716/2024 2596/1276/2024 2597/1277/2024
f 2156/1716/2025 2597/1277/2025 2157/1717/2025
f 2157/1717/2026 2597/1277/2026 2598/1278/2026
f 2157/1717/2027 2598/1278/2027 2158/1718/2027
f 2158/1718/2028 2598/1278/2028 2599/1279/2028
f 2158/1718/2029 2599/1279/2029 2159/1719/2029
f 2159/1719/2030 2599/1279/2030 2600/1280/2030
f 2159/1719/2031 2600/1280/2031 2160/1720/2031
f 2160/1720/2032 2600/1280/2032 2601/1281/2032
f 2160/1720/2033 2601/1281/2033 2161/1721/2033
f 2161/1721/2034 2601/1281/2034 2602/1282/2034
f 2161/1721/2035 2602/1282/2035 2162/1722/2035
f 2162/1722/2036 2602/1282/2036 2603/1283/2036
f 2162/1722/2037 2603/1283/2037 2163/1723/2037
f 2163/1723/2038 2603/1283/2038 2604/1284/2038
f 2163/1723/2039 2604/1284/2039 2164/1724/2039
f 2164/1724/2040 2604/1284/2040 2605/1285/2040
f 2164/1724/2041 2605/1285/2041 2165/1725/2041
f 2165/1725/2042 2605/1285/2042 2606/1286/2042
f 2165/1725/2043 2606/1286/2043 2166/1726/2043
f 2166/1726/2044 2606/1286/2044 2607/1287/2044
f 2166/1726/2045 2607/1287/2045 2167/1727/2045
f 2167/1727/2046 2607/1287/2046 2608/1288/2046
f 2167/1727/2047 2608/1288/2047 2168/1728/2047
f 2168/1728/2048 2608/1288/2048 2609/1289/2048
f 2168/1728/2049 2609/1289/2049 2169/1729/2049
f 2169/1729/2050 2609/1289/2050 2610/1290/2050
f 2169/1729/2051 2610/1290/2051 2170/1730/2051
f 2170/1730/2052 2610/1290/2052 2611/1291/2052
f 2170/1730/2053 2611/1291/2053 2171/1731/2053
f 2171/1731/2054 2611/1291/2054 2612/1292/2054
f 2171/1731/2055 2612/1292/2055 2172/1732/2055
f 2172/1732/2056 2612/1292/2056 2613/1293/2056
f 2172/1732/2057 2613/1293/2057 2173/1733/2057
f 2173/1733/2058 2613/1293/2058 2614/1294/2058
f 2173/1733/2059 2614/1294/2059 2174/1734/2059
f 2174/1734/2060 2614/1294/2060 2615/1295/2060
f 2174/1734/2061 2615/1295/2061 2175/1735/2061
f 2175/1735/2062 2615/1295/2062 2616/1296/2062
f 2175/1735/2063 2616/1296/2063 2176/1736/2063
f 2176/1736/2064 2616/1296/2064 2617/1297/2064
f 2176/1736/2065 2617/1297/2065 2177/1737/2065
f 2177/1737/2066 2617/1297/2066 2618/1298/2066
f 2177/1737/2067 2618/1298/2067 2178/1738/2067
f 2178/1738/2068 2618/1298/2068 2619/1299/2068
f 2178/1738/2069 2619/1299/2069 2179/1739/2069
f 2179/1739/2070 2619/1299/2070 2620/1300/2070
f 2179/1739/2071 2620/1300/2071 2180/1740/2071
f 2180/1740/2072 2620/1300/2072 2621/1301/2072
f 2180/1740/2073 2621/1301/2073 2181/1741/2073
f 2181/1741/2074 2621/1301/2074 2622/1302/2074
f 2181/1741/2075 2622/1302/2075 2182/1742/2075
f 2182/1742/2076 2622/1302/2076 2623/1303/2076
f 2182/1742/2077 2623/1303/2077 2183/1743/2077
f 2183/1743/2078 2623/1303/2078 2624/1304/2078
f 2183/1743/2079 2624/1304/2079 2184/1744/2079
f 2184/1744/2080 2624/1304/2080 2625/1305/2080
f 2184/1744/2081 2625/1305/2081 2185/1745/2081
f 2185/1745/2082 2625/1305/2082 2626/1306/2082
f 2185/1745/2083 2626/1306/2083 2186/1746/2083
f 2186/1746/2084 2626/1306/2084 2627/1307/2084
f 2186/1746/2085 2627/1307/2085 2187/1747/2085
f 2187/1747/2086 2627/1307/2086 2628/1308/2086
f 2187/1747/2087 2628/1308/2087 2188/1748/2087
f 2188/1748/2088 2628/1308/2088 2629/1309/2088
f 2188/1748/2089 2629/1309/2089 2189/1749/2089
f 2189/1749/2090 2629/1309/2090 2630/1310/2090
f 2189/1749/2091 2630/1310/2091 2190/1750/2091
f 2190/1750/2092 2630/1310/2092 2631/1311/2092
f 2190/1750/2093 2631/1311/2093 2191/1751/2093
f 2191/1751/2094 2631/1311/2094 2632/1312/2094
f 2191/1751/2095 2632/1312/2095 2192/1752/2095
f 2192/1752/2096 2632/1312/2096 2633/1313/2096
f 2192/1752/2097 2633/1313/2097 2193/1753/2097
f 2193/1753/2098 2633/1313/2098 2634/1314/2098
f 2193/1753/2099 2634/1314/2099 2194/1754/2099
f 2194/1754/2100 2634/1314/2100 2635/1315/2100
f 2194/1754/2101 2635/1315/2101 2195/1755/2101
f 2195/1755/2102 2635/1315/2102 2636/1316/2102
f 2195/1755/2103 2636/1316/2103 2196/1756/2103
f 2196/1756/2104 2636/1316/2104 2637/1317/2104
f 2196/1756/2105 2637/1317/2105 2197/1757/2105
f 2197/1757/2106 2637/1317/2106 2638/1318/2106
f 2197/1757/2107 2638/1318/2107 2198/1758/2107
f 2198/1758/2108 2638/1318/2108 2639/1319/2108
f 2198/1758/2109 2639/1319/2109 2199/1759/2109
f 2199/1759/2110 2639/1319/2110 2640/1320/2110
f 2199/1759/2111 2640/1320/2111 2200/1760/2111
f 2200/1760/2112 2640/1320/2112 2201/881/2112
f 2200/1760/2113 2201/881/2113 1761/1321/2113
g front_annulus
f 2201/881/2114 2641/2/2114 2642/3/2114
f 2201/881/2114 2642/3/2114 2202/882/2114
f 2202/882/2114 2642/3/2114 2643/5/2114
f 2202/882/2114 2643/5/2114 2203/883/2114
f 2203/883/2114 2643/5/2114 2644/7/2114
f 2203/883/2114 2644/7/2114 2204/884/2114
f 2204/884/2114 2644/7/2114 2645/9/2114
f 2204/884/2114 2645/9/2114 2205/885/2114
f 2205/885/2114 2645/9/2114 2646/11/2114
f 2205/885/2114 2646/11/2114 2206/886/2114
f 2206/886/2114 2646/11/2114 2647/13/2114
f 2206/886/2114 2647/13/2114 2207/887/2114
f 2207/887/2114 2647/13/2114 2648/15/2114
f 2207/887/2114 2648/15/2114 2208/888/2114
f 2208/888/2114 2648/15/2114 2649/17/2114
f 2208/888/2114 2649/17/2114 2209/889/2114
f 2209/889/2114 2649/17/2114 2650/19/2114
f 2209/889/2114 2650/19/2114 2210/890/2114
f 2210/890/2114 2650/19/2114 2651/21/2114
f 2210/890/2114 2651/21/2114 2211/891/2114
f 2211/891/2114 2651/21/2114 2652/23/2114
f 2211/891/2114 2652/23/2114 2212/892/2114
f 2212/892/2114 2652/23/2114 2653/25/2114
f 2212/892/2114 2653/25/2114 2213/893/2114
f 2213/893/2114 2653/25/2114 2654/27/2114
f 2213/893/2114 2654/27/2114 2214/894/2114
f 2214/894/2114 2654/27/2114 2655/29/2114
f 2214/894/2114 2655/29/2114 2215/895/2114
f 2215/895/2114 2655/29/2114 2656/31/2114
f 2215/895/2114 2656/31/2114 2216/896/2114
f 2216/896/2114 2656/31/2114 2657/33/2114
f 2216/896/2114 2657/33/2114 2217/897/2114
f 2217/897/2114 2657/33/2114 2658/35/2114
f 2217/897/2114 2658/35/2114 2218/898/2114
f 2218/898/2114 2658/35/2114 2659/37/2114
f 2218/898/2114 2659/37/2114 2219/899/2114
f 2219/899/2114 2659/37/2114 2660/39/2114
f 2219/899/2114 2660/39/2114 2220/900/2114
f 2220/900/2114 2660/39/2114 2661/41/2114
f 2220/900/2114 2661/41/2114 2221/901/2114
f 2221/901/2114 2661/41/2114 2662/43/2114
f 2221/901/2114 2662/43/2114 2222/902/2114
f 2222/902/2114 2662/43/2114 2663/45/2114
f 2222/902/2114 2663/45/2114 2223/903/2114
f 2223/903/2114 2663/45/2114 2664/47/2114
f 2223/903/2114 2664/47/2114 2224/904/2114
f 2224/904/2114 2664/47/2114 2665/49/2114
f 2224/904/2114 2665/49/2114 2225/905/2114
f 2225/905/2114 2665/49/2114 2666/51/2114
f 2225/905/2114 2666/51/2114 2226/906/2114
f 2226/906/2114 2666/51/2114 2667/53/2114
f 2226/906/2114 2667/53/2114 2227/907/2114
f 2227/907/2114 2667/53/2114 2668/55/2114
f 2227/907/2114 2668/55/2114 2228/908/2114
f 2228/908/2114 2668/55/2114 2669/57/2114
f 2228/908/2114 2669/57/2114 2229/909/2114
f 2229/909/2114 2669/57/2114 2670/59/2114
f 2229/909/2114 2670/59/2114 2230/910/2114
f 2230/910/2114 2670/59/2114 2671/61/2114
f 2230/910/2114 2671/61/2114 2231/911/2114
f 2231/911/2114 2671/61/2114 2672/63/2114
f 2231/911/2114 2672/63/2114 2232/912/2114
f 2232/912/2114 2672/63/2114 2673/65/2114
f 2232/912/2114 2673/65/2114 2233/913/2114
f 2233/913/2114 2673/65/2114 2674/67/2114
f 2233/913/2114 2674/67/2114 2234/914/2114
f 2234/914/2114 2674/67/2114 2675/69/2114
f 2234/914/2114 2675/69/2114 2235/915/2114
f 2235/915/2114 2675/69/2114 2676/71/2114
f 2235/915/2114 2676/71/2114 2236/916/2114
f 2236/916/2114 2676/71/2114 2677/73/2114
f 2236/916/2114 2677/73/2114 2237/917/2114
f 2237/917/2114 2677/73/2114 2678/75/2114
f 2237/917/2114 2678/75/2114 2238/918/2114
f 2238/918/2114 2678/75/2114 2679/77/2114
f 2238/918/2114 2679/77/2114 2239/919/2114
f 2239/919/2114 2679/77/2114 2680/79/2114
f 2239/919/2114 2680/79/2114 2240/920/2114
f 2240/920/2114 2680/79/2114 2681/81/2114
f 2240/920/2114 2681/81/2114 2241/921/2114
f 2241/921/2114 2681/81/2114 2682/83/2114
f 2241/921/2114 2682/83/2114 2242/922/2114
f 2242/922/2114 2682/83/2114 2683/85/2114
f 2242/922/2114 2683/85/2114 2243/923/2114
f 2243/923/2114 2683/85/2114 2684/87/2114
f 2243/923/2114 2684/87/2114 2244/924/2114
f 2244/924/2114 2684/87/2114 2685/89/2114
f 2244/924/2114 2685/89/2114 2245/925/2114
f 2245/925/2114 2685/89/2114 2686/91/2114
f 2245/925/2114 2686/91/2114 2246/926/2114
f 2246/926/2114 2686/91/2114 2687/93/2114
f 2246/926/2114 2687/93/2114 2247/927/2114
f 2247/927/2114 2687/93/2114 2688/95/2114
f 2247/927/2114 2688/95/2114 2248/928/2114
f 2248/928/2114 2688/95/2114 2689/97/2114
f 2248/928/2114 2689/97/2114 2249/929/2114
f 2249/929/2114 2689/97/2114 2690/99/2114
f 2249/929/2114 2690/99/2114 2250/930/2114
f 2250/930/2114 2690/99/2114 2691/101/2114
f 2250/930/2114 2691/101/2114 2251/931/2114
f 2251/931/2114 2691/101/2114 2692/103/2114
f 2251/931/2114 2692/103/2114 2252/932/2114
f 2252/932/2114 2692/103/2114 2693/105/2114
f 2252/932/2114 2693/105/2114 2253/933/2114
f 2253/933/2114 2693/105/2114 2694/107/2114
f 2253/933/2114 2694/107/2114 2254/934/2114
f 2254/934/2114 2694/107/2114 2695/109/2114
f 2254/934/2114 2695/109/2114 2255/935/2114
f 2255/935/2114 2695/109/2114 2696/111/2114
f 2255/935/2114 2696/111/2114 2256/936/2114
f 2256/936/2114 2696/111/2114 2697/113/2114
f 2256/936/2114 2697/113/2114 2257/937/2114
f 2257/937/2114 2697/113/2114 2698/115/2114
f 2257/937/2114 2698/115/2114 2258/938/2114
f 2258/938/2114 2698/115/2114 2699/117/2114
f 2258/938/2114 2699/117/2114 2259/939/2114
f 2259/939/2114 2699/117/2114 2700/119/2114
f 2259/939/2114 2700/119/2114 2260/940/2114
f 2260/940/2114 2700/119/2114 2701/121/2114
f 2260/940/2114 2701/121/2114 2261/941/2114
f 2261/941/2114 2701/121/2114 2702/123/2114
f 2261/941/2114 2702/123/2114 2262/942/2114
f 2262/942/2114 2702/123/2114 2703/125/2114
f 2262/942/2114 2703/125/2114 2263/943/2114
f 2263/943/2114 2703/125/2114 2704/127/2114
f 2263/943/2114 2704/127/2114 2264/944/2114
f 2264/944/2114 2704/127/2114 2705/129/2114
f 2264/944/2114 2705/129/2114 2265/945/2114
f 2265/945/2114 2705/129/2114 2706/131/2114
f 2265/945/2114 2706/131/2114 2266/946/2114
f 2266/946/2114 2706/131/2114 2707/133/2114
f 2266/946/2114 2707/133/2114 2267/947/2114
f 2267/947/2114 2707/133/2114 2708/135/2114
f 2267/947/2114 2708/135/2114 2268/948/2114
f 2268/948/2114 2708/135/2114 2709/137/2114
f 2268/948/2114 2709/137/2114 2269/949/2114
f 2269/949/2114 2709/137/2114 2710/139/2114
f 2269/949/2114 2710/139/2114 2270/950/2114
f 2270/950/2114 2710/139/2114 2711/141/2114
f 2270/950/2114 2711/141/2114 2271/951/2114
f 2271/951/2114 2711/141/2114 2712/143/2114
f 2271/951/2114 2712/143/2114 2272/952/2114
f 2272/952/2114 2712/143/2114 2713/145/2114
f 2272/952/2114 2713/145/2114 2273/953/2114
f 2273/953/2114 2713/145/2114 2714/147/2114
f 2273/953/2114 2714/147/2114 2274/954/2114
f 2274/954/2114 2714/147/2114 2715/149/2114
f 2274/954/2114 2715/149/2114 2275/955/2114
f 2275/955/2114 2715/149/2114 2716/151/2114
f 2275/955/2114 2716/151/2114 2276/956/2114
f 2276/956/2114 2716/151/2114 2717/153/2114
f 2276/956/2114 2717/153/2114 2277/957/2114
f 2277/957/2114 2717/153/2114 2718/155/2114
f 2277/957/2114 2718/155/2114 2278/958/2114
f 2278/958/2114 2718/155/2114 2719/157/2114
f 2278/958/2114 2719/157/2114 2279/959/2114
f 2279/959/2114 2719/157/2114 2720/159/2114
f 2279/959/2114 2720/159/2114 2280/960/2114
f 2280/960/2114 2720/159/2114 2721/161/2114
f 2280/960/2114 2721/161/2114 2281/961/2114
f 2281/961/2114 2721/161/2114 2722/163/2114
f 2281/961/2114 2722/163/2114 2282/962/2114
f 2282/962/2114 2722/163/2114 2723/165/2114
f 2282/962/2114 2723/165/2114 2283/963/2114
f 2283/963/2114 2723/165/2114 2724/167/2114
f 2283/963/2114 2724/167/2114 2284/964/2114
f 2284/964/2114 2724/167/2114 2725/169/2114
f 2284/964/2114 2725/169/2114 2285/965/2114
f 2285/965/2114 2725/169/2114 2726/171/2114
f 2285/965/2114 2726/171/2114 2286/966/2114
f 2286/966/2114 2726/171/2114 2727/173/2114
f 2286/966/2114 2727/173/2114 2287/967/2114
f 2287/967/2114 2727/173/2114 2728/175/2114
f 2287/967/2114 2728/175/2114 2288/968/2114
f 2288/968/2114 2728/175/2114 2729/177/2114
f 2288/968/2114 2729/177/2114 2289/969/2114
f 2289/969/2114 2729/177/2114 2730/179/2114
f 2289/969/2114 2730/179/2114 2290/970/2114
f 2290/970/2114 2730/179/2114 2731/181/2114
f 2290/970/2114 2731/181/2114 2291/971/2114
f 2291/971/2114 2731/181/2114 2732/183/2114
f 2291/971/2114 2732/183/2114 2292/972/2114
f 2292/972/2114 2732/183/2114 2733/185/2114
f 2292/972/2114 2733/185/2114 2293/973/2114
f 2293/973/2114 2733/185/2114 2734/187/2114
f 2293/973/2114 2734/187/2114 2294/974/2114
f 2294/974/2114 2734/187/2114 2735/189/2114
f 2294/974/2114 2735/189/2114 2295/975/2114
f 2295/975/2114 2735/189/2114 2736/191/2114
f 2295/975/2114 2736/191/2114 2296/976/2114
f 2296/976/2114 2736/191/2114 2737/193/2114
f 2296/976/2114 2737/193/2114 2297/977/2114
f 2297/977/2114 2737/193/2114 2738/195/2114
f 2297/977/2114 2738/195/2114 2298/978/2114
f 2298/978/2114 2738/195/2114 2739/197/2114
f 2298/978/2114 2739/197/2114 2299/979/2114
f 2299/979/2114 2739/197/2114 2740/199/2114
f 2299/979/2114 2740/199/2114 2300/980/2114
f 2300/980/2114 2740/199/2114 2741/201/2114
f 2300/980/2114 2741/201/2114 2301/981/2114
f 2301/981/2114 2741/201/2114 2742/203/2114
f 2301/981/2114 2742/203/2114 2302/982/2114
f 2302/982/2114 2742/203/2114 2743/205/2114
f 2302/982/2114 2743/205/2114 2303/983/2114
f 2303/983/2114 2743/205/2114 2744/207/2114
f 2303/983/2114 2744/207/2114 2304/984/2114
f 2304/984/2114 2744/207/2114 2745/209/2114
f 2304/984/2114 2745/209/2114 2305/985/2114
f 2305/985/2114 2745/209/2114 2746/211/2114
f 2305/985/2114 2746/211/2114 2306/986/2114
f 2306/986/2114 2746/211/2114 2747/213/2114
f 2306/986/2114 2747/213/2114 2307/987/2114
f 2307/987/2114 2747/213/2114 2748/215/2114
f 2307/987/2114 2748/215/2114 2308/988/2114
f 2308/988/2114 2748/215/2114 2749/217/2114
f 2308/988/2114 2749/217/2114 2309/989/2114
f 2309/989/2114 2749/217/2114 2750/219/2114
f 2309/989/2114 2750/219/2114 2310/990/2114
f 2310/990/2114 2750/219/2114 2751/221/2114
f 2310/990/2114 2751/221/2114 2311/991/2114
f 2311/991/2114 2751/221/2114 2752/223/2114
f 2311/991/2114 2752/223/2114 2312/992/2114
f 2312/992/2114 2752/223/2114 2753/225/2114
f 2312/992/2114 2753/225/2114 2313/993/2114
f 2313/993/2114 2753/225/2114 2754/227/2114
f 2313/993/2114 2754/227/2114 2314/994/2114
f 2314/994/2114 2754/227/2114 2755/229/2114
f 2314/994/2114 2755/229/2114 2315/995/2114
f 2315/995/2114 2755/229/2114 2756/231/2114
f 2315/995/2114 2756/231/2114 2316/996/2114
f 2316/996/2114 2756/231/2114 2757/233/2114
f 2316/996/2114 2757/233/2114 2317/997/2114
f 2317/997/2114 2757/233/2114 2758/235/2114
f 2317/997/2114 2758/235/2114 2318/998/2114
f 2318/998/2114 2758/235/2114 2759/237/2114
f 2318/998/2114 2759/237/2114 2319/999/2114
f 2319/999/2114 2759/237/2114 2760/239/2114
f 2319/999/2114 2760/239/2114 2320/1000/2114
f 2320/1000/2114 2760/239/2114 2761/241/2114
f 2320/1000/2114 2761/241/2114 2321/1001/2114
f 2321/1001/2114 2761/241/2114 2762/243/2114
f 2321/1001/2114 2762/243/2114 2322/1002/2114
f 2322/1002/2114 2762/243/2114 2763/245/2114
f 2322/1002/2114 2763/245/2114 2323/1003/2114
f 2323/1003/2114 2763/245/2114 2764/247/2114
f 2323/1003/2114 2764/247/2114 2324/1004/2114
f 2324/1004/2114 2764/247/2114 2765/249/2114
f 2324/1004/2114 2765/249/2114 2325/1005/2114
f 2325/1005/2114 2765/249/2114 2766/251/2114
f 2325/1005/2114 2766/251/2114 2326/1006/2114
f 2326/1006/2114 2766/251/2114 2767/253/2114
f 2326/1006/2114 2767/253/2114 2327/1007/2114
f 2327/1007/2114 2767/253/2114 2768/255/2114
f 2327/1007/2114 2768/255/2114 2328/1008/2114
f 2328/1008/2114 2768/255/2114 2769/257/2114
f 2328/1008/2114 2769/257/2114 2329/1009/2114
f 2329/1009/2114 2769/257/2114 2770/259/2114
f 2329/1009/2114 2770/259/2114 2330/1010/2114
f 2330/1010/2114 2770/259/2114 2771/261/2114
f 2330/1010/2114 2771/261/2114 2331/1011/2114
f 2331/1011/2114 2771/261/2114 2772/263/2114
f 2331/1011/2114 2772/263/2114 2332/1012/2114
f 2332/1012/2114 2772/263/2114 2773/265/2114
f 2332/1012/2114 2773/265/2114 2333/1013/2114
f 2333/1013/2114 2773/265/2114 2774/267/2114
f 2333/1013/2114 2774/267/2114 2334/1014/2114
f 2334/1014/2114 2774/267/2114 2775/269/2114
f 2334/1014/2114 2775/269/2114 2335/1015/2114
f 2335/1015/2114 2775/269/2114 2776/271/2114
f 2335/1015/2114 2776/271/2114 2336/1016/2114
f 2336/1016/2114 2776/271/2114 2777/273/2114
f 2336/1016/2114 2777/273/2114 2337/1017/2114
f 2337/1017/2114 2777/273/2114 2778/275/2114
f 2337/1017/2114 2778/275/2114 2338/1018/2114
f 2338/1018/2114 2778/275/2114 2779/277/2114
f 2338/1018/2114 2779/277/2114 2339/1019/2114
f 2339/1019/2114 2779/277/2114 2780/279/2114
f 2339/1019/2114 2780/279/2114 2340/1020/2114
f 2340/1020/2114 2780/279/2114 2781/281/2114
f 2340/1020/2114 2781/281/2114 2341/1021/2114
f 2341/1021/2114 2781/281/2114 2782/283/2114
f 2341/1021/2114 2782/283/2114 2342/1022/2114
f 2342/1022/2114 2782/283/2114 2783/285/2114
f 2342/1022/2114 2783/285/2114 2343/1023/2114
f 2343/1023/2114 2783/285/2114 2784/287/2114
f 2343/1023/2114 2784/287/2114 2344/1024/2114
f 2344/1024/2114 2784/287/2114 2785/289/2114
f 2344/1024/2114 2785/289/2114 2345/1025/2114
f 2345/1025/2114 2785/289/2114 2786/291/2114
f 2345/1025/2114 2786/291/2114 2346/1026/2114
f 2346/1026/2114 2786/291/2114 2787/293/2114
f 2346/1026/2114 2787/293/2114 2347/1027/2114
f 2347/1027/2114 2787/293/2114 2788/295/2114
f 2347/1027/2114 2788/295/2114 2348/1028/2114
f 2348/1028/2114 2788/295/2114 2789/297/2114
f 2348/1028/2114 2789/297/2114 2349/1029/2114
f 2349/1029/2114 2789/297/2114 2790/299/2114
f 2349/1029/2114 2790/299/2114 2350/1030/2114
f 2350/1030/2114 2790/299/2114 2791/301/2114
f 2350/1030/2114 2791/301/2114 2351/1031/2114
f 2351/1031/2114 2791/301/2114 2792/303/2114
f 2351/1031/2114 2792/303/2114 2352/1032/2114
f 2352/1032/2114 2792/303/2114 2793/305/2114
f 2352/1032/2114 2793/305/2114 2353/1033/2114
f 2353/1033/2114 2793/305/2114 2794/307/2114
f 2353/1033/2114 2794/307/2114 2354/1034/2114
f 2354/1034/2114 2794/307/2114 2795/309/2114
f 2354/1034/2114 2795/309/2114 2355/1035/2114
f 2355/1035/2114 2795/309/2114 2796/311/2114
f 2355/1035/2114 2796/311/2114 2356/1036/2114
f 2356/1036/2114 2796/311/2114 2797/313/2114
f 2356/1036/2114 2797/313/2114 2357/1037/2114
f 2357/1037/2114 2797/313/2114 2798/315/2114
f 2357/1037/2114 2798/315/2114 2358/1038/2114
f 2358/1038/2114 2798/315/2114 2799/317/2114
f 2358/1038/2114 2799/317/2114 2359/1039/2114
f 2359/1039/2114 2799/317/2114 2800/319/2114
f 2359/1039/2114 2800/319/2114 2360/1040/2114
f 2360/1040/2114 2800/319/2114 2801/321/2114
f 2360/1040/2114 2801/321/2114 2361/1041/2114
f 2361/1041/2114 2801/321/2114 2802/323/2114
f 2361/1041/2114 2802/323/2114 2362/1042/2114
f 2362/1042/2114 2802/323/2114 2803/325/2114
f 2362/1042/2114 2803/325/2114 2363/1043/2114
f 2363/1043/2114 2803/325/2114 2804/327/2114
f 2363/1043/2114 2804/327/2114 2364/1044/2114
f 2364/1044/2114 2804/327/2114 2805/329/2114
f 2364/1044/2114 2805/329/2114 2365/1045/2114
f 2365/1045/2114 2805/329/2114 2806/331/2114
f 2365/1045/2114 2806/331/2114 2366/1046/2114
f 2366/1046/2114 2806/331/2114 2807/333/2114
f 2366/1046/2114 2807/333/2114 2367/1047/2114
f 2367/1047/2114 2807/333/2114 2808/335/2114
f 2367/1047/2114 2808/335/2114 2368/1048/2114
f 2368/1048/2114 2808/335/2114 2809/337/2114
f 2368/1048/2114 2809/337/2114 2369/1049/2114
f 2369/1049/2114 2809/337/2114 2810/339/2114
f 2369/1049/2114 2810/339/2114 2370/1050/2114
f 2370/1050/2114 2810/339/2114 2811/341/2114
f 2370/1050/2114 2811/341/2114 2371/1051/2114
f 2371/1051/2114 2811/341/2114 2812/343/2114
f 2371/1051/2114 2812/343/2114 2372/1052/2114
f 2372/1052/2114 2812/343/2114 2813/345/2114
f 2372/1052/2114 2813/345/2114 2373/1053/2114
f 2373/1053/2114 2813/345/2114 2814/347/2114
f 2373/1053/2114 2814/347/2114 2374/1054/2114
f 2374/1054/2114 2814/347/2114 2815/349/2114
f 2374/1054/2114 2815/349/2114 2375/1055/2114
f 2375/1055/2114 2815/349/2114 2816/351/2114
f 2375/1055/2114 2816/351/2114 2376/1056/2114
f 2376/1056/2114 2816/351/2114 2817/353/2114
f 2376/1056/2114 2817/353/2114 2377/1057/2114
f 2377/1057/2114 2817/353/2114 2818/355/2114
f 2377/1057/2114 2818/355/2114 2378/1058/2114
f 2378/1058/2114 2818/355/2114 2819/357/2114
f 2378/1058/2114 2819/357/2114 2379/1059/2114
f 2379/1059/2114 2819/357/2114 2820/359/2114
f 2379/1059/2114 2820/359/2114 2380/1060/2114
f 2380/1060/2114 2820/359/2114 2821/361/2114
f 2380/1060/2114 2821/361/2114 2381/1061/2114
f 2381/1061/2114 2821/361/2114 2822/363/2114
f 2381/1061/2114 2822/363/2114 2382/1062/2114
f 2382/1062/2114 2822/363/2114 2823/365/2114
f 2382/1062/2114 2823/365/2114 2383/1063/2114
f 2383/1063/2114 2823/365/2114 2824/367/2114
f 2383/1063/2114 2824/367/2114 2384/1064/2114
f 2384/1064/2114 2824/367/2114 2825/369/2114
f 2384/1064/2114 2825/369/2114 2385/1065/2114
f 2385/1065/2114 2825/369/2114 2826/371/2114
f 2385/1065/2114 2826/371/2114 2386/1066/2114
f 2386/1066/2114 2826/371/2114 2827/373/2114
f 2386/1066/2114 2827/373/2114 2387/1067/2114
f 2387/1067/2114 2827/373/2114 2828/375/2114
f 2387/1067/2114 2828/375/2114 2388/1068/2114
f 2388/1068/2114 2828/375/2114 2829/377/2114
f 2388/1068/2114 2829/377/2114 2389/1069/2114
f 2389/1069/2114 2829/377/2114 2830/379/2114
f 2389/1069/2114 2830/379/2114 2390/1070/2114
f 2390/1070/2114 2830/379/2114 2831/381/2114
f 2390/1070/2114 2831/381/2114 2391/1071/2114
f 2391/1071/2114 2831/381/2114 2832/383/2114
f 2391/1071/2114 2832/383/2114 2392/1072/2114
f 2392/1072/2114 2832/383/2114 2833/385/2114
f 2392/1072/2114 2833/385/2114 2393/1073/2114
f 2393/1073/2114 2833/385/2114 2834/387/2114
f 2393/1073/2114 2834/387/2114 2394/1074/2114
f 2394/1074/2114 2834/387/2114 2835/389/2114
f 2394/1074/2114 2835/389/2114 2395/1075/2114
f 2395/1075/2114 2835/389/2114 2836/391/2114
f 2395/1075/2114 2836/391/2114 2396/1076/2114
f 2396/1076/2114 2836/391/2114 2837/393/2114
f 2396/1076/2114 2837/393/2114 2397/1077/2114
f 2397/1077/2114 2837/393/2114 2838/395/2114
f 2397/1077/2114 2838/395/2114 2398/1078/2114
f 2398/1078/2114 2838/395/2114 2839/397/2114
f 2398/1078/2114 2839/397/2114 2399/1079/2114
f 2399/1079/2114 2839/397/2114 2840/399/2114
f 2399/1079/2114 2840/399/2114 2400/1080/2114
f 2400/1080/2114 2840/399/2114 2841/401/2114
f 2400/1080/2114 2841/401/2114 2401/1081/2114
f 2401/1081/2114 2841/401/2114 2842/403/2114
f 2401/1081/2114 2842/403/2114 2402/1082/2114
f 2402/1082/2114 2842/403/2114 2843/405/2114
f 2402/1082/2114 2843/405/2114 2403/1083/2114
f 2403/1083/2114 2843/405/2114 2844/407/2114
f 2403/1083/2114 2844/407/2114 2404/1084/2114
f 2404/1084/2114 2844/407/2114 2845/409/2114
f 2404/1084/2114 2845/409/2114 2405/1085/2114
f 2405/1085/2114 2845/409/2114 2846/411/2114
f 2405/1085/2114 2846/411/2114 2406/1086/2114
f 2406/1086/2114 2846/411/2114 2847/413/2114
f 2406/1086/2114 2847/413/2114 2407/1087/2114
f 2407/1087/2114 2847/413/2114 2848/415/2114
f 2407/1087/2114 2848/415/2114 2408/1088/2114
f 2408/1088/2114 2848/415/2114 2849/417/2114
f 2408/1088/2114 2849/417/2114 2409/1089/2114
f 2409/1089/2114 2849/417/2114 2850/419/2114
f 2409/1089/2114 2850/419/2114 2410/1090/2114
f 2410/1090/2114 2850/419/2114 2851/421/2114
f 2410/1090/2114 2851/421/2114 2411/1091/2114
f 2411/1091/2114 2851/421/2114 2852/423/2114
f 2411/1091/2114 2852/423/2114 2412/1092/2114
f 2412/1092/2114 2852/423/2114 2853/425/2114
f 2412/1092/2114 2853/425/2114 2413/1093/2114
f 2413/1093/2114 2853/425/2114 2854/427/2114
f 2413/1093/2114 2854/427/2114 2414/1094/2114
f 2414/1094/2114 2854/427/2114 2855/429/2114
f 2414/1094/2114 2855/429/2114 2415/1095/2114
f 2415/1095/2114 2855/429/2114 2856/431/2114
f 2415/1095/2114 2856/431/2114 2416/1096/2114
f 2416/1096/2114 2856/431/2114 2857/433/2114
f 2416/1096/2114 2857/433/2114 2417/1097/2114
f 2417/1097/2114 2857/433/2114 2858/435/2114
f 2417/1097/2114 2858/435/2114 2418/1098/2114
f 2418/1098/2114 2858/435/2114 2859/437/2114
f 2418/1098/2114 2859/437/2114 2419/1099/2114
f 2419/1099/2114 2859/437/2114 2860/439/2114
f 2419/1099/2114 2860/439/2114 2420/1100/2114
f 2420/1100/2114 2860/439/2114 2861/441/2114
f 2420/1100/2114 2861/441/2114 2421/1101/2114
f 2421/1101/2114 2861/441/2114 2862/443/2114
f 2421/1101/2114 2862/443/2114 2422/1102/2114
f 2422/1102/2114 2862/443/2114 2863/445/2114
f 2422/1102/2114 2863/445/2114 2423/1103/2114
f 2423/1103/2114 2863/445/2114 2864/447/2114
f 2423/1103/2114 2864/447/2114 2424/1104/2114
f 2424/1104/2114 2864/447/2114 2865/449/2114
f 2424/1104/2114 2865/449/2114 2425/1105/2114
f 2425/1105/2114 2865/449/2114 2866/451/2114
f 2425/1105/2114 2866/451/2114 2426/1106/2114
f 2426/1106/2114 2866/451/2114 2867/453/2114
f 2426/1106/2114 2867/453/2114 2427/1107/2114
f 2427/1107/2114 2867/453/2114 2868/455/2114
f 2427/1107/2114 2868/455/2114 2428/1108/2114
f 2428/1108/2114 2868/455/2114 2869/457/2114
f 2428/1108/2114 2869/457/2114 2429/1109/2114
f 2429/1109/2114 2869/457/2114 2870/459/2114
f 2429/1109/2114 2870/459/2114 2430/1110/2114
f 2430/1110/2114 2870/459/2114 2871/461/2114
f 2430/1110/2114 2871/461/2114 2431/1111/2114
f 2431/1111/2114 2871/461/2114 2872/463/2114
f 2431/1111/2114 2872/463/2114 2432/1112/2114
f 2432/1112/2114 2872/463/2114 2873/465/2114
f 2432/1112/2114 2873/465/2114 2433/1113/2114
f 2433/1113/2114 2873/465/2114 2874/467/2114
f 2433/1113/2114 2874/467/2114 2434/1114/2114
f 2434/1114/2114 2874/467/2114 2875/469/2114
f 2434/1114/2114 2875/469/2114 2435/1115/2114
f 2435/1115/2114 2875/469/2114 2876/471/2114
f 2435/1115/2114 2876/471/2114 2436/1116/2114
f 2436/1116/2114 2876/471/2114 2877/473/2114
f 2436/1116/2114 2877/473/2114 2437/1117/2114
f 2437/1117/2114 2877/473/2114 2878/475/2114
f 2437/1117/2114 2878/475/2114 2438/1118/2114
f 2438/1118/2114 2878/475/2114 2879/477/2114
f 2438/1118/2114 2879/477/2114 2439/1119/2114
f 2439/1119/2114 2879/477/2114 2880/479/2114
f 2439/1119/2114 2880/479/2114 2440/1120/2114
f 2440/1120/2114 2880/479/2114 2881/481/2114
f 2440/1120/2114 2881/481/2114 2441/1121/2114
f 2441/1121/2114 2881/481/2114 2882/483/2114
f 2441/1121/2114 2882/483/2114 2442/1122/2114
f 2442/1122/2114 2882/483/2114 2883/485/2114
f 2442/1122/2114 2883/485/2114 2443/1123/2114
f 2443/1123/2114 2883/485/2114 2884/487/2114
f 2443/1123/2114 2884/487/2114 2444/1124/2114
f 2444/1124/2114 2884/487/2114 2885/489/2114
f 2444/1124/2114 2885/489/2114 2445/1125/2114
f 2445/1125/2114 2885/489/2114 2886/491/2114
f 2445/1125/2114 2886/491/2114 2446/1126/2114
f 2446/1126/2114 2886/491/2114 2887/493/2114
f 2446/1126/2114 2887/493/2114 2447/1127/2114
f 2447/1127/2114 2887/493/2114 2888/495/2114
f 2447/1127/2114 2888/495/2114 2448/1128/2114
f 2448/1128/2114 2888/495/2114 2889/497/2114
f 2448/1128/2114 2889/497/2114 2449/1129/2114
f 2449/1129/2114 2889/497/2114 2890/499/2114
f 2449/1129/2114 2890/499/2114 2450/1130/2114
f 2450/1130/2114 2890/499/2114 2891/501/2114
f 2450/1130/2114 2891/501/2114 2451/1131/2114
f 2451/1131/2114 2891/501/2114 2892/503/2114
f 2451/1131/2114 2892/503/2114 2452/1132/2114
f 2452/1132/2114 2892/503/2114 2893/505/2114
f 2452/1132/2114 2893/505/2114 2453/1133/2114
f 2453/1133/2114 2893/505/2114 2894/507/2114
f 2453/1133/2114 2894/507/2114 2454/1134/2114
f 2454/1134/2114 2894/507/2114 2895/509/2114
f 2454/1134/2114 2895/509/2114 2455/1135/2114
f 2455/1135/2114 2895/509/2114 2896/511/2114
f 2455/1135/2114 2896/511/2114 2456/1136/2114
f 2456/1136/2114 2896/511/2114 2897/513/2114
f 2456/1136/2114 2897/513/2114 2457/1137/2114
f 2457/1137/2114 2897/513/2114 2898/515/2114
f 2457/1137/2114 2898/515/2114 2458/1138/2114
f 2458/1138/2114 2898/515/2114 2899/517/2114
f 2458/1138/2114 2899/517/2114 2459/1139/2114
f 2459/1139/2114 2899/517/2114 2900/519/2114
f 2459/1139/2114 2900/519/2114 2460/1140/2114
f 2460/1140/2114 2900/519/2114 2901/521/2114
f 2460/1140/2114 2901/521/2114 2461/1141/2114
f 2461/1141/2114 2901/521/2114 2902/523/2114
f 2461/1141/2114 2902/523/2114 2462/1142/2114
f 2462/1142/2114 2902/523/2114 2903/525/2114
f 2462/1142/2114 2903/525/2114 2463/1143/2114
f 2463/1143/2114 2903/525/2114 2904/527/2114
f 2463/1143/2114 2904/527/2114 2464/1144/2114
f 2464/1144/2114 2904/527/2114 2905/529/2114
f 2464/1144/2114 2905/529/2114 2465/1145/2114
f 2465/1145/2114 2905/529/2114 2906/531/2114
f 2465/1145/2114 2906/531/2114 2466/1146/2114
f 2466/1146/2114 2906/531/2114 2907/533/2114
f 2466/1146/2114 2907/533/2114 2467/1147/2114
f 2467/1147/2114 2907/533/2114 2908/535/2114
f 2467/1147/2114 2908/535/2114 2468/1148/2114
f 2468/1148/2114 2908/535/2114 2909/537/2114
f 2468/1148/2114 2909/537/2114 2469/1149/2114
f 2469/1149/2114 2909/537/2114 2910/539/2114
f 2469/1149/2114 2910/539/2114 2470/1150/2114
f 2470/1150/2114 2910/539/2114 2911/541/2114
f 2470/1150/2114 2911/541/2114 2471/1151/2114
f 2471/1151/2114 2911/541/2114 2912/543/2114
f 2471/1151/2114 2912/543/2114 2472/1152/2114
f 2472/1152/2114 2912/543/2114 2913/545/2114
f 2472/1152/2114 2913/545/2114 2473/1153/2114
f 2473/1153/2114 2913/545/2114 2914/547/2114
f 2473/1153/2114 2914/547/2114 2474/1154/2114
f 2474/1154/2114 2914/547/2114 2915/549/2114
f 2474/1154/2114 2915/549/2114 2475/1155/2114
f 2475/1155/2114 2915/549/2114 2916/551/2114
f 2475/1155/2114 2916/551/2114 2476/1156/2114
f 2476/1156/2114 2916/551/2114 2917/553/2114
f 2476/1156/2114 2917/553/2114 2477/1157/2114
f 2477/1157/2114 2917/553/2114 2918/555/2114
f 2477/1157/2114 2918/555/2114 2478/1158/2114
f 2478/1158/2114 2918/555/2114 2919/557/2114
f 2478/1158/2114 2919/557/2114 2479/1159/2114
f 2479/1159/2114 2919/557/2114 2920/559/2114
f 2479/1159/2114 2920/559/2114 2480/1160/2114
f 2480/1160/2114 2920/559/2114 2921/561/2114
f 2480/1160/2114 2921/561/2114 2481/1161/2114
f 2481/1161/2114 2921/561/2114 2922/563/2114
f 2481/1161/2114 2922/563/2114 2482/1162/2114
f 2482/1162/2114 2922/563/2114 2923/565/2114
f 2482/1162/2114 2923/565/2114 2483/1163/2114
f 2483/1163/2114 2923/565/2114 2924/567/2114
f 2483/1163/2114 2924/567/2114 2484/1164/2114
f 2484/1164/2114 2924/567/2114 2925/569/2114
f 2484/1164/2114 2925/569/2114 2485/1165/2114
f 2485/1165/2114 2925/569/2114 2926/571/2114
f 2485/1165/2114 2926/571/2114 2486/1166/2114
f 2486/1166/2114 2926/571/2114 2927/573/2114
f 2486/1166/2114 2927/573/2114 2487/1167/2114
f 2487/1167/2114 2927/573/2114 2928/575/2114
f 2487/1167/2114 2928/575/2114 2488/1168/2114
f 2488/1168/2114 2928/575/2114 2929/577/2114
f 2488/1168/2114 2929/577/2114 2489/1169/2114
f 2489/1169/2114 2929/577/2114 2930/579/2114
f 2489/1169/2114 2930/579/2114 2490/1170/2114
f 2490/1170/2114 2930/579/2114 2931/581/2114
f 2490/1170/2114 2931/581/2114 2491/1171/2114
f 2491/1171/2114 2931/581/2114 2932/583/2114
f 2491/1171/2114 2932/583/2114 2492/1172/2114
f 2492/1172/2114 2932/583/2114 2933/585/2114
f 2492/1172/2114 2933/585/2114 2493/1173/2114
f 2493/1173/2114 2933/585/2114 2934/587/2114
f 2493/1173/2114 2934/587/2114 2494/1174/2114
f 2494/1174/2114 2934/587/2114 2935/589/2114
f 2494/1174/2114 2935/589/2114 2495/1175/2114
f 2495/1175/2114 2935/589/2114 2936/591/2114
f 2495/1175/2114 2936/591/2114 2496/1176/2114
f 2496/1176/2114 2936/591/2114 2937/593/2114
f 2496/1176/2114 2937/593/2114 2497/1177/2114
f 2497/1177/2114 2937/593/2114 2938/595/2114
f 2497/1177/2114 2938/595/2114 2498/1178/2114
f 2498/1178/2114 2938/595/2114 2939/597/2114
f 2498/1178/2114 2939/597/2114 2499/1179/2114
f 2499/1179/2114 2939/597/2114 2940/599/2114
f 2499/1179/2114 2940/599/2114 2500/1180/2114
f 2500/1180/2114 2940/599/2114 2941/601/2114
f 2500/1180/2114 2941/601/2114 2501/1181/2114
f 2501/1181/2114 2941/601/2114 2942/603/2114
f 2501/1181/2114 2942/603/2114 2502/1182/2114
f 2502/1182/2114 2942/603/2114 2943/605/2114
f 2502/1182/2114 2943/605/2114 2503/1183/2114
f 2503/1183/2114 2943/605/2114 2944/607/2114
f 2503/1183/2114 2944/607/2114 2504/1184/2114
f 2504/1184/2114 2944/607/2114 2945/609/2114
f 2504/1184/2114 2945/609/2114 2505/1185/2114
f 2505/1185/2114 2945/609/2114 2946/611/2114
f 2505/1185/2114 2946/611/2114 2506/1186/2114
f 2506/1186/2114 2946/611/2114 2947/613/2114
f 2506/1186/2114 2947/613/2114 2507/1187/2114
f 2507/1187/2114 2947/613/2114 2948/615/2114
f 2507/1187/2114 2948/615/2114 2508/1188/2114
f 2508/1188/2114 2948/615/2114 2949/617/2114
f 2508/1188/2114 2949/617/2114 2509/1189/2114
f 2509/1189/2114 2949/617/2114 2950/619/2114
f 2509/1189/2114 2950/619/2114 2510/1190/2114
f 2510/1190/2114 2950/619/2114 2951/621/2114
f 2510/1190/2114 2951/621/2114 2511/1191/2114
f 2511/1191/2114 2951/621/2114 2952/623/2114
f 2511/1191/2114 2952/623/2114 2512/1192/2114
f 2512/1192/2114 2952/623/2114 2953/625/2114
f 2512/1192/2114 2953/625/2114 2513/1193/2114
f 2513/1193/2114 2953/625/2114 2954/627/2114
f 2513/1193/2114 2954/627/2114 2514/1194/2114
f 2514/1194/2114 2954/627/2114 2955/629/2114
f 2514/1194/2114 2955/629/2114 2515/1195/2114
f 2515/1195/2114 2955/629/2114 2956/631/2114
f 2515/1195/2114 2956/631/2114 2516/1196/2114
f 2516/1196/2114 2956/631/2114 2957/633/2114
f 2516/1196/2114 2957/633/2114 2517/1197/2114
f 2517/1197/2114 2957/633/2114 2958/635/2114
f 2517/1197/2114 2958/635/2114 2518/1198/2114
f 2518/1198/2114 2958/635/2114 2959/637/2114
f 2518/1198/2114 2959/637/2114 2519/1199/2114
f 2519/1199/2114 2959/637/2114 2960/639/2114
f 2519/1199/2114 2960/639/2114 2520/1200/2114
f 2520/1200/2114 2960/639/2114 2961/641/2114
f 2520/1200/2114 2961/641/2114 2521/1201/2114
f 2521/1201/2114 2961/641/2114 2962/643/2114
f 2521/1201/2114 2962/643/2114 2522/1202/2114
f 2522/1202/2114 2962/643/2114 2963/645/2114
f 2522/1202/2114 2963/645/2114 2523/1203/2114
f 2523/1203/2114 2963/645/2114 2964/647/2114
f 2523/1203/2114 2964/647/2114 2524/1204/2114
f 2524/1204/2114 2964/647/2114 2965/649/2114
f 2524/1204/2114 2965/649/2114 2525/1205/2114
f 2525/1205/2114 2965/649/2114 2966/651/2114
f 2525/1205/2114 2966/651/2114 2526/1206/2114
f 2526/1206/2114 2966/651/2114 2967/653/2114
f 2526/1206/2114 2967/653/2114 2527/1207/2114
f 2527/1207/2114 2967/653/2114 2968/655/2114
f 2527/1207/2114 2968/655/2114 2528/1208/2114
f 2528/1208/2114 2968/655/2114 2969/657/2114
f 2528/1208/2114 2969/657/2114 2529/1209/2114
f 2529/1209/2114 2969/657/2114 2970/659/2114
f 2529/1209/2114 2970/659/2114 2530/1210/2114
f 2530/1210/2114 2970/659/2114 2971/661/2114
f 2530/1210/2114 2971/661/2114 2531/1211/2114
f 2531/1211/2114 2971/661/2114 2972/663/2114
f 2531/1211/2114 2972/663/2114 2532/1212/2114
f 2532/1212/2114 2972/663/2114 2973/665/2114
f 2532/1212/2114 2973/665/2114 2533/1213/2114
f 2533/1213/2114 2973/665/2114 2974/667/2114
f 2533/1213/2114 2974/667/2114 2534/1214/2114
f 2534/1214/2114 2974/667/2114 2975/669/2114
f 2534/1214/2114 2975/669/2114 2535/1215/2114
f 2535/1215/2114 2975/669/2114 2976/671/2114
f 2535/1215/2114 2976/671/2114 2536/1216/2114
f 2536/1216/2114 2976/671/2114 2977/673/2114
f 2536/1216/2114 2977/673/2114 2537/1217/2114
f 2537/1217/2114 2977/673/2114 2978/675/2114
f 2537/1217/2114 2978/675/2114 2538/1218/2114
f 2538/1218/2114 2978/675/2114 2979/677/2114
f 2538/1218/2114 2979/677/2114 2539/1219/2114
f 2539/1219/2114 2979/677/2114 2980/679/2114
f 2539/1219/2114 2980/679/2114 2540/1220/2114
f 2540/1220/2114 2980/679/2114 2981/681/2114
f 2540/1220/2114 2981/681/2114 2541/1221/2114
f 2541/1221/2114 2981/681/2114 2982/683/2114
f 2541/1221/2114 2982/683/2114 2542/1222/2114
f 2542/1222/2114 2982/683/2114 2983/685/2114
f 2542/1222/2114 2983/685/2114 2543/1223/2114
f 2543/1223/2114 2983/685/2114 2984/687/2114
f 2543/1223/2114 2984/687/2114 2544/1224/2114
f 2544/1224/2114 2984/687/2114 2985/689/2114
f 2544/1224/2114 2985/689/2114 2545/1225/2114
f 2545/1225/2114 2985/689/2114 2986/691/2114
f 2545/1225/2114 2986/691/2114 2546/1226/2114
f 2546/1226/2114 2986/691/2114 2987/693/2114
f 2546/1226/2114 2987/693/2114 2547/1227/2114
f 2547/1227/2114 2987/693/2114 2988/695/2114
f 2547/1227/2114 2988/695/2114 2548/1228/2114
f 2548/1228/2114 2988/695/2114 2989/697/2114
f 2548/1228/2114 2989/697/2114 2549/1229/2114
f 2549/1229/2114 2989/697/2114 2990/699/2114
f 2549/1229/2114 2990/699/2114 2550/1230/2114
f 2550/1230/2114 2990/699/2114 2991/701/2114
f 2550/1230/2114 2991/701/2114 2551/1231/2114
f 2551/1231/2114 2991/701/2114 2992/703/2114
f 2551/1231/2114 2992/703/2114 2552/1232/2114
f 2552/1232/2114 2992/703/2114 2993/705/2114
f 2552/1232/2114 2993/705/2114 2553/1233/2114
f 2553/1233/2114 2993/705/2114 2994/707/2114
f 2553/1233/2114 2994/707/2114 2554/1234/2114
f 2554/1234/2114 2994/707/2114 2995/709/2114
f 2554/1234/2114 2995/709/2114 2555/1235/2114
f 2555/1235/2114 2995/709/2114 2996/711/2114
f 2555/1235/2114 2996/711/2114 2556/1236/2114
f 2556/1236/2114 2996/711/2114 2997/713/2114
f 2556/1236/2114 2997/713/2114 2557/1237/2114
f 2557/1237/2114 2997/713/2114 2998/715/2114
f 2557/1237/2114 2998/715/2114 2558/1238/2114
f 2558/1238/2114 2998/715/2114 2999/717/2114
f 2558/1238/2114 2999/717/2114 2559/1239/2114
f 2559/1239/2114 2999/717/2114 3000/719/2114
f 2559/1239/2114 3000/719/2114 2560/1240/2114
f 2560/1240/2114 3000/719/2114 3001/721/2114
f 2560/1240/2114 3001/721/2114 2561/1241/2114
f 2561/1241/2114 3001/721/2114 3002/723/2114
f 2561/1241/2114 3002/723/2114 2562/1242/2114
f 2562/1242/2114 3002/723/2114 3003/725/2114
f 2562/1242/2114 3003/725/2114 2563/1243/2114
f 2563/1243/2114 3003/725/2114 3004/727/2114
f 2563/1243/2114 3004/727/2114 2564/1244/2114
f 2564/1244/2114 3004/727/2114 3005/729/2114
f 2564/1244/2114 3005/729/2114 2565/1245/2114
f 2565/1245/2114 3005/729/2114 3006/731/2114
f 2565/1245/2114 3006/731/2114 2566/1246/2114
f 2566/1246/2114 3006/731/2114 3007/733/2114
f 2566/1246/2114 3007/733/2114 2567/1247/2114
f 2567/1247/2114 3007/733/2114 3008/735/2114
f 2567/1247/2114 3008/735/2114 2568/1248/2114
f 2568/1248/2114 3008/735/2114 3009/737/2114
f 2568/1248/2114 3009/737/2114 2569/1249/2114
f 2569/1249/2114 3009/737/2114 3010/739/2114
f 2569/1249/2114 3010/739/2114 2570/1250/2114
f 2570/1250/2114 3010/739/2114 3011/741/2114
f 2570/1250/2114 3011/741/2114 2571/1251/2114
f 2571/1251/2114 3011/741/2114 3012/743/2114
f 2571/1251/2114 3012/743/2114 2572/1252/2114
f 2572/1252/2114 3012/743/2114 3013/745/2114
f 2572/1252/2114 3013/745/2114 2573/1253/2114
f 2573/1253/2114 3013/745/2114 3014/747/2114
f 2573/1253/2114 3014/747/2114 2574/1254/2114
f 2574/1254/2114 3014/747/2114 3015/749/2114
f 2574/1254/2114 3015/749/2114 2575/1255/2114
f 2575/1255/2114 3015/749/2114 3016/751/2114
f 2575/1255/2114 3016/751/2114 2576/1256/2114
f 2576/1256/2114 3016/751/2114 3017/753/2114
f 2576/1256/2114 3017/753/2114 2577/1257/2114
f 2577/1257/2114 3017/753/2114 3018/755/2114
f 2577/1257/2114 3018/755/2114 2578/1258/2114
f 2578/1258/2114 3018/755/2114 3019/757/2114
f 2578/1258/2114 3019/757/2114 2579/1259/2114
f 2579/1259/2114 3019/757/2114 3020/759/2114
f 2579/1259/2114 3020/759/2114 2580/1260/2114
f 2580/1260/2114 3020/759/2114 3021/761/2114
f 2580/1260/2114 3021/761/2114 2581/1261/2114
f 2581/1261/2114 3021/761/2114 3022/763/2114
f 2581/1261/2114 3022/763/2114 2582/1262/2114
f 2582/1262/2114 3022/763/2114 3023/765/2114
f 2582/1262/2114 3023/765/2114 2583/1263/2114
f 2583/1263/2114 3023/765/2114 3024/767/2114
f 2583/1263/2114 3024/767/2114 2584/1264/2114
f 2584/1264/2114 3024/767/2114 3025/769/2114
f 2584/1264/2114 3025/769/2114 2585/1265/2114
f 2585/1265/2114 3025/769/2114 3026/771/2114
f 2585/1265/2114 3026/771/2114 2586/1266/2114
f 2586/1266/2114 3026/771/2114 3027/773/2114
f 2586/1266/2114 3027/773/2114 2587/1267/2114
f 2587/1267/2114 3027/773/2114 3028/775/2114
f 2587/1267/2114 3028/775/2114 2588/1268/2114
f 2588/1268/2114 3028/775/2114 3029/777/2114
f 2588/1268/2114 3029/777/2114 2589/1269/2114
f 2589/1269/2114 3029/777/2114 3030/779/2114
f 2589/1269/2114 3030/779/2114 2590/1270/2114
f 2590/1270/2114 3030/779/2114 3031/781/2114
f 2590/1270/2114 3031/781/2114 2591/1271/2114
f 2591/1271/2114 3031/781/2114 3032/783/2114
f 2591/1271/2114 3032/783/2114 2592/1272/2114
f 2592/1272/2114 3032/783/2114 3033/785/2114
f 2592/1272/2114 3033/785/2114 2593/1273/2114
f 2593/1273/2114 3033/785/2114 3034/787/2114
f 2593/1273/2114 3034/787/2114 2594/1274/2114
f 2594/1274/2114 3034/787/2114 3035/789/2114
f 2594/1274/2114 3035/789/2114 2595/1275/2114
f 2595/1275/2114 3035/789/2114 3036/791/2114
f 2595/1275/2114 3036/791/2114 2596/1276/2114
f 2596/1276/2114 3036/791/2114 3037/793/2114
f 2596/1276/2114 3037/793/2114 2597/1277/2114
f 2597/1277/2114 3037/793/2114 3038/795/2114
f 2597/1277/2114 3038/795/2114 2598/1278/2114
f 2598/1278/2114 3038/795/2114 3039/797/2114
f 2598/1278/2114 3039/797/2114 2599/1279/2114
f 2599/1279/2114 3039/797/2114 3040/799/2114
f 2599/1279/2114 3040/799/2114 2600/1280/2114
f 2600/1280/2114 3040/799/2114 3041/801/2114
f 2600/1280/2114 3041/801/2114 2601/1281/2114
f 2601/1281/2114 3041/801/2114 3042/803/2114
f 2601/1281/2114 3042/803/2114 2602/1282/2114
f 2602/1282/2114 3042/803/2114 3043/805/2114
f 2602/1282/2114 3043/805/2114 2603/1283/2114
f 2603/1283/2114 3043/805/2114 3044/807/2114
f 2603/1283/2114 3044/807/2114 2604/1284/2114
f 2604/1284/2114 3044/807/2114 3045/809/2114
f 2604/1284/2114 3045/809/2114 2605/1285/2114
f 2605/1285/2114 3045/809/2114 3046/811/2114
f 2605/1285/2114 3046/811/2114 2606/1286/2114
f 2606/1286/2114 3046/811/2114 3047/813/2114
f 2606/1286/2114 3047/813/2114 2607/1287/2114
f 2607/1287/2114 3047/813/2114 3048/815/2114
f 2607/1287/2114 3048/815/2114 2608/1288/2114
f 2608/1288/2114 3048/815/2114 3049/817/2114
f 2608/1288/2114 3049/817/2114 2609/1289/2114
f 2609/1289/2114 3049/817/2114 3050/819/2114
f 2609/1289/2114 3050/819/2114 2610/1290/2114
f 2610/1290/2114 3050/819/2114 3051/821/2114
f 2610/1290/2114 3051/821/2114 2611/1291/2114
f 2611/1291/2114 3051/821/2114 3052/823/2114
f 2611/1291/2114 3052/823/2114 2612/1292/2114
f 2612/1292/2114 3052/823/2114 3053/825/2114
f 2612/1292/2114 3053/825/2114 2613/1293/2114
f 2613/1293/2114 3053/825/2114 3054/827/2114
f 2613/1293/2114 3054/827/2114 2614/1294/2114
f 2614/1294/2114 3054/827/2114 3055/829/2114
f 2614/1294/2114 3055/829/2114 2615/1295/2114
f 2615/1295/2114 3055/829/2114 3056/831/2114
f 2615/1295/2114 3056/831/2114 2616/1296/2114
f 2616/1296/2114 3056/831/2114 3057/833/2114
f 2616/1296/2114 3057/833/2114 2617/1297/2114
f 2617/1297/2114 3057/833/2114 3058/835/2114
f 2617/1297/2114 3058/835/2114 2618/1298/2114
f 2618/1298/2114 3058/835/2114 3059/837/2114
f 2618/1298/2114 3059/837/2114 2619/1299/2114
f 2619/1299/2114 3059/837/2114 3060/839/2114
f 2619/1299/2114 3060/839/2114 2620/1300/2114
f 2620/1300/2114 3060/839/2114 3061/841/2114
f 2620/1300/2114 3061/841/2114 2621/1301/2114
f 2621/1301/2114 3061/841/2114 3062/843/2114
f 2621/1301/2114 3062/843/2114 2622/1302/2114
f 2622/1302/2114 3062/843/2114 3063/845/2114
f 2622/1302/2114 3063/845/2114 2623/1303/2114
f 2623/1303/2114 3063/845/2114 3064/847/2114
f 2623/1303/2114 3064/847/2114 2624/1304/2114
f 2624/1304/2114 3064/847/2114 3065/849/2114
f 2624/1304/2114 3065/849/2114 2625/1305/2114
f 2625/1305/2114 3065/849/2114 3066/851/2114
f 2625/1305/2114 3066/851/2114 2626/1306/2114
f 2626/1306/2114 3066/851/2114 3067/853/2114
f 2626/1306/2114 3067/853/2114 2627/1307/2114
f 2627/1307/2114 3067/853/2114 3068/855/2114
f 2627/1307/2114 3068/855/2114 2628/1308/2114
f 2628/1308/2114 3068/855/2114 3069/857/2114
f 2628/1308/2114 3069/857/2114 2629/1309/2114
f 2629/1309/2114 3069/857/2114 3070/859/2114
f 2629/1309/2114 3070/859/2114 2630/1310/2114
f 2630/1310/2114 3070/859/2114 3071/861/2114
f 2630/1310/2114 3071/861/2114 2631/1311/2114
f 2631/1311/2114 3071/861/2114 3072/863/2114
f 2631/1311/2114 3072/863/2114 2632/1312/2114
f 2632/1312/2114 3072/863/2114 3073/865/2114
f 2632/1312/2114 3073/865/2114 2633/1313/2114
f 2633/1313/2114 3073/865/2114 3074/867/2114
f 2633/1313/2114 3074/867/2114 2634/1314/2114
f 2634/1314/2114 3074/867/2114 3075/869/2114
f 2634/1314/2114 3075/869/2114 2635/1315/2114
f 2635/1315/2114 3075/869/2114 3076/871/2114
f 2635/1315/2114 3076/871/2114 2636/1316/2114
f 2636/1316/2114 3076/871/2114 3077/873/2114
f 2636/1316/2114 3077/873/2114 2637/1317/2114
f 2637/1317/2114 3077/873/2114 3078/875/2114
f 2637/1317/2114 3078/875/2114 2638/1318/2114
f 2638/1318/2114 3078/875/2114 3079/877/2114
f 2638/1318/2114 3079/877/2114 2639/1319/2114
f 2639/1319/2114 3079/877/2114 3080/879/2114
f 2639/1319/2114 3080/879/2114 2640/1320/2114
f 2640/1320/2114 3080/879/2114 2641/2/2114
f 2640/1320/2114 2641/2/2114 2201/881/2114
g front_outer_bevel
f 2641/2/2115 3081/1/2115 3082/4/2115
f 2641/2/2115 3082/4/2115 2642/3/2115
f 2642/3/2115 3082/4/2115 3083/6/2115
f 2642/3/2115 3083/6/2115 2643/5/2115
f 2643/5/2115 3083/6/2115 3084/8/2115
f 2643/5/2115 3084/8/2115 2644/7/2115
f 2644/7/2115 3084/8/2115 3085/10/2115
f 2644/7/2115 3085/10/2115 2645/9/2115
f 2645/9/2115 3085/10/2115 3086/12/2115
f 2645/9/2115 3086/12/2115 2646/11/2115
f 2646/11/2115 3086/12/2115 3087/14/2115
f 2646/11/2115 3087/14/2115 2647/13/2115
f 2647/13/2115 3087/14/2115 3088/16/2115
f 2647/13/2115 3088/16/2115 2648/15/2115
f 2648/15/2115 3088/16/2115 3089/18/2115
f 2648/15/2115 3089/18/2115 2649/17/2115
f 2649/17/2115 3089/18/2115 3090/20/2115
f 2649/17/2115 3090/20/2115 2650/19/2115
f 2650/19/2115 3090/20/2115 3091/22/2115
f 2650/19/2115 3091/22/2115 2651/21/2115
f 2651/21/2115 3091/22/2115 3092/24/2115
f 2651/21/2115 3092/24/2115 2652/23/2115
f 2652/23/2115 3092/24/2115 3093/26/2115
f 2652/23/2115 3093/26/2115 2653/25/2115
f 2653/25/2115 3093/26/2115 3094/28/2115
f 2653/25/2115 3094/28/2115 2654/27/2115
f 2654/27/2115 3094/28/2115 3095/30/2115
f 2654/27/2115 3095/30/2115 2655/29/2115
f 2655/29/2115 3095/30/2115 3096/32/2115
f 2655/29/2115 3096/32/2115 2656/31/2115
f 2656/31/2115 3096/32/2115 3097/34/2115
f 2656/31/2115 3097/34/2115 2657/33/2115
f 2657/33/2115 3097/34/2115 3098/36/2115
f 2657/33/2115 3098/36/2115 2658/35/2115
f 2658/35/2115 3098/36/2115 3099/38/2115
f 2658/35/2115 3099/38/2115 2659/37/2115
f 2659/37/2115 3099/38/2115 3100/40/2115
f 2659/37/2115 3100/40/2115 2660/39/2115
f 2660/39/2115 3100/40/2115 3101/42/2115
f 2660/39/2115 3101/42/2115 2661/41/2115
f 2661/41/2115 3101/42/2115 3102/44/2115
f 2661/41/2115 3102/44/2115 2662/43/2115
f 2662/43/2115 3102/44/2115 3103/46/2115
f 2662/43/2115 3103/46/2115 2663/45/2115
f 2663/45/2115 3103/46/2115 3104/48/2115
f 2663/45/2115 3104/48/2115 2664/47/2115
f 2664/47/2116 3104/48/2116 3105/50/2116
f 2664/47/2117 3105/50/2117 2665/49/2117
f 2665/49/2118 3105/50/2118 3106/52/2118
f 2665/49/2119 3106/52/2119 2666/51/2119
f 2666/51/2120 3106/52/2120 3107/54/2120
f 2666/51/2121 3107/54/2121 2667/53/2121
f 2667/53/2122 3107/54/2122 3108/56/2122
f 2667/53/2123 3108/56/2123 2668/55/2123
f 2668/55/2124 3108/56/2124 3109/58/2124
f 2668/55/2124 3109/58/2124 2669/57/2124
f 2669/57/2125 3109/58/2125 3110/60/2125
f 2669/57/2126 3110/60/2126 2670/59/2126
f 2670/59/2127 3110/60/2127 3111/62/2127
f 2670/59/2127 3111/62/2127 2671/61/2127
f 2671/61/2128 3111/62/2128 3112/64/2128
f 2671/61/2129 3112/64/2129 2672/63/2129
f 2672/63/2130 3112/64/2130 3113/66/2130
f 2672/63/2131 3113/66/2131 2673/65/2131
f 2673/65/2132 3113/66/2132 3114/68/2132
f 2673/65/2132 3114/68/2132 2674/67/2132
f 2674/67/2133 3114/68/2133 3115/70/2133
f 2674/67/2134 3115/70/2134 2675/69/2134
f 2675/69/2135 3115/70/2135 3116/72/2135
f 2675/69/2136 3116/72/2136 2676/71/2136
f 2676/71/2137 3116/72/2137 3117/74/2137
f 2676/71/2137 3117/74/2137 2677/73/2137
f 2677/73/2138 3117/74/2138 3118/76/2138
f 2677/73/2139 3118/76/2139 2678/75/2139
f 2678/75/2140 3118/76/2140 3119/78/2140
f 2678/75/2140 3119/78/2140 2679/77/2140
f 2679/77/2140 3119/78/2140 3120/80/2140
f 2679/77/2140 3120/80/2140 2680/79/2140
f 2680/79/2141 3120/80/2141 3121/82/2141
f 2680/79/2142 3121/82/2142 2681/81/2142
f 2681/81/2143 3121/82/2143 3122/84/2143
f 2681/81/2143 3122/84/2143 2682/83/2143
f 2682/83/2144 3122/84/2144 3123/86/2144
f 2682/83/2145 3123/86/2145 2683/85/2145
f 2683/85/2146 3123/86/2146 3124/88/2146
f 2683/85/2146 3124/88/2146 2684/87/2146
f 2684/87/2146 3124/88/2146 3125/90/2146
f 2684/87/2146 3125/90/2146 2685/89/2146
f 2685/89/2146 3125/90/2146 3126/92/2146
f 2685/89/2147 3126/92/2147 2686/91/2147
f 2686/91/2147 3126/92/2147 3127/94/2147
f 2686/91/2147 3127/94/2147 2687/93/2147
f 2687/93/2147 3127/94/2147 3128/96/2147
f 2687/93/2147 3128/96/2147 2688/95/2147
f 2688/95/2147 3128/96/2147 3129/98/2147
f 2688/95/2148 3129/98/2148 2689/97/2148
f 2689/97/2148 3129/98/2148 3130/100/2148
f 2689/97/2148 3130/100/2148 2690/99/2148
f 2690/99/2148 3130/100/2148 3131/102/2148
f 2690/99/2149 3131/102/2149 2691/101/2149
f 2691/101/2149 3131/102/2149 3132/104/2149
f 2691/101/2149 3132/104/2149 2692/103/2149
f 2692/103/2149 3132/104/2149 3133/106/2149
f 2692/103/2149 3133/106/2149 2693/105/2149
f 2693/105/2149 3133/106/2149 3134/108/2149
f 2693/105/2150 3134/108/2150 2694/107/2150
f 2694/107/2150 3134/108/2150 3135/110/2150
f 2694/107/2150 3135/110/2150 2695/109/2150
f 2695/109/2150 3135/110/2150 3136/112/2150
f 2695/109/2151 3136/112/2151 2696/111/2151
f 2696/111/2151 3136/112/2151 3137/114/2151
f 2696/111/2151 3137/114/2151 2697/113/2151
f 2697/113/2151 3137/114/2151 3138/116/2151
f 2697/113/2152 3138/116/2152 2698/115/2152
f 2698/115/2153 3138/116/2153 3139/118/2153
f 2698/115/2154 3139/118/2154 2699/117/2154
f 2699/117/2154 3139/118/2154 3140/120/2154
f 2699/117/2154 3140/120/2154 2700/119/2154
f 2700/119/2154 3140/120/2154 3141/122/2154
f 2700/119/2155 3141/122/2155 2701/121/2155
f 2701/121/2156 3141/122/2156 3142/124/2156
f 2701/121/2157 3142/124/2157 2702/123/2157
f 2702/123/2158 3142/124/2158 3143/126/2158
f 2702/123/2159 3143/126/2159 2703/125/2159
f 2703/125/2160 3143/126/2160 3144/128/2160
f 2703/125/2161 3144/128/2161 2704/127/2161
f 2704/127/2162 3144/128/2162 3145/130/2162
f 2704/127/2163 3145/130/2163 2705/129/2163
f 2705/129/2164 3145/130/2164 3146/132/2164
f 2705/129/2165 3146/132/2165 2706/131/2165
f 2706/131/2166 3146/132/2166 3147/134/2166
f 2706/131/2167 3147/134/2167 2707/133/2167
f 2707/133/2168 3147/134/2168 3148/136/2168
f 2707/133/2169 3148/136/2169 2708/135/2169
f 2708/135/2170 3148/136/2170 3149/138/2170
f 2708/135/2171 3149/138/2171 2709/137/2171
f 2709/137/2172 3149/138/2172 3150/140/2172
f 2709/137/2173 3150/140/2173 2710/139/2173
f 2710/139/2174 3150/140/2174 3151/142/2174
f 2710/139/2175 3151/142/2175 2711/141/2175
f 2711/141/2176 3151/142/2176 3152/144/2176
f 2711/141/2177 3152/144/2177 2712/143/2177
f 2712/143/2178 3152/144/2178 3153/146/2178
f 2712/143/2179 3153/146/2179 2713/145/2179
f 2713/145/2180 3153/146/2180 3154/148/2180
f 2713/145/2181 3154/148/2181 2714/147/2181
f 2714/147/2182 3154/148/2182 3155/150/2182
f 2714/147/2183 3155/150/2183 2715/149/2183
f 2715/149/2184 3155/150/2184 3156/152/2184
f 2715/149/2185 3156/152/2185 2716/151/2185
f 2716/151/2186 3156/152/2186 3157/154/2186
f 2716/151/2187 3157/154/2187 2717/153/2187
f 2717/153/2187 3157/154/2187 3158/156/2187
f 2717/153/2187 3158/156/2187 2718/155/2187
f 2718/155/2187 3158/156/2187 3159/158/2187
f 2718/155/2187 3159/158/2187 2719/157/2187
f 2719/157/2187 3159/158/2187 3160/160/2187
f 2719/157/2187 3160/160/2187 2720/159/2187
f 2720/159/2187 3160/160/2187 3161/162/2187
f 2720/159/2187 3161/162/2187 2721/161/2187
f 2721/161/2187 3161/162/2187 3162/164/2187
f 2721/161/2187 3162/164/2187 2722/163/2187
f 2722/163/2187 3162/164/2187 3163/166/2187
f 2722/163/2187 3163/166/2187 2723/165/2187
f 2723/165/2187 3163/166/2187 3164/168/2187
f 2723/165/2187 3164/168/2187 2724/167/2187
f 2724/167/2187 3164/168/2187 3165/170/2187
f 2724/167/2187 3165/170/2187 2725/169/2187
f 2725/169/2187 3165/170/2187 3166/172/2187
f 2725/169/2187 3166/172/2187 2726/171/2187
f 2726/171/2187 3166/172/2187 3167/174/2187
f 2726/171/2187 3167/174/2187 2727/173/2187
f 2727/173/2187 3167/174/2187 3168/176/2187
f 2727/173/2187 3168/176/2187 2728/175/2187
f 2728/175/2187 3168/176/2187 3169/178/2187
f 2728/175/2187 3169/178/2187 2729/177/2187
f 2729/177/2187 3169/178/2187 3170/180/2187
f 2729/177/2187 3170/180/2187 2730/179/2187
f 2730/179/2187 3170/180/2187 3171/182/2187
f 2730/179/2187 3171/182/2187 2731/181/2187
f 2731/181/2187 3171/182/2187 3172/184/2187
f 2731/181/2187 3172/184/2187 2732/183/2187
f 2732/183/2187 3172/184/2187 3173/186/2187
f 2732/183/2187 3173/186/2187 2733/185/2187
f 2733/185/2187 3173/186/2187 3174/188/2187
f 2733/185/2187 3174/188/2187 2734/187/2187
f 2734/187/2187 3174/188/2187 3175/190/2187
f 2734/187/2187 3175/190/2187 2735/189/2187
f 2735/189/2187 3175/190/2187 3176/192/2187
f 2735/189/2187 3176/192/2187 2736/191/2187
f 2736/191/2187 3176/192/2187 3177/194/2187
f 2736/191/2187 3177/194/2187 2737/193/2187
f 2737/193/2187 3177/194/2187 3178/196/2187
f 2737/193/2187 3178/196/2187 2738/195/2187
f 2738/195/2187 3178/196/2187 3179/198/2187
f 2738/195/2187 3179/198/2187 2739/197/2187
f 2739/197/2187 3179/198/2187 3180/200/2187
f 2739/197/2187 3180/200/2187 2740/199/2187
f 2740/199/2187 3180/200/2187 3181/202/2187
f 2740/199/2187 3181/202/2187 2741/201/2187
f 2741/201/2187 3181/202/2187 3182/204/2187
f 2741/201/2187 3182/204/2187 2742/203/2187
f 2742/203/2187 3182/204/2187 3183/206/2187
f 2742/203/2187 3183/206/2187 2743/205/2187
f 2743/205/2187 3183/206/2187 3184/208/2187
f 2743/205/2187 3184/208/2187 2744/207/2187
f 2744/207/2187 3184/208/2187 3185/210/2187
f 2744/207/2187 3185/210/2187 2745/209/2187
f 2745/209/2187 3185/210/2187 3186/212/2187
f 2745/209/2187 3186/212/2187 2746/211/2187
f 2746/211/2187 3186/212/2187 3187/214/2187
f 2746/211/2187 3187/214/2187 2747/213/2187
f 2747/213/2187 3187/214/2187 3188/216/2187
f 2747/213/2187 3188/216/2187 2748/215/2187
f 2748/215/2187 3188/216/2187 3189/218/2187
f 2748/215/2187 3189/218/2187 2749/217/2187
f 2749/217/2187 3189/218/2187 3190/220/2187
f 2749/217/2187 3190/220/2187 2750/219/2187
f 2750/219/2187 3190/220/2187 3191/222/2187
f 2750/219/2187 3191/222/2187 2751/221/2187
f 2751/221/2187 3191/222/2187 3192/224/2187
f 2751/221/2187 3192/224/2187 2752/223/2187
f 2752/223/2187 3192/224/2187 3193/226/2187
f 2752/223/2187 3193/226/2187 2753/225/2187
f 2753/225/2187 3193/226/2187 3194/228/2187
f 2753/225/2187 3194/228/2187 2754/227/2187
f 2754/227/2187 3194/228/2187 3195/230/2187
f 2754/227/2187 3195/230/2187 2755/229/2187
f 2755/229/2187 3195/230/2187 3196/232/2187
f 2755/229/2187 3196/232/2187 2756/231/2187
f 2756/231/2187 3196/232/2187 3197/234/2187
f 2756/231/2187 3197/234/2187 2757/233/2187
f 2757/233/2187 3197/234/2187 3198/236/2187
f 2757/233/2187 3198/236/2187 2758/235/2187
f 2758/235/2187 3198/236/2187 3199/238/2187
f 2758/235/2187 3199/238/2187 2759/237/2187
f 2759/237/2187 3199/238/2187 3200/240/2187
f 2759/237/2187 3200/240/2187 2760/239/2187
f 2760/239/2187 3200/240/2187 3201/242/2187
f 2760/239/2187 3201/242/2187 2761/241/2187
f 2761/241/2187 3201/242/2187 3202/244/2187
f 2761/241/2187 3202/244/2187 2762/243/2187
f 2762/243/2187 3202/244/2187 3203/246/2187
f 2762/243/2187 3203/246/2187 2763/245/2187
f 2763/245/2187 3203/246/2187 3204/248/2187
f 2763/245/2187 3204/248/2187 2764/247/2187
f 2764/247/2187 3204/248/2187 3205/250/2187
f 2764/247/2187 3205/250/2187 2765/249/2187
f 2765/249/2187 3205/250/2187 3206/252/2187
f 2765/249/2187 3206/252/2187 2766/251/2187
f 2766/251/2187 3206/252/2187 3207/254/2187
f 2766/251/2187 3207/254/2187 2767/253/2187
f 2767/253/2187 3207/254/2187 3208/256/2187
f 2767/253/2187 3208/256/2187 2768/255/2187
f 2768/255/2187 3208/256/2187 3209/258/2187
f 2768/255/2187 3209/258/2187 2769/257/2187
f 2769/257/2187 3209/258/2187 3210/260/2187
f 2769/257/2187 3210/260/2187 2770/259/2187
f 2770/259/2187 3210/260/2187 3211/262/2187
f 2770/259/2187 3211/262/2187 2771/261/2187
f 2771/261/2187 3211/262/2187 3212/264/2187
f 2771/261/2187 3212/264/2187 2772/263/2187
f 2772/263/2187 3212/264/2187 3213/266/2187
f 2772/263/2187 3213/266/2187 2773/265/2187
f 2773/265/2187 3213/266/2187 3214/268/2187
f 2773/265/2187 3214/268/2187 2774/267/2187
f 2774/267/2187 3214/268/2187 3215/270/2187
f 2774/267/2187 3215/270/2187 2775/269/2187
f 2775/269/2187 3215/270/2187 3216/272/2187
f 2775/269/2187 3216/272/2187 2776/271/2187
f 2776/271/2187 3216/272/2187 3217/274/2187
f 2776/271/2187 3217/274/2187 2777/273/2187
f 2777/273/2187 3217/274/2187 3218/276/2187
f 2777/273/2187 3218/276/2187 2778/275/2187
f 2778/275/2187 3218/276/2187 3219/278/2187
f 2778/275/2187 3219/278/2187 2779/277/2187
f 2779/277/2187 3219/278/2187 3220/280/2187
f 2779/277/2187 3220/280/2187 2780/279/2187
f 2780/279/2187 3220/280/2187 3221/282/2187
f 2780/279/2187 3221/282/2187 2781/281/2187
f 2781/281/2187 3221/282/2187 3222/284/2187
f 2781/281/2187 3222/284/2187 2782/283/2187
f 2782/283/2187 3222/284/2187 3223/286/2187
f 2782/283/2187 3223/286/2187 2783/285/2187
f 2783/285/2187 3223/286/2187 3224/288/2187
f 2783/285/2187 3224/288/2187 2784/287/2187
f 2784/287/2187 3224/288/2187 3225/290/2187
f 2784/287/2187 3225/290/2187 2785/289/2187
f 2785/289/2187 3225/290/2187 3226/292/2187
f 2785/289/2187 3226/292/2187 2786/291/2187
f 2786/291/2187 3226/292/2187 3227/294/2187
f 2786/291/2187 3227/294/2187 2787/293/2187
f 2787/293/2187 3227/294/2187 3228/296/2187
f 2787/293/2187 3228/296/2187 2788/295/2187
f 2788/295/2187 3228/296/2187 3229/298/2187
f 2788/295/2187 3229/298/2187 2789/297/2187
f 2789/297/2187 3229/298/2187 3230/300/2187
f 2789/297/2187 3230/300/2187 2790/299/2187
f 2790/299/2187 3230/300/2187 3231/302/2187
f 2790/299/2187 3231/302/2187 2791/301/2187
f 2791/301/2187 3231/302/2187 3232/304/2187
f 2791/301/2187 3232/304/2187 2792/303/2187
f 2792/303/2187 3232/304/2187 3233/306/2187
f 2792/303/2187 3233/306/2187 2793/305/2187
f 2793/305/2188 3233/306/2188 3234/308/2188
f 2793/305/2185 3234/308/2185 2794/307/2185
f 2794/307/2189 3234/308/2189 3235/310/2189
f 2794/307/2183 3235/310/2183 2795/309/2183
f 2795/309/2190 3235/310/2190 3236/312/2190
f 2795/309/2191 3236/312/2191 2796/311/2191
f 2796/311/2192 3236/312/2192 3237/314/2192
f 2796/311/2193 3237/314/2193 2797/313/2193
f 2797/313/2194 3237/314/2194 3238/316/2194
f 2797/313/2195 3238/316/2195 2798/315/2195
f 2798/315/2196 3238/316/2196 3239/318/2196
f 2798/315/2197 3239/318/2197 2799/317/2197
f 2799/317/2198 3239/318/2198 3240/320/2198
f 2799/317/2199 3240/320/2199 2800/319/2199
f 2800/319/2200 3240/320/2200 3241/322/2200
f 2800/319/2201 3241/322/2201 2801/321/2201
f 2801/321/2202 3241/322/2202 3242/324/2202
f 2801/321/2203 3242/324/2203 2802/323/2203
f 2802/323/2204 3242/324/2204 3243/326/2204
f 2802/323/2205 3243/326/2205 2803/325/2205
f 2803/325/2206 3243/326/2206 3244/328/2206
f 2803/325/2207 3244/328/2207 2804/327/2207
f 2804/327/2208 3244/328/2208 3245/330/2208
f 2804/327/2209 3245/330/2209 2805/329/2209
f 2805/329/2210 3245/330/2210 3246/332/2210
f 2805/329/2211 3246/332/2211 2806/331/2211
f 2806/331/2212 3246/332/2212 3247/334/2212
f 2806/331/2213 3247/334/2213 2807/333/2213
f 2807/333/2214 3247/334/2214 3248/336/2214
f 2807/333/2215 3248/336/2215 2808/335/2215
f 2808/335/2216 3248/336/2216 3249/338/2216
f 2808/335/2217 3249/338/2217 2809/337/2217
f 2809/337/2218 3249/338/2218 3250/340/2218
f 2809/337/2219 3250/340/2219 2810/339/2219
f 2810/339/2220 3250/340/2220 3251/342/2220
f 2810/339/2220 3251/342/2220 2811/341/2220
f 2811/341/2221 3251/342/2221 3252/344/2221
f 2811/341/2222 3252/344/2222 2812/343/2222
f 2812/343/2223 3252/344/2223 3253/346/2223
f 2812/343/2224 3253/346/2224 2813/345/2224
f 2813/345/2225 3253/346/2225 3254/348/2225
f 2813/345/2225 3254/348/2225 2814/347/2225
f 2814/347/2226 3254/348/2226 3255/350/2226
f 2814/347/2227 3255/350/2227 2815/349/2227
f 2815/349/2228 3255/350/2228 3256/352/2228
f 2815/349/2228 3256/352/2228 2816/351/2228
f 2816/351/2229 3256/352/2229 3257/354/2229
f 2816/351/2230 3257/354/2230 2817/353/2230
f 2817/353/2231 3257/354/2231 3258/356/2231
f 2817/353/2231 3258/356/2231 2818/355/2231
f 2818/355/2231 3258/356/2231 3259/358/2231
f 2818/355/2231 3259/358/2231 2819/357/2231
f 2819/357/2232 3259/358/2232 3260/360/2232
f 2819/357/2233 3260/360/2233 2820/359/2233
f 2820/359/2234 3260/360/2234 3261/362/2234
f 2820/359/2234 3261/362/2234 2821/361/2234
f 2821/361/2235 3261/362/2235 3262/364/2235
f 2821/361/2236 3262/364/2236 2822/363/2236
f 2822/363/2237 3262/364/2237 3263/366/2237
f 2822/363/2237 3263/366/2237 2823/365/2237
f 2823/365/2237 3263/366/2237 3264/368/2237
f 2823/365/2237 3264/368/2237 2824/367/2237
f 2824/367/2238 3264/368/2238 3265/370/2238
f 2824/367/2239 3265/370/2239 2825/369/2239
f 2825/369/2240 3265/370/2240 3266/372/2240
f 2825/369/2240 3266/372/2240 2826/371/2240
f 2826/371/2240 3266/372/2240 3267/374/2240
f 2826/371/2240 3267/374/2240 2827/373/2240
f 2827/373/2240 3267/374/2240 3268/376/2240
f 2827/373/2241 3268/376/2241 2828/375/2241
f 2828/375/2241 3268/376/2241 3269/378/2241
f 2828/375/2241 3269/378/2241 2829/377/2241
f 2829/377/2241 3269/378/2241 3270/380/2241
f 2829/377/2242 3270/380/2242 2830/379/2242
f 2830/379/2242 3270/380/2242 3271/382/2242
f 2830/379/2242 3271/382/2242 2831/381/2242
f 2831/381/2242 3271/382/2242 3272/384/2242
f 2831/381/2242 3272/384/2242 2832/383/2242
f 2832/383/2242 3272/384/2242 3273/386/2242
f 2832/383/2243 3273/386/2243 2833/385/2243
f 2833/385/2243 3273/386/2243 3274/388/2243
f 2833/385/2243 3274/388/2243 2834/387/2243
f 2834/387/2243 3274/388/2243 3275/390/2243
f 2834/387/2244 3275/390/2244 2835/389/2244
f 2835/389/2245 3275/390/2245 3276/392/2245
f 2835/389/2246 3276/392/2246 2836/391/2246
f 2836/391/2246 3276/392/2246 3277/394/2246
f 2836/391/2246 3277/394/2246 2837/393/2246
f 2837/393/2246 3277/394/2246 3278/396/2246
f 2837/393/2247 3278/396/2247 2838/395/2247
f 2838/395/2248 3278/396/2248 3279/398/2248
f 2838/395/2249 3279/398/2249 2839/397/2249
f 2839/397/2249 3279/398/2249 3280/400/2249
f 2839/397/2249 3280/400/2249 2840/399/2249
f 2840/399/2249 3280/400/2249 3281/402/2249
f 2840/399/2250 3281/402/2250 2841/401/2250
f 2841/401/2250 3281/402/2250 3282/404/2250
f 2841/401/2250 3282/404/2250 2842/403/2250
f 2842/403/2250 3282/404/2250 3283/406/2250
f 2842/403/2251 3283/406/2251 2843/405/2251
f 2843/405/2252 3283/406/2252 3284/408/2252
f 2843/405/2253 3284/408/2253 2844/407/2253
f 2844/407/2253 3284/408/2253 3285/410/2253
f 2844/407/2253 3285/410/2253 2845/409/2253
f 2845/409/2253 3285/410/2253 3286/412/2253
f 2845/409/2254 3286/412/2254 2846/411/2254
f 2846/411/2254 3286/412/2254 3287/414/2254
f 2846/411/2254 3287/414/2254 2847/413/2254
f 2847/413/2254 3287/414/2254 3288/416/2254
f 2847/413/2254 3288/416/2254 2848/415/2254
f 2848/415/2254 3288/416/2254 3289/418/2254
f 2848/415/2254 3289/418/2254 2849/417/2254
f 2849/417/2254 3289/418/2254 3290/420/2254
f 2849/417/2254 3290/420/2254 2850/419/2254
f 2850/419/2254 3290/420/2254 3291/422/2254
f 2850/419/2254 3291/422/2254 2851/421/2254
f 2851/421/2254 3291/422/2254 3292/424/2254
f 2851/421/2254 3292/424/2254 2852/423/2254
f 2852/423/2254 3292/424/2254 3293/426/2254
f 2852/423/2254 3293/426/2254 2853/425/2254
f 2853/425/2254 3293/426/2254 3294/428/2254
f 2853/425/2254 3294/428/2254 2854/427/2254
f 2854/427/2254 3294/428/2254 3295/430/2254
f 2854/427/2254 3295/430/2254 2855/429/2254
f 2855/429/2254 3295/430/2254 3296/432/2254
f 2855/429/2254 3296/432/2254 2856/431/2254
f 2856/431/2254 3296/432/2254 3297/434/2254
f 2856/431/2254 3297/434/2254 2857/433/2254
f 2857/433/2254 3297/434/2254 3298/436/2254
f 2857/433/2254 3298/436/2254 2858/435/2254
f 2858/435/2254 3298/436/2254 3299/438/2254
f 2858/435/2254 3299/438/2254 2859/437/2254
f 2859/437/2254 3299/438/2254 3300/440/2254
f 2859/437/2254 3300/440/2254 2860/439/2254
f 2860/439/2254 3300/440/2254 3301/442/2254
f 2860/439/2254 3301/442/2254 2861/441/2254
f 2861/441/2254 3301/442/2254 3302/444/2254
f 2861/441/2254 3302/444/2254 2862/443/2254
f 2862/443/2254 3302/444/2254 3303/446/2254
f 2862/443/2254 3303/446/2254 2863/445/2254
f 2863/445/2254 3303/446/2254 3304/448/2254
f 2863/445/2254 3304/448/2254 2864/447/2254
f 2864/447/2254 3304/448/2254 3305/450/2254
f 2864/447/2254 3305/450/2254 2865/449/2254
f 2865/449/2254 3305/450/2254 3306/452/2254
f 2865/449/2254 3306/452/2254 2866/451/2254
f 2866/451/2254 3306/452/2254 3307/454/2254
f 2866/451/2254 3307/454/2254 2867/453/2254
f 2867/453/2254 3307/454/2254 3308/456/2254
f 2867/453/2254 3308/456/2254 2868/455/2254
f 2868/455/2254 3308/456/2254 3309/458/2254
f 2868/455/2254 3309/458/2254 2869/457/2254
f 2869/457/2254 3309/458/2254 3310/460/2254
f 2869/457/2254 3310/460/2254 2870/459/2254
f 2870/459/2254 3310/460/2254 3311/462/2254
f 2870/459/2254 3311/462/2254 2871/461/2254
f 2871/461/2254 3311/462/2254 3312/464/2254
f 2871/461/2254 3312/464/2254 2872/463/2254
f 2872/463/2254 3312/464/2254 3313/466/2254
f 2872/463/2254 3313/466/2254 2873/465/2254
f 2873/465/2254 3313/466/2254 3314/468/2254
f 2873/465/2254 3314/468/2254 2874/467/2254
f 2874/467/2254 3314/468/2254 3315/470/2254
f 2874/467/2254 3315/470/2254 2875/469/2254
f 2875/469/2254 3315/470/2254 3316/472/2254
f 2875/469/2254 3316/472/2254 2876/471/2254
f 2876/471/2254 3316/472/2254 3317/474/2254
f 2876/471/2254 3317/474/2254 2877/473/2254
f 2877/473/2254 3317/474/2254 3318/476/2254
f 2877/473/2254 3318/476/2254 2878/475/2254
f 2878/475/2254 3318/476/2254 3319/478/2254
f 2878/475/2254 3319/478/2254 2879/477/2254
f 2879/477/2254 3319/478/2254 3320/480/2254
f 2879/477/2254 3320/480/2254 2880/479/2254
f 2880/479/2254 3320/480/2254 3321/482/2254
f 2880/479/2254 3321/482/2254 2881/481/2254
f 2881/481/2254 3321/482/2254 3322/484/2254
f 2881/481/2254 3322/484/2254 2882/483/2254
f 2882/483/2254 3322/484/2254 3323/486/2254
f 2882/483/2254 3323/486/2254 2883/485/2254
f 2883/485/2254 3323/486/2254 3324/488/2254
f 2883/485/2254 3324/488/2254 2884/487/2254
f 2884/487/2254 3324/488/2254 3325/490/2254
f 2884/487/2254 3325/490/2254 2885/489/2254
f 2885/489/2254 3325/490/2254 3326/492/2254
f 2885/489/2254 3326/492/2254 2886/491/2254
f 2886/491/2254 3326/492/2254 3327/494/2254
f 2886/491/2254 3327/494/2254 2887/493/2254
f 2887/493/2254 3327/494/2254 3328/496/2254
f 2887/493/2254 3328/496/2254 2888/495/2254
f 2888/495/2254 3328/496/2254 3329/498/2254
f 2888/495/2254 3329/498/2254 2889/497/2254
f 2889/497/2254 3329/498/2254 3330/500/2254
f 2889/497/2254 3330/500/2254 2890/499/2254
f 2890/499/2254 3330/500/2254 3331/502/2254
f 2890/499/2254 3331/502/2254 2891/501/2254
f 2891/501/2254 3331/502/2254 3332/504/2254
f 2891/501/2254 3332/504/2254 2892/503/2254
f 2892/503/2254 3332/504/2254 3333/506/2254
f 2892/503/2254 3333/506/2254 2893/505/2254
f 2893/505/2254 3333/506/2254 3334/508/2254
f 2893/505/2254 3334/508/2254 2894/507/2254
f 2894/507/2255 3334/508/2255 3335/510/2255
f 2894/507/2256 3335/510/2256 2895/509/2256
f 2895/509/2257 3335/510/2257 3336/512/2257
f 2895/509/2258 3336/512/2258 2896/511/2258
f 2896/511/2259 3336/512/2259 3337/514/2259
f 2896/511/2260 3337/514/2260 2897/513/2260
f 2897/513/2261 3337/514/2261 3338/516/2261
f 2897/513/2262 3338/516/2262 2898/515/2262
f 2898/515/2263 3338/516/2263 3339/518/2263
f 2898/515/2263 3339/518/2263 2899/517/2263
f 2899/517/2264 3339/518/2264 3340/520/2264
f 2899/517/2265 3340/520/2265 2900/519/2265
f 2900/519/2266 3340/520/2266 3341/522/2266
f 2900/519/2267 3341/522/2267 2901/521/2267
f 2901/521/2268 3341/522/2268 3342/524/2268
f 2901/521/2268 3342/524/2268 2902/523/2268
f 2902/523/2269 3342/524/2269 3343/526/2269
f 2902/523/2270 3343/526/2270 2903/525/2270
f 2903/525/2271 3343/526/2271 3344/528/2271
f 2903/525/2272 3344/528/2272 2904/527/2272
f 2904/527/2273 3344/528/2273 3345/530/2273
f 2904/527/2273 3345/530/2273 2905/529/2273
f 2905/529/2274 3345/530/2274 3346/532/2274
f 2905/529/2275 3346/532/2275 2906/531/2275
f 2906/531/2276 3346/532/2276 3347/534/2276
f 2906/531/2276 3347/534/2276 2907/533/2276
f 2907/533/2277 3347/534/2277 3348/536/2277
f 2907/533/2278 3348/536/2278 2908/535/2278
f 2908/535/2279 3348/536/2279 3349/538/2279
f 2908/535/2279 3349/538/2279 2909/537/2279
f 2909/537/2279 3349/538/2279 3350/540/2279
f 2909/537/2279 3350/540/2279 2910/539/2279
f 2910/539/2280 3350/540/2280 3351/542/2280
f 2910/539/2281 3351/542/2281 2911/541/2281
f 2911/541/2282 3351/542/2282 3352/544/2282
f 2911/541/2282 3352/544/2282 2912/543/2282
f 2912/543/2282 3352/544/2282 3353/546/2282
f 2912/543/2282 3353/546/2282 2913/545/2282
f 2913/545/2283 3353/546/2283 3354/548/2283
f 2913/545/2284 3354/548/2284 2914/547/2284
f 2914/547/2285 3354/548/2285 3355/550/2285
f 2914/547/2285 3355/550/2285 2915/549/2285
f 2915/549/2286 3355/550/2286 3356/552/2286
f 2915/549/2287 3356/552/2287 2916/551/2287
f 2916/551/2288 3356/552/2288 3357/554/2288
f 2916/551/2288 3357/554/2288 2917/553/2288
f 2917/553/2288 3357/554/2288 3358/556/2288
f 2917/553/2288 3358/556/2288 2918/555/2288
f 2918/555/2288 3358/556/2288 3359/558/2288
f 2918/555/2289 3359/558/2289 2919/557/2289
f 2919/557/2289 3359/558/2289 3360/560/2289
f 2919/557/2289 3360/560/2289 2920/559/2289
f 2920/559/2289 3360/560/2289 3361/562/2289
f 2920/559/2290 3361/562/2290 2921/561/2290
f 2921/561/2290 3361/562/2290 3362/564/2290
f 2921/561/2290 3362/564/2290 2922/563/2290
f 2922/563/2290 3362/564/2290 3363/566/2290
f 2922/563/2290 3363/566/2290 2923/565/2290
f 2923/565/2290 3363/566/2290 3364/568/2290
f 2923/565/2290 3364/568/2290 2924/567/2290
f 2924/567/2290 3364/568/2290 3365/570/2290
f 2924/567/2291 3365/570/2291 2925/569/2291
f 2925/569/2291 3365/570/2291 3366/572/2291
f 2925/569/2291 3366/572/2291 2926/571/2291
f 2926/571/2291 3366/572/2291 3367/574/2291
f 2926/571/2292 3367/574/2292 2927/573/2292
f 2927/573/2292 3367/574/2292 3368/576/2292
f 2927/573/2292 3368/576/2292 2928/575/2292
f 2928/575/2292 3368/576/2292 3369/578/2292
f 2928/575/2293 3369/578/2293 2929/577/2293
f 2929/577/2294 3369/578/2294 3370/580/2294
f 2929/577/2295 3370/580/2295 2930/579/2295
f 2930/579/2295 3370/580/2295 3371/582/2295
f 2930/579/2295 3371/582/2295 2931/581/2295
f 2931/581/2295 3371/582/2295 3372/584/2295
f 2931/581/2296 3372/584/2296 2932/583/2296
f 2932/583/2296 3372/584/2296 3373/586/2296
f 2932/583/2296 3373/586/2296 2933/585/2296
f 2933/585/2296 3373/586/2296 3374/588/2296
f 2933/585/2297 3374/588/2297 2934/587/2297
f 2934/587/2298 3374/588/2298 3375/590/2298
f 2934/587/2299 3375/590/2299 2935/589/2299
f 2935/589/2300 3375/590/2300 3376/592/2300
f 2935/589/2301 3376/592/2301 2936/591/2301
f 2936/591/2302 3376/592/2302 3377/594/2302
f 2936/591/2303 3377/594/2303 2937/593/2303
f 2937/593/2304 3377/594/2304 3378/596/2304
f 2937/593/2305 3378/596/2305 2938/595/2305
f 2938/595/2306 3378/596/2306 3379/598/2306
f 2938/595/2307 3379/598/2307 2939/597/2307
f 2939/597/2308 3379/598/2308 3380/600/2308
f 2939/597/2309 3380/600/2309 2940/599/2309
f 2940/599/2310 3380/600/2310 3381/602/2310
f 2940/599/2311 3381/602/2311 2941/601/2311
f 2941/601/2312 3381/602/2312 3382/604/2312
f 2941/601/2313 3382/604/2313 2942/603/2313
f 2942/603/2314 3382/604/2314 3383/606/2314
f 2942/603/2315 3383/606/2315 2943/605/2315
f 2943/605/2316 3383/606/2316 3384/608/2316
f 2943/605/2317 3384/608/2317 2944/607/2317
f 2944/607/2318 3384/608/2318 3385/610/2318
f 2944/607/2319 3385/610/2319 2945/609/2319
f 2945/609/2320 3385/610/2320 3386/612/2320
f 2945/609/2321 3386/612/2321 2946/611/2321
f 2946/611/2322 3386/612/2322 3387/614/2322
f 2946/611/2323 3387/614/2323 2947/613/2323
f 2947/613/2324 3387/614/2324 3388/616/2324
f 2947/613/2325 3388/616/2325 2948/615/2325
f 2948/615/2325 3388/616/2325 3389/618/2325
f 2948/615/2325 3389/618/2325 2949/617/2325
f 2949/617/2325 3389/618/2325 3390/620/2325
f 2949/617/2325 3390/620/2325 2950/619/2325
f 2950/619/2325 3390/620/2325 3391/622/2325
f 2950/619/2325 3391/622/2325 2951/621/2325
f 2951/621/2325 3391/622/2325 3392/624/2325
f 2951/621/2325 3392/624/2325 2952/623/2325
f 2952/623/2325 3392/624/2325 3393/626/2325
f 2952/623/2325 3393/626/2325 2953/625/2325
f 2953/625/2325 3393/626/2325 3394/628/2325
f 2953/625/2325 3394/628/2325 2954/627/2325
f 2954/627/2325 3394/628/2325 3395/630/2325
f 2954/627/2325 3395/630/2325 2955/629/2325
f 2955/629/2325 3395/630/2325 3396/632/2325
f 2955/629/2325 3396/632/2325 2956/631/2325
f 2956/631/2325 3396/632/2325 3397/634/2325
f 2956/631/2325 3397/634/2325 2957/633/2325
f 2957/633/2325 3397/634/2325 3398/636/2325
f 2957/633/2325 3398/636/2325 2958/635/2325
f 2958/635/2325 3398/636/2325 3399/638/2325
f 2958/635/2325 3399/638/2325 2959/637/2325
f 2959/637/2325 3399/638/2325 3400/640/2325
f 2959/637/2325 3400/640/2325 2960/639/2325
f 2960/639/2325 3400/640/2325 3401/642/2325
f 2960/639/2325 3401/642/2325 2961/641/2325
f 2961/641/2325 3401/642/2325 3402/644/2325
f 2961/641/2325 3402/644/2325 2962/643/2325
f 2962/643/2325 3402/644/2325 3403/646/2325
f 2962/643/2325 3403/646/2325 2963/645/2325
f 2963/645/2325 3403/646/2325 3404/648/2325
f 2963/645/2325 3404/648/2325 2964/647/2325
f 2964/647/2325 3404/648/2325 3405/650/2325
f 2964/647/2325 3405/650/2325 2965/649/2325
f 2965/649/2325 3405/650/2325 3406/652/2325
f 2965/649/2325 3406/652/2325 2966/651/2325
f 2966/651/2325 3406/652/2325 3407/654/2325
f 2966/651/2325 3407/654/2325 2967/653/2325
f 2967/653/2325 3407/654/2325 3408/656/2325
f 2967/653/2325 3408/656/2325 2968/655/2325
f 2968/655/2325 3408/656/2325 3409/658/2325
f 2968/655/2325 3409/658/2325 2969/657/2325
f 2969/657/2325 3409/658/2325 3410/660/2325
f 2969/657/2325 3410/660/2325 2970/659/2325
f 2970/659/2325 3410/660/2325 3411/662/2325
f 2970/659/2325 3411/662/2325 2971/661/2325
f 2971/661/2325 3411/662/2325 3412/664/2325
f 2971/661/2325 3412/664/2325 2972/663/2325
f 2972/663/2325 3412/664/2325 3413/666/2325
f 2972/663/2325 3413/666/2325 2973/665/2325
f 2973/665/2325 3413/666/2325 3414/668/2325
f 2973/665/2325 3414/668/2325 2974/667/2325
f 2974/667/2325 3414/668/2325 3415/670/2325
f 2974/667/2325 3415/670/2325 2975/669/2325
f 2975/669/2325 3415/670/2325 3416/672/2325
f 2975/669/2325 3416/672/2325 2976/671/2325
f 2976/671/2325 3416/672/2325 3417/674/2325
f 2976/671/2325 3417/674/2325 2977/673/2325
f 2977/673/2325 3417/674/2325 3418/676/2325
f 2977/673/2325 3418/676/2325 2978/675/2325
f 2978/675/2325 3418/676/2325 3419/678/2325
f 2978/675/2325 3419/678/2325 2979/677/2325
f 2979/677/2325 3419/678/2325 3420/680/2325
f 2979/677/2325 3420/680/2325 2980/679/2325
f 2980/679/2325 3420/680/2325 3421/682/2325
f 2980/679/2325 3421/682/2325 2981/681/2325
f 2981/681/2325 3421/682/2325 3422/684/2325
f 2981/681/2325 3422/684/2325 2982/683/2325
f 2982/683/2325 3422/684/2325 3423/686/2325
f 2982/683/2325 3423/686/2325 2983/685/2325
f 2983/685/2325 3423/686/2325 3424/688/2325
f 2983/685/2325 3424/688/2325 2984/687/2325
f 2984/687/2325 3424/688/2325 3425/690/2325
f 2984/687/2325 3425/690/2325 2985/689/2325
f 2985/689/2325 3425/690/2325 3426/692/2325
f 2985/689/2325 3426/692/2325 2986/691/2325
f 2986/691/2325 3426/692/2325 3427/694/2325
f 2986/691/2325 3427/694/2325 2987/693/2325
f 2987/693/2325 3427/694/2325 3428/696/2325
f 2987/693/2325 3428/696/2325 2988/695/2325
f 2988/695/2325 3428/696/2325 3429/698/2325
f 2988/695/2325 3429/698/2325 2989/697/2325
f 2989/697/2325 3429/698/2325 3430/700/2325
f 2989/697/2325 3430/700/2325 2990/699/2325
f 2990/699/2325 3430/700/2325 3431/702/2325
f 2990/699/2325 3431/702/2325 2991/701/2325
f 2991/701/2325 3431/702/2325 3432/704/2325
f 2991/701/2325 3432/704/2325 2992/703/2325
f 2992/703/2325 3432/704/2325 3433/706/2325
f 2992/703/2325 3433/706/2325 2993/705/2325
f 2993/705/2325 3433/706/2325 3434/708/2325
f 2993/705/2325 3434/708/2325 2994/707/2325
f 2994/707/2325 3434/708/2325 3435/710/2325
f 2994/707/2325 3435/710/2325 2995/709/2325
f 2995/709/2325 3435/710/2325 3436/712/2325
f 2995/709/2325 3436/712/2325 2996/711/2325
f 2996/711/2325 3436/712/2325 3437/714/2325
f 2996/711/2325 3437/714/2325 2997/713/2325
f 2997/713/2325 3437/714/2325 3438/716/2325
f 2997/713/2325 3438/716/2325 2998/715/2325
f 2998/715/2325 3438/716/2325 3439/718/2325
f 2998/715/2325 3439/718/2325 2999/717/2325
f 2999/717/2325 3439/718/2325 3440/720/2325
f 2999/717/2325 3440/720/2325 3000/719/2325
f 3000/719/2325 3440/720/2325 3441/722/2325
f 3000/719/2325 3441/722/2325 3001/721/2325
f 3001/721/2325 3441/722/2325 3442/724/2325
f 3001/721/2325 3442/724/2325 3002/723/2325
f 3002/723/2326 3442/724/2326 3443/726/2326
f 3002/723/2323 3443/726/2323 3003/725/2323
f 3003/725/2327 3443/726/2327 3444/728/2327
f 3003/725/2321 3444/728/2321 3004/727/2321
f 3004/727/2328 3444/728/2328 3445/730/2328
f 3004/727/2329 3445/730/2329 3005/729/2329
f 3005/729/2330 3445/730/2330 3446/732/2330
f 3005/729/2331 3446/732/2331 3006/731/2331
f 3006/731/2332 3446/732/2332 3447/734/2332
f 3006/731/2333 3447/734/2333 3007/733/2333
f 3007/733/2334 3447/734/2334 3448/736/2334
f 3007/733/2335 3448/736/2335 3008/735/2335
f 3008/735/2336 3448/736/2336 3449/738/2336
f 3008/735/2337 3449/738/2337 3009/737/2337
f 3009/737/2338 3449/738/2338 3450/740/2338
f 3009/737/2339 3450/740/2339 3010/739/2339
f 3010/739/2340 3450/740/2340 3451/742/2340
f 3010/739/2341 3451/742/2341 3011/741/2341
f 3011/741/2342 3451/742/2342 3452/744/2342
f 3011/741/2343 3452/744/2343 3012/743/2343
f 3012/743/2344 3452/744/2344 3453/746/2344
f 3012/743/2345 3453/746/2345 3013/745/2345
f 3013/745/2346 3453/746/2346 3454/748/2346
f 3013/745/2347 3454/748/2347 3014/747/2347
f 3014/747/2348 3454/748/2348 3455/750/2348
f 3014/747/2349 3455/750/2349 3015/749/2349
f 3015/749/2350 3455/750/2350 3456/752/2350
f 3015/749/2351 3456/752/2351 3016/751/2351
f 3016/751/2352 3456/752/2352 3457/754/2352
f 3016/751/2353 3457/754/2353 3017/753/2353
f 3017/753/2354 3457/754/2354 3458/756/2354
f 3017/753/2354 3458/756/2354 3018/755/2354
f 3018/755/2355 3458/756/2355 3459/758/2355
f 3018/755/2356 3459/758/2356 3019/757/2356
f 3019/757/2357 3459/758/2357 3460/760/2357
f 3019/757/2357 3460/760/2357 3020/759/2357
f 3020/759/2358 3460/760/2358 3461/762/2358
f 3020/759/2359 3461/762/2359 3021/761/2359
f 3021/761/2360 3461/762/2360 3462/764/2360
f 3021/761/2361 3462/764/2361 3022/763/2361
f 3022/763/2362 3462/764/2362 3463/766/2362
f 3022/763/2362 3463/766/2362 3023/765/2362
f 3023/765/2363 3463/766/2363 3464/768/2363
f 3023/765/2364 3464/768/2364 3024/767/2364
f 3024/767/2365 3464/768/2365 3465/770/2365
f 3024/767/2365 3465/770/2365 3025/769/2365
f 3025/769/2366 3465/770/2366 3466/772/2366
f 3025/769/2367 3466/772/2367 3026/771/2367
f 3026/771/2368 3466/772/2368 3467/774/2368
f 3026/771/2368 3467/774/2368 3027/773/2368
f 3027/773/2368 3467/774/2368 3468/776/2368
f 3027/773/2368 3468/776/2368 3028/775/2368
f 3028/775/2368 3468/776/2368 3469/778/2368
f 3028/775/2368 3469/778/2368 3029/777/2368
f 3029/777/2369 3469/778/2369 3470/780/2369
f 3029/777/2370 3470/780/2370 3030/779/2370
f 3030/779/2371 3470/780/2371 3471/782/2371
f 3030/779/2371 3471/782/2371 3031/781/2371
f 3031/781/2372 3471/782/2372 3472/784/2372
f 3031/781/2373 3472/784/2373 3032/783/2373
f 3032/783/2374 3472/784/2374 3473/786/2374
f 3032/783/2374 3473/786/2374 3033/785/2374
f 3033/785/2374 3473/786/2374 3474/788/2374
f 3033/785/2374 3474/788/2374 3034/787/2374
f 3034/787/2374 3474/788/2374 3475/790/2374
f 3034/787/2375 3475/790/2375 3035/789/2375
f 3035/789/2375 3475/790/2375 3476/792/2375
f 3035/789/2375 3476/792/2375 3036/791/2375
f 3036/791/2375 3476/792/2375 3477/794/2375
f 3036/791/2376 3477/794/2376 3037/793/2376
f 3037/793/2376 3477/794/2376 3478/796/2376
f 3037/793/2376 3478/796/2376 3038/795/2376
f 3038/795/2376 3478/796/2376 3479/798/2376
f 3038/795/2376 3479/798/2376 3039/797/2376
f 3039/797/2376 3479/798/2376 3480/800/2376
f 3039/797/2377 3480/800/2377 3040/799/2377
f 3040/799/2377 3480/800/2377 3481/802/2377
f 3040/799/2377 3481/802/2377 3041/801/2377
f 3041/801/2377 3481/802/2377 3482/804/2377
f 3041/801/2377 3482/804/2377 3042/803/2377
f 3042/803/2377 3482/804/2377 3483/806/2377
f 3042/803/2378 3483/806/2378 3043/805/2378
f 3043/805/2378 3483/806/2378 3484/808/2378
f 3043/805/2378 3484/808/2378 3044/807/2378
f 3044/807/2378 3484/808/2378 3485/810/2378
f 3044/807/2379 3485/810/2379 3045/809/2379
f 3045/809/2379 3485/810/2379 3486/812/2379
f 3045/809/2379 3486/812/2379 3046/811/2379
f 3046/811/2379 3486/812/2379 3487/814/2379
f 3046/811/2380 3487/814/2380 3047/813/2380
f 3047/813/2381 3487/814/2381 3488/816/2381
f 3047/813/2382 3488/816/2382 3048/815/2382
f 3048/815/2382 3488/816/2382 3489/818/2382
f 3048/815/2382 3489/818/2382 3049/817/2382
f 3049/817/2382 3489/818/2382 3490/820/2382
f 3049/817/2383 3490/820/2383 3050/819/2383
f 3050/819/2384 3490/820/2384 3491/822/2384
f 3050/819/2385 3491/822/2385 3051/821/2385
f 3051/821/2385 3491/822/2385 3492/824/2385
f 3051/821/2385 3492/824/2385 3052/823/2385
f 3052/823/2385 3492/824/2385 3493/826/2385
f 3052/823/2386 3493/826/2386 3053/825/2386
f 3053/825/2387 3493/826/2387 3494/828/2387
f 3053/825/2388 3494/828/2388 3054/827/2388
f 3054/827/2389 3494/828/2389 3495/830/2389
f 3054/827/2390 3495/830/2390 3055/829/2390
f 3055/829/2391 3495/830/2391 3496/832/2391
f 3055/829/2115 3496/832/2115 3056/831/2115
f 3056/831/2115 3496/832/2115 3497/834/2115
f 3056/831/2115 3497/834/2115 3057/833/2115
f 3057/833/2115 3497/834/2115 3498/836/2115
f 3057/833/2115 3498/836/2115 3058/835/2115
f 3058/835/2115 3498/836/2115 3499/838/2115
f 3058/835/2115 3499/838/2115 3059/837/2115
f 3059/837/2115 3499/838/2115 3500/840/2115
f 3059/837/2115 3500/840/2115 3060/839/2115
f 3060/839/2115 3500/840/2115 3501/842/2115
f 3060/839/2115 3501/842/2115 3061/841/2115
f 3061/841/2115 3501/842/2115 3502/844/2115
f 3061/841/2115 3502/844/2115 3062/843/2115
f 3062/843/2115 3502/844/2115 3503/846/2115
f 3062/843/2115 3503/846/2115 3063/845/2115
f 3063/845/2115 3503/846/2115 3504/848/2115
f 3063/845/2115 3504/848/2115 3064/847/2115
f 3064/847/2115 3504/848/2115 3505/850/2115
f 3064/847/2115 3505/850/2115 3065/849/2115
f 3065/849/2115 3505/850/2115 3506/852/2115
f 3065/849/2115 3506/852/2115 3066/851/2115
f 3066/851/2115 3506/852/2115 3507/854/2115
f 3066/851/2115 3507/854/2115 3067/853/2115
f 3067/853/2115 3507/854/2115 3508/856/2115
f 3067/853/2115 3508/856/2115 3068/855/2115
f 3068/855/2115 3508/856/2115 3509/858/2115
f 3068/855/2115 3509/858/2115 3069/857/2115
f 3069/857/2115 3509/858/2115 3510/860/2115
f 3069/857/2115 3510/860/2115 3070/859/2115
f 3070/859/2115 3510/860/2115 3511/862/2115
f 3070/859/2115 3511/862/2115 3071/861/2115
f 3071/861/2115 3511/862/2115 3512/864/2115
f 3071/861/2115 3512/864/2115 3072/863/2115
f 3072/863/2115 3512/864/2115 3513/866/2115
f 3072/863/2115 3513/866/2115 3073/865/2115
f 3073/865/2115 3513/866/2115 3514/868/2115
f 3073/865/2115 3514/868/2115 3074/867/2115
f 3074/867/2115 3514/868/2115 3515/870/2115
f 3074/867/2115 3515/870/2115 3075/869/2115
f 3075/869/2115 3515/870/2115 3516/872/2115
f 3075/869/2115 3516/872/2115 3076/871/2115
f 3076/871/2115 3516/872/2115 3517/874/2115
f 3076/871/2115 3517/874/2115 3077/873/2115
f 3077/873/2115 3517/874/2115 3518/876/2115
f 3077/873/2115 3518/876/2115 3078/875/2115
f 3078/875/2115 3518/876/2115 3519/878/2115
f 3078/875/2115 3519/878/2115 3079/877/2115
f 3079/877/2115 3519/878/2115 3520/880/2115
f 3079/877/2115 3520/880/2115 3080/879/2115
f 3080/879/2115 3520/880/2115 3081/1/2115
f 3080/879/2115 3081/1/2115 2641/2/2115
g rounded_body_wall
f 3081/1/2392 1/1/2392 4/4/2392
f 3081/1/2392 4/4/2392 3082/4/2392
f 3082/4/2392 4/4/2392 6/6/2392
f 3082/4/2392 6/6/2392 3083/6/2392
f 3083/6/2392 6/6/2392 8/8/2392
f 3083/6/2392 8/8/2392 3084/8/2392
f 3084/8/2392 8/8/2392 10/10/2392
f 3084/8/2392 10/10/2392 3085/10/2392
f 3085/10/2392 10/10/2392 12/12/2392
f 3085/10/2392 12/12/2392 3086/12/2392
f 3086/12/2392 12/12/2392 14/14/2392
f 3086/12/2392 14/14/2392 3087/14/2392
f 3087/14/2392 14/14/2392 16/16/2392
f 3087/14/2392 16/16/2392 3088/16/2392
f 3088/16/2392 16/16/2392 18/18/2392
f 3088/16/2392 18/18/2392 3089/18/2392
f 3089/18/2392 18/18/2392 20/20/2392
f 3089/18/2392 20/20/2392 3090/20/2392
f 3090/20/2392 20/20/2392 22/22/2392
f 3090/20/2392 22/22/2392 3091/22/2392
f 3091/22/2392 22/22/2392 24/24/2392
f 3091/22/2392 24/24/2392 3092/24/2392
f 3092/24/2392 24/24/2392 26/26/2392
f 3092/24/2392 26/26/2392 3093/26/2392
f 3093/26/2392 26/26/2392 28/28/2392
f 3093/26/2392 28/28/2392 3094/28/2392
f 3094/28/2392 28/28/2392 30/30/2392
f 3094/28/2392 30/30/2392 3095/30/2392
f 3095/30/2392 30/30/2392 32/32/2392
f 3095/30/2392 32/32/2392 3096/32/2392
f 3096/32/2392 32/32/2392 34/34/2392
f 3096/32/2392 34/34/2392 3097/34/2392
f 3097/34/2392 34/34/2392 36/36/2392
f 3097/34/2392 36/36/2392 3098/36/2392
f 3098/36/2392 36/36/2392 38/38/2392
f 3098/36/2392 38/38/2392 3099/38/2392
f 3099/38/2392 38/38/2392 40/40/2392
f 3099/38/2392 40/40/2392 3100/40/2392
f 3100/40/2392 40/40/2392 42/42/2392
f 3100/40/2392 42/42/2392 3101/42/2392
f 3101/42/2392 42/42/2392 44/44/2392
f 3101/42/2392 44/44/2392 3102/44/2392
f 3102/44/2392 44/44/2392 46/46/2392
f 3102/44/2392 46/46/2392 3103/46/2392
f 3103/46/2392 46/46/2392 48/48/2392
f 3103/46/2392 48/48/2392 3104/48/2392
f 3104/48/2393 48/48/2393 50/50/2393
f 3104/48/2393 50/50/2393 3105/50/2393
f 3105/50/2393 50/50/2393 52/52/2393
f 3105/50/2393 52/52/2393 3106/52/2393
f 3106/52/2394 52/52/2394 54/54/2394
f 3106/52/2394 54/54/2394 3107/54/2394
f 3107/54/2394 54/54/2394 56/56/2394
f 3107/54/2394 56/56/2394 3108/56/2394
f 3108/56/2394 56/56/2394 58/58/2394
f 3108/56/2394 58/58/2394 3109/58/2394
f 3109/58/2395 58/58/2395 60/60/2395
f 3109/58/2395 60/60/2395 3110/60/2395
f 3110/60/2395 60/60/2395 62/62/2395
f 3110/60/2395 62/62/2395 3111/62/2395
f 3111/62/2396 62/62/2396 64/64/2396
f 3111/62/2396 64/64/2396 3112/64/2396
f 3112/64/2396 64/64/2396 66/66/2396
f 3112/64/2396 66/66/2396 3113/66/2396
f 3113/66/2396 66/66/2396 68/68/2396
f 3113/66/2396 68/68/2396 3114/68/2396
f 3114/68/1210 68/68/1210 70/70/1210
f 3114/68/1210 70/70/1210 3115/70/1210
f 3115/70/1210 70/70/1210 72/72/1210
f 3115/70/1210 72/72/1210 3116/72/1210
f 3116/72/1210 72/72/1210 74/74/1210
f 3116/72/1210 74/74/1210 3117/74/1210
f 3117/74/2397 74/74/2397 76/76/2397
f 3117/74/2397 76/76/2397 3118/76/2397
f 3118/76/2397 76/76/2397 78/78/2397
f 3118/76/2397 78/78/2397 3119/78/2397
f 3119/78/2397 78/78/2397 80/80/2397
f 3119/78/2397 80/80/2397 3120/80/2397
f 3120/80/2398 80/80/2398 82/82/2398
f 3120/80/2398 82/82/2398 3121/82/2398
f 3121/82/2398 82/82/2398 84/84/2398
f 3121/82/2398 84/84/2398 3122/84/2398
f 3122/84/2399 84/84/2399 86/86/2399
f 3122/84/2399 86/86/2399 3123/86/2399
f 3123/86/2399 86/86/2399 88/88/2399
f 3123/86/2399 88/88/2399 3124/88/2399
f 3124/88/2399 88/88/2399 90/90/2399
f 3124/88/2399 90/90/2399 3125/90/2399
f 3125/90/2399 90/90/2399 92/92/2399
f 3125/90/2399 92/92/2399 3126/92/2399
f 3126/92/2400 92/92/2400 94/94/2400
f 3126/92/2400 94/94/2400 3127/94/2400
f 3127/94/2400 94/94/2400 96/96/2400
f 3127/94/2400 96/96/2400 3128/96/2400
f 3128/96/2400 96/96/2400 98/98/2400
f 3128/96/2400 98/98/2400 3129/98/2400
f 3129/98/2401 98/98/2401 100/100/2401
f 3129/98/2401 100/100/2401 3130/100/2401
f 3130/100/2401 100/100/2401 102/102/2401
f 3130/100/2401 102/102/2401 3131/102/2401
f 3131/102/2402 102/102/2402 104/104/2402
f 3131/102/2402 104/104/2402 3132/104/2402
f 3132/104/2402 104/104/2402 106/106/2402
f 3132/104/2402 106/106/2402 3133/106/2402
f 3133/106/2402 106/106/2402 108/108/2402
f 3133/106/2402 108/108/2402 3134/108/2402
f 3134/108/2403 108/108/2403 110/110/2403
f 3134/108/2403 110/110/2403 3135/110/2403
f 3135/110/2403 110/110/2403 112/112/2403
f 3135/110/2403 112/112/2403 3136/112/2403
f 3136/112/2404 112/112/2404 114/114/2404
f 3136/112/2404 114/114/2404 3137/114/2404
f 3137/114/2404 114/114/2404 116/116/2404
f 3137/114/2404 116/116/2404 3138/116/2404
f 3138/116/2404 116/116/2404 118/118/2404
f 3138/116/2404 118/118/2404 3139/118/2404
f 3139/118/2405 118/118/2405 120/120/2405
f 3139/118/2405 120/120/2405 3140/120/2405
f 3140/120/2405 120/120/2405 122/122/2405
f 3140/120/2405 122/122/2405 3141/122/2405
f 3141/122/2405 122/122/2405 124/124/2405
f 3141/122/2405 124/124/2405 3142/124/2405
f 3142/124/2406 124/124/2406 126/126/2406
f 3142/124/2406 126/126/2406 3143/126/2406
f 3143/126/2406 126/126/2406 128/128/2406
f 3143/126/2406 128/128/2406 3144/128/2406
f 3144/128/2406 128/128/2406 130/130/2406
f 3144/128/2406 130/130/2406 3145/130/2406
f 3145/130/2407 130/130/2407 132/132/2407
f 3145/130/2407 132/132/2407 3146/132/2407
f 3146/132/2407 132/132/2407 134/134/2407
f 3146/132/2407 134/134/2407 3147/134/2407
f 3147/134/2408 134/134/2408 136/136/2408
f 3147/134/2408 136/136/2408 3148/136/2408
f 3148/136/2408 136/136/2408 138/138/2408
f 3148/136/2408 138/138/2408 3149/138/2408
f 3149/138/2408 138/138/2408 140/140/2408
f 3149/138/2408 140/140/2408 3150/140/2408
f 3150/140/2409 140/140/2409 142/142/2409
f 3150/140/2409 142/142/2409 3151/142/2409
f 3151/142/2409 142/142/2409 144/144/2409
f 3151/142/2409 144/144/2409 3152/144/2409
f 3152/144/2409 144/144/2409 146/146/2409
f 3152/144/2409 146/146/2409 3153/146/2409
f 3153/146/2410 146/146/2410 148/148/2410
f 3153/146/2410 148/148/2410 3154/148/2410
f 3154/148/2410 148/148/2410 150/150/2410
f 3154/148/2410 150/150/2410 3155/150/2410
f 3155/150/2411 150/150/2411 152/152/2411
f 3155/150/2411 152/152/2411 3156/152/2411
f 3156/152/2411 152/152/2411 154/154/2411
f 3156/152/2411 154/154/2411 3157/154/2411
f 3157/154/1222 154/154/1222 156/156/1222
f 3157/154/1222 156/156/1222 3158/156/1222
f 3158/156/1222 156/156/1222 158/158/1222
f 3158/156/1222 158/158/1222 3159/158/1222
f 3159/158/1222 158/158/1222 160/160/1222
f 3159/158/1222 160/160/1222 3160/160/1222
f 3160/160/1222 160/160/1222 162/162/1222
f 3160/160/1222 162/162/1222 3161/162/1222
f 3161/162/1222 162/162/1222 164/164/1222
f 3161/162/1222 164/164/1222 3162/164/1222
f 3162/164/1222 164/164/1222 166/166/1222
f 3162/164/1222 166/166/1222 3163/166/1222
f 3163/166/1222 166/166/1222 168/168/1222
f 3163/166/1222 168/168/1222 3164/168/1222
f 3164/168/1222 168/168/1222 170/170/1222
f 3164/168/1222 170/170/1222 3165/170/1222
f 3165/170/1222 170/170/1222 172/172/1222
f 3165/170/1222 172/172/1222 3166/172/1222
f 3166/172/1222 172/172/1222 174/174/1222
f 3166/172/1222 174/174/1222 3167/174/1222
f 3167/174/1222 174/174/1222 176/176/1222
f 3167/174/1222 176/176/1222 3168/176/1222
f 3168/176/1222 176/176/1222 178/178/1222
f 3168/176/1222 178/178/1222 3169/178/1222
f 3169/178/1222 178/178/1222 180/180/1222
f 3169/178/1222 180/180/1222 3170/180/1222
f 3170/180/1222 180/180/1222 182/182/1222
f 3170/180/1222 182/182/1222 3171/182/1222
f 3171/182/1222 182/182/1222 184/184/1222
f 3171/182/1222 184/184/1222 3172/184/1222
f 3172/184/1222 184/184/1222 186/186/1222
f 3172/184/1222 186/186/1222 3173/186/1222
f 3173/186/1222 186/186/1222 188/188/1222
f 3173/186/1222 188/188/1222 3174/188/1222
f 3174/188/1222 188/188/1222 190/190/1222
f 3174/188/1222 190/190/1222 3175/190/1222
f 3175/190/1222 190/190/1222 192/192/1222
f 3175/190/1222 192/192/1222 3176/192/1222
f 3176/192/1222 192/192/1222 194/194/1222
f 3176/192/1222 194/194/1222 3177/194/1222
f 3177/194/1222 194/194/1222 196/196/1222
f 3177/194/1222 196/196/1222 3178/196/1222
f 3178/196/1222 196/196/1222 198/198/1222
f 3178/196/1222 198/198/1222 3179/198/1222
f 3179/198/1222 198/198/1222 200/200/1222
f 3179/198/1222 200/200/1222 3180/200/1222
f 3180/200/1222 200/200/1222 202/202/1222
f 3180/200/1222 202/202/1222 3181/202/1222
f 3181/202/1222 202/202/1222 204/204/1222
f 3181/202/1222 204/204/1222 3182/204/1222
f 3182/204/1222 204/204/1222 206/206/1222
f 3182/204/1222 206/206/1222 3183/206/1222
f 3183/206/1222 206/206/1222 208/208/1222
f 3183/206/1222 208/208/1222 3184/208/1222
f 3184/208/1222 208/208/1222 210/210/1222
f 3184/208/1222 210/210/1222 3185/210/1222
f 3185/210/1222 210/210/1222 212/212/1222
f 3185/210/1222 212/212/1222 3186/212/1222
f 3186/212/1222 212/212/1222 214/214/1222
f 3186/212/1222 214/214/1222 3187/214/1222
f 3187/214/1222 214/214/1222 216/216/1222
f 3187/214/1222 216/216/1222 3188/216/1222
f 3188/216/1222 216/216/1222 218/218/1222
f 3188/216/1222 218/218/1222 3189/218/1222
f 3189/218/1222 218/218/1222 220/220/1222
f 3189/218/1222 220/220/1222 3190/220/1222
f 3190/220/1222 220/220/1222 222/222/1222
f 3190/220/1222 222/222/1222 3191/222/1222
f 3191/222/1222 222/222/1222 224/224/1222
f 3191/222/1222 224/224/1222 3192/224/1222
f 3192/224/1222 224/224/1222 226/226/1222
f 3192/224/1222 226/226/1222 3193/226/1222
f 3193/226/1222 226/226/1222 228/228/1222
f 3193/226/1222 228/228/1222 3194/228/1222
f 3194/228/1222 228/228/1222 230/230/1222
f 3194/228/1222 230/230/1222 3195/230/1222
f 3195/230/1222 230/230/1222 232/232/1222
f 3195/230/1222 232/232/1222 3196/232/1222
f 3196/232/1222 232/232/1222 234/234/1222
f 3196/232/1222 234/234/1222 3197/234/1222
f 3197/234/1222 234/234/1222 236/236/1222
f 3197/234/1222 236/236/1222 3198/236/1222
f 3198/236/1222 236/236/1222 238/238/1222
f 3198/236/1222 238/238/1222 3199/238/1222
f 3199/238/1222 238/238/1222 240/240/1222
f 3199/238/1222 240/240/1222 3200/240/1222
f 3200/240/1222 240/240/1222 242/242/1222
f 3200/240/1222 242/242/1222 3201/242/1222
f 3201/242/1222 242/242/1222 244/244/1222
f 3201/242/1222 244/244/1222 3202/244/1222
f 3202/244/1222 244/244/1222 246/246/1222
f 3202/244/1222 246/246/1222 3203/246/1222
f 3203/246/1222 246/246/1222 248/248/1222
f 3203/246/1222 248/248/1222 3204/248/1222
f 3204/248/1222 248/248/1222 250/250/1222
f 3204/248/1222 250/250/1222 3205/250/1222
f 3205/250/1222 250/250/1222 252/252/1222
f 3205/250/1222 252/252/1222 3206/252/1222
f 3206/252/1222 252/252/1222 254/254/1222
f 3206/252/1222 254/254/1222 3207/254/1222
f 3207/254/1222 254/254/1222 256/256/1222
f 3207/254/1222 256/256/1222 3208/256/1222
f 3208/256/1222 256/256/1222 258/258/1222
f 3208/256/1222 258/258/1222 3209/258/1222
f 3209/258/1222 258/258/1222 260/260/1222
f 3209/258/1222 260/260/1222 3210/260/1222
f 3210/260/1222 260/260/1222 262/262/1222
f 3210/260/1222 262/262/1222 3211/262/1222
f 3211/262/1222 262/262/1222 264/264/1222
f 3211/262/1222 264/264/1222 3212/264/1222
f 3212/264/1222 264/264/1222 266/266/1222
f 3212/264/1222 266/266/1222 3213/266/1222
f 3213/266/1222 266/266/1222 268/268/1222
f 3213/266/1222 268/268/1222 3214/268/1222
f 3214/268/1222 268/268/1222 270/270/1222
f 3214/268/1222 270/270/1222 3215/270/1222
f 3215/270/1222 270/270/1222 272/272/1222
f 3215/270/1222 272/272/1222 3216/272/1222
f 3216/272/1222 272/272/1222 274/274/1222
f 3216/272/1222 274/274/1222 3217/274/1222
f 3217/274/1222 274/274/1222 276/276/1222
f 3217/274/1222 276/276/1222 3218/276/1222
f 3218/276/1222 276/276/1222 278/278/1222
f 3218/276/1222 278/278/1222 3219/278/1222
f 3219/278/1222 278/278/1222 280/280/1222
f 3219/278/1222 280/280/1222 3220/280/1222
f 3220/280/1222 280/280/1222 282/282/1222
f 3220/280/1222 282/282/1222 3221/282/1222
f 3221/282/1222 282/282/1222 284/284/1222
f 3221/282/1222 284/284/1222 3222/284/1222
f 3222/284/1222 284/284/1222 286/286/1222
f 3222/284/1222 286/286/1222 3223/286/1222
f 3223/286/1222 286/286/1222 288/288/1222
f 3223/286/1222 288/288/1222 3224/288/1222
f 3224/288/1222 288/288/1222 290/290/1222
f 3224/288/1222 290/290/1222 3225/290/1222
f 3225/290/1222 290/290/1222 292/292/1222
f 3225/290/1222 292/292/1222 3226/292/1222
f 3226/292/1222 292/292/1222 294/294/1222
f 3226/292/1222 294/294/1222 3227/294/1222
f 3227/294/1222 294/294/1222 296/296/1222
f 3227/294/1222 296/296/1222 3228/296/1222
f 3228/296/1222 296/296/1222 298/298/1222
f 3228/296/1222 298/298/1222 3229/298/1222
f 3229/298/1222 298/298/1222 300/300/1222
f 3229/298/1222 300/300/1222 3230/300/1222
f 3230/300/1222 300/300/1222 302/302/1222
f 3230/300/1222 302/302/1222 3231/302/1222
f 3231/302/1222 302/302/1222 304/304/1222
f 3231/302/1222 304/304/1222 3232/304/1222
f 3232/304/1222 304/304/1222 306/306/1222
f 3232/304/1222 306/306/1222 3233/306/1222
f 3233/306/2412 306/306/2412 308/308/2412
f 3233/306/2412 308/308/2412 3234/308/2412
f 3234/308/2412 308/308/2412 310/310/2412
f 3234/308/2412 310/310/2412 3235/310/2412
f 3235/310/2413 310/310/2413 312/312/2413
f 3235/310/2413 312/312/2413 3236/312/2413
f 3236/312/2414 312/312/2414 314/314/2414
f 3236/312/2414 314/314/2414 3237/314/2414
f 3237/314/2415 314/314/2415 316/316/2415
f 3237/314/2415 316/316/2415 3238/316/2415
f 3238/316/2415 316/316/2415 318/318/2415
f 3238/316/2415 318/318/2415 3239/318/2415
f 3239/318/2415 318/318/2415 320/320/2415
f 3239/318/2415 320/320/2415 3240/320/2415
f 3240/320/2416 320/320/2416 322/322/2416
f 3240/320/2416 322/322/2416 3241/322/2416
f 3241/322/2416 322/322/2416 324/324/2416
f 3241/322/2416 324/324/2416 3242/324/2416
f 3242/324/2416 324/324/2416 326/326/2416
f 3242/324/2416 326/326/2416 3243/326/2416
f 3243/326/2417 326/326/2417 328/328/2417
f 3243/326/2417 328/328/2417 3244/328/2417
f 3244/328/2417 328/328/2417 330/330/2417
f 3244/328/2417 330/330/2417 3245/330/2417
f 3245/330/2418 330/330/2418 332/332/2418
f 3245/330/2418 332/332/2418 3246/332/2418
f 3246/332/2418 332/332/2418 334/334/2418
f 3246/332/2418 334/334/2418 3247/334/2418
f 3247/334/2418 334/334/2418 336/336/2418
f 3247/334/2418 336/336/2418 3248/336/2418
f 3248/336/2419 336/336/2419 338/338/2419
f 3248/336/2419 338/338/2419 3249/338/2419
f 3249/338/2419 338/338/2419 340/340/2419
f 3249/338/2419 340/340/2419 3250/340/2419
f 3250/340/2419 340/340/2419 342/342/2419
f 3250/340/2419 342/342/2419 3251/342/2419
f 3251/342/2420 342/342/2420 344/344/2420
f 3251/342/2420 344/344/2420 3252/344/2420
f 3252/344/2420 344/344/2420 346/346/2420
f 3252/344/2420 346/346/2420 3253/346/2420
f 3253/346/2420 346/346/2420 348/348/2420
f 3253/346/2420 348/348/2420 3254/348/2420
f 3254/348/2421 348/348/2421 350/350/2421
f 3254/348/2421 350/350/2421 3255/350/2421
f 3255/350/2421 350/350/2421 352/352/2421
f 3255/350/2421 352/352/2421 3256/352/2421
f 3256/352/2422 352/352/2422 354/354/2422
f 3256/352/2422 354/354/2422 3257/354/2422
f 3257/354/2422 354/354/2422 356/356/2422
f 3257/354/2422 356/356/2422 3258/356/2422
f 3258/356/2422 356/356/2422 358/358/2422
f 3258/356/2422 358/358/2422 3259/358/2422
f 3259/358/2423 358/358/2423 360/360/2423
f 3259/358/2423 360/360/2423 3260/360/2423
f 3260/360/2423 360/360/2423 362/362/2423
f 3260/360/2423 362/362/2423 3261/362/2423
f 3261/362/2424 362/362/2424 364/364/2424
f 3261/362/2424 364/364/2424 3262/364/2424
f 3262/364/2424 364/364/2424 366/366/2424
f 3262/364/2424 366/366/2424 3263/366/2424
f 3263/366/2424 366/366/2424 368/368/2424
f 3263/366/2424 368/368/2424 3264/368/2424
f 3264/368/2425 368/368/2425 370/370/2425
f 3264/368/2425 370/370/2425 3265/370/2425
f 3265/370/2425 370/370/2425 372/372/2425
f 3265/370/2425 372/372/2425 3266/372/2425
f 3266/372/2425 372/372/2425 374/374/2425
f 3266/372/2425 374/374/2425 3267/374/2425
f 3267/374/2425 374/374/2425 376/376/2425
f 3267/374/2425 376/376/2425 3268/376/2425
f 3268/376/2426 376/376/2426 378/378/2426
f 3268/376/2426 378/378/2426 3269/378/2426
f 3269/378/2426 378/378/2426 380/380/2426
f 3269/378/2426 380/380/2426 3270/380/2426
f 3270/380/2427 380/380/2427 382/382/2427
f 3270/380/2427 382/382/2427 3271/382/2427
f 3271/382/2427 382/382/2427 384/384/2427
f 3271/382/2427 384/384/2427 3272/384/2427
f 3272/384/2427 384/384/2427 386/386/2427
f 3272/384/2427 386/386/2427 3273/386/2427
f 3273/386/1234 386/386/1234 388/388/1234
f 3273/386/1234 388/388/1234 3274/388/1234
f 3274/388/1234 388/388/1234 390/390/1234
f 3274/388/1234 390/390/1234 3275/390/1234
f 3275/390/1234 390/390/1234 392/392/1234
f 3275/390/1234 392/392/1234 3276/392/1234
f 3276/392/2428 392/392/2428 394/394/2428
f 3276/392/2428 394/394/2428 3277/394/2428
f 3277/394/2428 394/394/2428 396/396/2428
f 3277/394/2428 396/396/2428 3278/396/2428
f 3278/396/2428 396/396/2428 398/398/2428
f 3278/396/2428 398/398/2428 3279/398/2428
f 3279/398/2429 398/398/2429 400/400/2429
f 3279/398/2429 400/400/2429 3280/400/2429
f 3280/400/2429 400/400/2429 402/402/2429
f 3280/400/2429 402/402/2429 3281/402/2429
f 3281/402/2430 402/402/2430 404/404/2430
f 3281/402/2430 404/404/2430 3282/404/2430
f 3282/404/2430 404/404/2430 406/406/2430
f 3282/404/2430 406/406/2430 3283/406/2430
f 3283/406/2430 406/406/2430 408/408/2430
f 3283/406/2430 408/408/2430 3284/408/2430
f 3284/408/2431 408/408/2431 410/410/2431
f 3284/408/2431 410/410/2431 3285/410/2431
f 3285/410/2431 410/410/2431 412/412/2431
f 3285/410/2431 412/412/2431 3286/412/2431
f 3286/412/2432 412/412/2432 414/414/2432
f 3286/412/2432 414/414/2432 3287/414/2432
f 3287/414/2432 414/414/2432 416/416/2432
f 3287/414/2432 416/416/2432 3288/416/2432
f 3288/416/2432 416/416/2432 418/418/2432
f 3288/416/2432 418/418/2432 3289/418/2432
f 3289/418/2432 418/418/2432 420/420/2432
f 3289/418/2432 420/420/2432 3290/420/2432
f 3290/420/2432 420/420/2432 422/422/2432
f 3290/420/2432 422/422/2432 3291/422/2432
f 3291/422/2432 422/422/2432 424/424/2432
f 3291/422/2432 424/424/2432 3292/424/2432
f 3292/424/2432 424/424/2432 426/426/2432
f 3292/424/2432 426/426/2432 3293/426/2432
f 3293/426/2432 426/426/2432 428/428/2432
f 3293/426/2432 428/428/2432 3294/428/2432
f 3294/428/2432 428/428/2432 430/430/2432
f 3294/428/2432 430/430/2432 3295/430/2432
f 3295/430/2432 430/430/2432 432/432/2432
f 3295/430/2432 432/432/2432 3296/432/2432
f 3296/432/2432 432/432/2432 434/434/2432
f 3296/432/2432 434/434/2432 3297/434/2432
f 3297/434/2432 434/434/2432 436/436/2432
f 3297/434/2432 436/436/2432 3298/436/2432
f 3298/436/2432 436/436/2432 438/438/2432
f 3298/436/2432 438/438/2432 3299/438/2432
f 3299/438/2432 438/438/2432 440/440/2432
f 3299/438/2432 440/440/2432 3300/440/2432
f 3300/440/2432 440/440/2432 442/442/2432
f 3300/440/2432 442/442/2432 3301/442/2432
f 3301/442/2432 442/442/2432 444/444/2432
f 3301/442/2432 444/444/2432 3302/444/2432
f 3302/444/2432 444/444/2432 446/446/2432
f 3302/444/2432 446/446/2432 3303/446/2432
f 3303/446/2432 446/446/2432 448/448/2432
f 3303/446/2432 448/448/2432 3304/448/2432
f 3304/448/2432 448/448/2432 450/450/2432
f 3304/448/2432 450/450/2432 3305/450/2432
f 3305/450/2432 450/450/2432 452/452/2432
f 3305/450/2432 452/452/2432 3306/452/2432
f 3306/452/2432 452/452/2432 454/454/2432
f 3306/452/2432 454/454/2432 3307/454/2432
f 3307/454/2432 454/454/2432 456/456/2432
f 3307/454/2432 456/456/2432 3308/456/2432
f 3308/456/2432 456/456/2432 458/458/2432
f 3308/456/2432 458/458/2432 3309/458/2432
f 3309/458/2432 458/458/2432 460/460/2432
f 3309/458/2432 460/460/2432 3310/460/2432
f 3310/460/2432 460/460/2432 462/462/2432
f 3310/460/2432 462/462/2432 3311/462/2432
f 3311/462/2432 462/462/2432 464/464/2432
f 3311/462/2432 464/464/2432 3312/464/2432
f 3312/464/2432 464/464/2432 466/466/2432
f 3312/464/2432 466/466/2432 3313/466/2432
f 3313/466/2432 466/466/2432 468/468/2432
f 3313/466/2432 468/468/2432 3314/468/2432
f 3314/468/2432 468/468/2432 470/470/2432
f 3314/468/2432 470/470/2432 3315/470/2432
f 3315/470/2432 470/470/2432 472/472/2432
f 3315/470/2432 472/472/2432 3316/472/2432
f 3316/472/2432 472/472/2432 474/474/2432
f 3316/472/2432 474/474/2432 3317/474/2432
f 3317/474/2432 474/474/2432 476/476/2432
f 3317/474/2432 476/476/2432 3318/476/2432
f 3318/476/2432 476/476/2432 478/478/2432
f 3318/476/2432 478/478/2432 3319/478/2432
f 3319/478/2432 478/478/2432 480/480/2432
f 3319/478/2432 480/480/2432 3320/480/2432
f 3320/480/2432 480/480/2432 482/482/2432
f 3320/480/2432 482/482/2432 3321/482/2432
f 3321/482/2432 482/482/2432 484/484/2432
f 3321/482/2432 484/484/2432 3322/484/2432
f 3322/484/2432 484/484/2432 486/486/2432
f 3322/484/2432 486/486/2432 3323/486/2432
f 3323/486/2432 486/486/2432 488/488/2432
f 3323/486/2432 488/488/2432 3324/488/2432
f 3324/488/2432 488/488/2432 490/490/2432
f 3324/488/2432 490/490/2432 3325/490/2432
f 3325/490/2432 490/490/2432 492/492/2432
f 3325/490/2432 492/492/2432 3326/492/2432
f 3326/492/2432 492/492/2432 494/494/2432
f 3326/492/2432 494/494/2432 3327/494/2432
f 3327/494/2432 494/494/2432 496/496/2432
f 3327/494/2432 496/496/2432 3328/496/2432
f 3328/496/2432 496/496/2432 498/498/2432
f 3328/496/2432 498/498/2432 3329/498/2432
f 3329/498/2432 498/498/2432 500/500/2432
f 3329/498/2432 500/500/2432 3330/500/2432
f 3330/500/2432 500/500/2432 502/502/2432
f 3330/500/2432 502/502/2432 3331/502/2432
f 3331/502/2432 502/502/2432 504/504/2432
f 3331/502/2432 504/504/2432 3332/504/2432
f 3332/504/2432 504/504/2432 506/506/2432
f 3332/504/2432 506/506/2432 3333/506/2432
f 3333/506/2432 506/506/2432 508/508/2432
f 3333/506/2432 508/508/2432 3334/508/2432
f 3334/508/2433 508/508/2433 510/510/2433
f 3334/508/2433 510/510/2433 3335/510/2433
f 3335/510/2434 510/510/2434 512/512/2434
f 3335/510/2434 512/512/2434 3336/512/2434
f 3336/512/2434 512/512/2434 514/514/2434
f 3336/512/2434 514/514/2434 3337/514/2434
f 3337/514/2434 514/514/2434 516/516/2434
f 3337/514/2434 516/516/2434 3338/516/2434
f 3338/516/2435 516/516/2435 518/518/2435
f 3338/516/2435 518/518/2435 3339/518/2435
f 3339/518/1156 518/518/1156 520/520/1156
f 3339/518/1156 520/520/1156 3340/520/1156
f 3340/520/1156 520/520/1156 522/522/1156
f 3340/520/1156 522/522/1156 3341/522/1156
f 3341/522/1156 522/522/1156 524/524/1156
f 3341/522/1156 524/524/1156 3342/524/1156
f 3342/524/2436 524/524/2436 526/526/2436
f 3342/524/2436 526/526/2436 3343/526/2436
f 3343/526/2436 526/526/2436 528/528/2436
f 3343/526/2436 528/528/2436 3344/528/2436
f 3344/528/2436 528/528/2436 530/530/2436
f 3344/528/2436 530/530/2436 3345/530/2436
f 3345/530/2437 530/530/2437 532/532/2437
f 3345/530/2437 532/532/2437 3346/532/2437
f 3346/532/2437 532/532/2437 534/534/2437
f 3346/532/2437 534/534/2437 3347/534/2437
f 3347/534/2438 534/534/2438 536/536/2438
f 3347/534/2438 536/536/2438 3348/536/2438
f 3348/536/2438 536/536/2438 538/538/2438
f 3348/536/2438 538/538/2438 3349/538/2438
f 3349/538/2438 538/538/2438 540/540/2438
f 3349/538/2438 540/540/2438 3350/540/2438
f 3350/540/2439 540/540/2439 542/542/2439
f 3350/540/2439 542/542/2439 3351/542/2439
f 3351/542/2439 542/542/2439 544/544/2439
f 3351/542/2439 544/544/2439 3352/544/2439
f 3352/544/2439 544/544/2439 546/546/2439
f 3352/544/2439 546/546/2439 3353/546/2439
f 3353/546/2440 546/546/2440 548/548/2440
f 3353/546/2440 548/548/2440 3354/548/2440
f 3354/548/2440 548/548/2440 550/550/2440
f 3354/548/2440 550/550/2440 3355/550/2440
f 3355/550/2441 550/550/2441 552/552/2441
f 3355/550/2441 552/552/2441 3356/552/2441
f 3356/552/2441 552/552/2441 554/554/2441
f 3356/552/2441 554/554/2441 3357/554/2441
f 3357/554/2441 554/554/2441 556/556/2441
f 3357/554/2441 556/556/2441 3358/556/2441
f 3358/556/2441 556/556/2441 558/558/2441
f 3358/556/2441 558/558/2441 3359/558/2441
f 3359/558/1165 558/558/1165 560/560/1165
f 3359/558/1165 560/560/1165 3360/560/1165
f 3360/560/1165 560/560/1165 562/562/1165
f 3360/560/1165 562/562/1165 3361/562/1165
f 3361/562/2442 562/562/2442 564/564/2442
f 3361/562/2442 564/564/2442 3362/564/2442
f 3362/564/2442 564/564/2442 566/566/2442
f 3362/564/2442 566/566/2442 3363/566/2442
f 3363/566/2442 566/566/2442 568/568/2442
f 3363/566/2442 568/568/2442 3364/568/2442
f 3364/568/2442 568/568/2442 570/570/2442
f 3364/568/2442 570/570/2442 3365/570/2442
f 3365/570/2443 570/570/2443 572/572/2443
f 3365/570/2443 572/572/2443 3366/572/2443
f 3366/572/2443 572/572/2443 574/574/2443
f 3366/572/2443 574/574/2443 3367/574/2443
f 3367/574/2444 574/574/2444 576/576/2444
f 3367/574/2444 576/576/2444 3368/576/2444
f 3368/576/2444 576/576/2444 578/578/2444
f 3368/576/2444 578/578/2444 3369/578/2444
f 3369/578/2444 578/578/2444 580/580/2444
f 3369/578/2444 580/580/2444 3370/580/2444
f 3370/580/2445 580/580/2445 582/582/2445
f 3370/580/2445 582/582/2445 3371/582/2445
f 3371/582/2445 582/582/2445 584/584/2445
f 3371/582/2445 584/584/2445 3372/584/2445
f 3372/584/2446 584/584/2446 586/586/2446
f 3372/584/2446 586/586/2446 3373/586/2446
f 3373/586/2446 586/586/2446 588/588/2446
f 3373/586/2446 588/588/2446 3374/588/2446
f 3374/588/2446 588/588/2446 590/590/2446
f 3374/588/2446 590/590/2446 3375/590/2446
f 3375/590/2446 590/590/2446 592/592/2446
f 3375/590/2446 592/592/2446 3376/592/2446
f 3376/592/2447 592/592/2447 594/594/2447
f 3376/592/2447 594/594/2447 3377/594/2447
f 3377/594/2447 594/594/2447 596/596/2447
f 3377/594/2447 596/596/2447 3378/596/2447
f 3378/596/2447 596/596/2447 598/598/2447
f 3378/596/2447 598/598/2447 3379/598/2447
f 3379/598/1174 598/598/1174 600/600/1174
f 3379/598/1174 600/600/1174 3380/600/1174
f 3380/600/1174 600/600/1174 602/602/1174
f 3380/600/1174 602/602/1174 3381/602/1174
f 3381/602/2448 602/602/2448 604/604/2448
f 3381/602/2448 604/604/2448 3382/604/2448
f 3382/604/2448 604/604/2448 606/606/2448
f 3382/604/2448 606/606/2448 3383/606/2448
f 3383/606/2448 606/606/2448 608/608/2448
f 3383/606/2448 608/608/2448 3384/608/2448
f 3384/608/2449 608/608/2449 610/610/2449
f 3384/608/2449 610/610/2449 3385/610/2449
f 3385/610/2449 610/610/2449 612/612/2449
f 3385/610/2449 612/612/2449 3386/612/2449
f 3386/612/2450 612/612/2450 614/614/2450
f 3386/612/2450 614/614/2450 3387/614/2450
f 3387/614/2450 614/614/2450 616/616/2450
f 3387/614/2450 616/616/2450 3388/616/2450
f 3388/616/2451 616/616/2451 618/618/2451
f 3388/616/2451 618/618/2451 3389/618/2451
f 3389/618/2451 618/618/2451 620/620/2451
f 3389/618/2451 620/620/2451 3390/620/2451
f 3390/620/2451 620/620/2451 622/622/2451
f 3390/620/2451 622/622/2451 3391/622/2451
f 3391/622/2451 622/622/2451 624/624/2451
f 3391/622/2451 624/624/2451 3392/624/2451
f 3392/624/2451 624/624/2451 626/626/2451
f 3392/624/2451 626/626/2451 3393/626/2451
f 3393/626/2451 626/626/2451 628/628/2451
f 3393/626/2451 628/628/2451 3394/628/2451
f 3394/628/2451 628/628/2451 630/630/2451
f 3394/628/2451 630/630/2451 3395/630/2451
f 3395/630/2451 630/630/2451 632/632/2451
f 3395/630/2451 632/632/2451 3396/632/2451
f 3396/632/2451 632/632/2451 634/634/2451
f 3396/632/2451 634/634/2451 3397/634/2451
f 3397/634/2451 634/634/2451 636/636/2451
f 3397/634/2451 636/636/2451 3398/636/2451
f 3398/636/2451 636/636/2451 638/638/2451
f 3398/636/2451 638/638/2451 3399/638/2451
f 3399/638/2451 638/638/2451 640/640/2451
f 3399/638/2451 640/640/2451 3400/640/2451
f 3400/640/2451 640/640/2451 642/642/2451
f 3400/640/2451 642/642/2451 3401/642/2451
f 3401/642/2451 642/642/2451 644/644/2451
f 3401/642/2451 644/644/2451 3402/644/2451
f 3402/644/2451 644/644/2451 646/646/2451
f 3402/644/2451 646/646/2451 3403/646/2451
f 3403/646/2451 646/646/2451 648/648/2451
f 3403/646/2451 648/648/2451 3404/648/2451
f 3404/648/2451 648/648/2451 650/650/2451
f 3404/648/2451 650/650/2451 3405/650/2451
f 3405/650/2451 650/650/2451 652/652/2451
f 3405/650/2451 652/652/2451 3406/652/2451
f 3406/652/2451 652/652/2451 654/654/2451
f 3406/652/2451 654/654/2451 3407/654/2451
f 3407/654/2451 654/654/2451 656/656/2451
f 3407/654/2451 656/656/2451 3408/656/2451
f 3408/656/2451 656/656/2451 658/658/2451
f 3408/656/2451 658/658/2451 3409/658/2451
f 3409/658/2451 658/658/2451 660/660/2451
f 3409/658/2451 660/660/2451 3410/660/2451
f 3410/660/2451 660/660/2451 662/662/2451
f 3410/660/2451 662/662/2451 3411/662/2451
f 3411/662/2451 662/662/2451 664/664/2451
f 3411/662/2451 664/664/2451 3412/664/2451
f 3412/664/2451 664/664/2451 666/666/2451
f 3412/664/2451 666/666/2451 3413/666/2451
f 3413/666/2451 666/666/2451 668/668/2451
f 3413/666/2451 668/668/2451 3414/668/2451
f 3414/668/2451 668/668/2451 670/670/2451
f 3414/668/2451 670/670/2451 3415/670/2451
f 3415/670/2451 670/670/2451 672/672/2451
f 3415/670/2451 672/672/2451 3416/672/2451
f 3416/672/2451 672/672/2451 674/674/2451
f 3416/672/2451 674/674/2451 3417/674/2451
f 3417/674/2451 674/674/2451 676/676/2451
f 3417/674/2451 676/676/2451 3418/676/2451
f 3418/676/2451 676/676/2451 678/678/2451
f 3418/676/2451 678/678/2451 3419/678/2451
f 3419/678/2451 678/678/2451 680/680/2451
f 3419/678/2451 680/680/2451 3420/680/2451
f 3420/680/2451 680/680/2451 682/682/2451
f 3420/680/2451 682/682/2451 3421/682/2451
f 3421/682/2451 682/682/2451 684/684/2451
f 3421/682/2451 684/684/2451 3422/684/2451
f 3422/684/2451 684/684/2451 686/686/2451
f 3422/684/2451 686/686/2451 3423/686/2451
f 3423/686/2451 686/686/2451 688/688/2451
f 3423/686/2451 688/688/2451 3424/688/2451
f 3424/688/2451 688/688/2451 690/690/2451
f 3424/688/2451 690/690/2451 3425/690/2451
f 3425/690/2451 690/690/2451 692/692/2451
f 3425/690/2451 692/692/2451 3426/692/2451
f 3426/692/2451 692/692/2451 694/694/2451
f 3426/692/2451 694/694/2451 3427/694/2451
f 3427/694/2451 694/694/2451 696/696/2451
f 3427/694/2451 696/696/2451 3428/696/2451
f 3428/696/2451 696/696/2451 698/698/2451
f 3428/696/2451 698/698/2451 3429/698/2451
f 3429/698/2451 698/698/2451 700/700/2451
f 3429/698/2451 700/700/2451 3430/700/2451
f 3430/700/2451 700/700/2451 702/702/2451
f 3430/700/2451 702/702/2451 3431/702/2451
f 3431/702/2451 702/702/2451 704/704/2451
f 3431/702/2451 704/704/2451 3432/704/2451
f 3432/704/2451 704/704/2451 706/706/2451
f 3432/704/2451 706/706/2451 3433/706/2451
f 3433/706/2451 706/706/2451 708/708/2451
f 3433/706/2451 708/708/2451 3434/708/2451
f 3434/708/2451 708/708/2451 710/710/2451
f 3434/708/2451 710/710/2451 3435/710/2451
f 3435/710/2451 710/710/2451 712/712/2451
f 3435/710/2451 712/712/2451 3436/712/2451
f 3436/712/2451 712/712/2451 714/714/2451
f 3436/712/2451 714/714/2451 3437/714/2451
f 3437/714/2451 714/714/2451 716/716/2451
f 3437/714/2451 716/716/2451 3438/716/2451
f 3438/716/2451 716/716/2451 718/718/2451
f 3438/716/2451 718/718/2451 3439/718/2451
f 3439/718/2451 718/718/2451 720/720/2451
f 3439/718/2451 720/720/2451 3440/720/2451
f 3440/720/2451 720/720/2451 722/722/2451
f 3440/720/2451 722/722/2451 3441/722/2451
f 3441/722/2451 722/722/2451 724/724/2451
f 3441/722/2451 724/724/2451 3442/724/2451
f 3442/724/2452 724/724/2452 726/726/2452
f 3442/724/2452 726/726/2452 3443/726/2452
f 3443/726/2452 726/726/2452 728/728/2452
f 3443/726/2452 728/728/2452 3444/728/2452
f 3444/728/2453 728/728/2453 730/730/2453
f 3444/728/2453 730/730/2453 3445/730/2453
f 3445/730/2453 730/730/2453 732/732/2453
f 3445/730/2453 732/732/2453 3446/732/2453
f 3446/732/2454 732/732/2454 734/734/2454
f 3446/732/2454 734/734/2454 3447/734/2454
f 3447/734/2454 734/734/2454 736/736/2454
f 3447/734/2454 736/736/2454 3448/736/2454
f 3448/736/2454 736/736/2454 738/738/2454
f 3448/736/2454 738/738/2454 3449/738/2454
f 3449/738/1183 738/738/1183 740/740/1183
f 3449/738/1183 740/740/1183 3450/740/1183
f 3450/740/1183 740/740/1183 742/742/1183
f 3450/740/1183 742/742/1183 3451/742/1183
f 3451/742/2455 742/742/2455 744/744/2455
f 3451/742/2455 744/744/2455 3452/744/2455
f 3452/744/2455 744/744/2455 746/746/2455
f 3452/744/2455 746/746/2455 3453/746/2455
f 3453/746/2455 746/746/2455 748/748/2455
f 3453/746/2455 748/748/2455 3454/748/2455
f 3454/748/2456 748/748/2456 750/750/2456
f 3454/748/2456 750/750/2456 3455/750/2456
f 3455/750/2456 750/750/2456 752/752/2456
f 3455/750/2456 752/752/2456 3456/752/2456
f 3456/752/2456 752/752/2456 754/754/2456
f 3456/752/2456 754/754/2456 3457/754/2456
f 3457/754/2456 754/754/2456 756/756/2456
f 3457/754/2456 756/756/2456 3458/756/2456
f 3458/756/2457 756/756/2457 758/758/2457
f 3458/756/2457 758/758/2457 3459/758/2457
f 3459/758/2458 758/758/2458 760/760/2458
f 3459/758/2458 760/760/2458 3460/760/2458
f 3460/760/2459 760/760/2459 762/762/2459
f 3460/760/2459 762/762/2459 3461/762/2459
f 3461/762/2459 762/762/2459 764/764/2459
f 3461/762/2459 764/764/2459 3462/764/2459
f 3462/764/2459 764/764/2459 766/766/2459
f 3462/764/2459 766/766/2459 3463/766/2459
f 3463/766/2460 766/766/2460 768/768/2460
f 3463/766/2460 768/768/2460 3464/768/2460
f 3464/768/2460 768/768/2460 770/770/2460
f 3464/768/2460 770/770/2460 3465/770/2460
f 3465/770/2461 770/770/2461 772/772/2461
f 3465/770/2461 772/772/2461 3466/772/2461
f 3466/772/2461 772/772/2461 774/774/2461
f 3466/772/2461 774/774/2461 3467/774/2461
f 3467/774/2461 774/774/2461 776/776/2461
f 3467/774/2461 776/776/2461 3468/776/2461
f 3468/776/2461 776/776/2461 778/778/2461
f 3468/776/2461 778/778/2461 3469/778/2461
f 3469/778/1192 778/778/1192 780/780/1192
f 3469/778/1192 780/780/1192 3470/780/1192
f 3470/780/1192 780/780/1192 782/782/1192
f 3470/780/1192 782/782/1192 3471/782/1192
f 3471/782/2462 782/782/2462 784/784/2462
f 3471/782/2462 784/784/2462 3472/784/2462
f 3472/784/2462 784/784/2462 786/786/2462
f 3472/784/2462 786/786/2462 3473/786/2462
f 3473/786/2462 786/786/2462 788/788/2462
f 3473/786/2462 788/788/2462 3474/788/2462
f 3474/788/2462 788/788/2462 790/790/2462
f 3474/788/2462 790/790/2462 3475/790/2462
f 3475/790/2463 790/790/2463 792/792/2463
f 3475/790/2463 792/792/2463 3476/792/2463
f 3476/792/2463 792/792/2463 794/794/2463
f 3476/792/2463 794/794/2463 3477/794/2463
f 3477/794/2464 794/794/2464 796/796/2464
f 3477/794/2464 796/796/2464 3478/796/2464
f 3478/796/2464 796/796/2464 798/798/2464
f 3478/796/2464 798/798/2464 3479/798/2464
f 3479/798/2464 798/798/2464 800/800/2464
f 3479/798/2464 800/800/2464 3480/800/2464
f 3480/800/2465 800/800/2465 802/802/2465
f 3480/800/2465 802/802/2465 3481/802/2465
f 3481/802/2465 802/802/2465 804/804/2465
f 3481/802/2465 804/804/2465 3482/804/2465
f 3482/804/2465 804/804/2465 806/806/2465
f 3482/804/2465 806/806/2465 3483/806/2465
f 3483/806/2466 806/806/2466 808/808/2466
f 3483/806/2466 808/808/2466 3484/808/2466
f 3484/808/2466 808/808/2466 810/810/2466
f 3484/808/2466 810/810/2466 3485/810/2466
f 3485/810/2467 810/810/2467 812/812/2467
f 3485/810/2467 812/812/2467 3486/812/2467
f 3486/812/2467 812/812/2467 814/814/2467
f 3486/812/2467 814/814/2467 3487/814/2467
f 3487/814/2467 814/814/2467 816/816/2467
f 3487/814/2467 816/816/2467 3488/816/2467
f 3488/816/1201 816/816/1201 818/818/1201
f 3488/816/1201 818/818/1201 3489/818/1201
f 3489/818/1201 818/818/1201 820/820/1201
f 3489/818/1201 820/820/1201 3490/820/1201
f 3490/820/1201 820/820/1201 822/822/1201
f 3490/820/1201 822/822/1201 3491/822/1201
f 3491/822/2468 822/822/2468 824/824/2468
f 3491/822/2468 824/824/2468 3492/824/2468
f 3492/824/2468 824/824/2468 826/826/2468
f 3492/824/2468 826/826/2468 3493/826/2468
f 3493/826/2468 826/826/2468 828/828/2468
f 3493/826/2468 828/828/2468 3494/828/2468
f 3494/828/2468 828/828/2468 830/830/2468
f 3494/828/2468 830/830/2468 3495/830/2468
f 3495/830/2469 830/830/2469 832/832/2469
f 3495/830/2469 832/832/2469 3496/832/2469
f 3496/832/2392 832/832/2392 834/834/2392
f 3496/832/2392 834/834/2392 3497/834/2392
f 3497/834/2392 834/834/2392 836/836/2392
f 3497/834/2392 836/836/2392 3498/836/2392
f 3498/836/2392 836/836/2392 838/838/2392
f 3498/836/2392 838/838/2392 3499/838/2392
f 3499/838/2392 838/838/2392 840/840/2392
f 3499/838/2392 840/840/2392 3500/840/2392
f 3500/840/2392 840/840/2392 842/842/2392
f 3500/840/2392 842/842/2392 3501/842/2392
f 3501/842/2392 842/842/2392 844/844/2392
f 3501/842/2392 844/844/2392 3502/844/2392
f 3502/844/2392 844/844/2392 846/846/2392
f 3502/844/2392 846/846/2392 3503/846/2392
f 3503/846/2392 846/846/2392 848/848/2392
f 3503/846/2392 848/848/2392 3504/848/2392
f 3504/848/2392 848/848/2392 850/850/2392
f 3504/848/2392 850/850/2392 3505/850/2392
f 3505/850/2392 850/850/2392 852/852/2392
f 3505/850/2392 852/852/2392 3506/852/2392
f 3506/852/2392 852/852/2392 854/854/2392
f 3506/852/2392 854/854/2392 3507/854/2392
f 3507/854/2392 854/854/2392 856/856/2392
f 3507/854/2392 856/856/2392 3508/856/2392
f 3508/856/2392 856/856/2392 858/858/2392
f 3508/856/2392 858/858/2392 3509/858/2392
f 3509/858/2392 858/858/2392 860/860/2392
f 3509/858/2392 860/860/2392 3510/860/2392
f 3510/860/2392 860/860/2392 862/862/2392
f 3510/860/2392 862/862/2392 3511/862/2392
f 3511/862/2392 862/862/2392 864/864/2392
f 3511/862/2392 864/864/2392 3512/864/2392
f 3512/864/2392 864/864/2392 866/866/2392
f 3512/864/2392 866/866/2392 3513/866/2392
f 3513/866/2392 866/866/2392 868/868/2392
f 3513/866/2392 868/868/2392 3514/868/2392
f 3514/868/2392 868/868/2392 870/870/2392
f 3514/868/2392 870/870/2392 3515/870/2392
f 3515/870/2392 870/870/2392 872/872/2392
f 3515/870/2392 872/872/2392 3516/872/2392
f 3516/872/2392 872/872/2392 874/874/2392
f 3516/872/2392 874/874/2392 3517/874/2392
f 3517/874/2392 874/874/2392 876/876/2392
f 3517/874/2392 876/876/2392 3518/876/2392
f 3518/876/2392 876/876/2392 878/878/2392
f 3518/876/2392 878/878/2392 3519/878/2392
f 3519/878/2392 878/878/2392 880/880/2392
f 3519/878/2392 880/880/2392 3520/880/2392
f 3520/880/2392 880/880/2392 1/1/2392
f 3520/880/2392 1/1/2392 3081/1/2392
g rounded_u_shackle
f 3521/1761/2392 3522/1762/2470 3523/1763/2471
f 3521/1761/2392 3523/1763/2471 3524/1764/2472
f 3522/1762/2470 3525/1765/1 3526/1766/2473
f 3522/1762/2470 3526/1766/2473 3523/1763/2471
f 3525/1765/1 3527/1767/2474 3528/1768/2475
f 3525/1765/1 3528/1768/2475 3526/1766/2473
f 3527/1767/2474 3529/1769/278 3530/1770/278
f 3527/1767/2474 3530/1770/278 3528/1768/2475
f 3529/1769/278 3531/1771/2476 3532/1772/2477
f 3529/1769/278 3532/1772/2477 3530/1770/278
f 3531/1771/2476 3533/1773/140 3534/1774/2478
f 3531/1771/2476 3534/1774/2478 3532/1772/2477
f 3533/1773/140 3535/1775/2479 3536/1776/2480
f 3533/1773/140 3536/1776/2480 3534/1774/2478
f 3535/1775/2479 3537/670/2432 3538/1777/2481
f 3535/1775/2479 3538/1777/2481 3536/1776/2480
f 3537/670/2432 3539/1778/2482 3540/1779/2483
f 3537/670/2432 3540/1779/2483 3538/1777/2481
f 3539/1778/2482 3541/1780/2254 3542/1781/2484
f 3539/1778/2482 3542/1781/2484 3540/1779/2483
f 3541/1780/2254 3543/1782/2485 3544/1783/2486
f 3541/1780/2254 3544/1783/2486 3542/1781/2484
f 3543/1782/2485 3545/1784/2114 3546/1785/2114
f 3543/1782/2485 3546/1785/2114 3544/1783/2486
f 3545/1784/2114 3547/1786/2487 3548/1787/2488
f 3545/1784/2114 3548/1787/2488 3546/1785/2114
f 3547/1786/2487 3549/1788/2115 3550/1789/2489
f 3547/1786/2487 3550/1789/2489 3548/1787/2488
f 3549/1788/2115 3551/1790/2490 3552/1791/2491
f 3549/1788/2115 3552/1791/2491 3550/1789/2489
f 3551/1790/2490 3521/1792/2392 3524/1793/2472
f 3551/1790/2490 3524/1793/2472 3552/1791/2491
f 3524/1764/2472 3523/1763/2471 3553/1794/2492
f 3524/1764/2472 3553/1794/2492 3554/1795/2493
f 3523/1763/2471 3526/1766/2473 3555/1796/2494
f 3523/1763/2471 3555/1796/2494 3553/1794/2492
f 3526/1766/2473 3528/1768/2475 3556/1797/2495
f 3526/1766/2473 3556/1797/2495 3555/1796/2494
f 3528/1768/2475 3530/1770/278 3557/1798/278
f 3528/1768/2475 3557/1798/278 3556/1797/2495
f 3530/1770/278 3532/1772/2477 3558/1799/2496
f 3530/1770/278 3558/1799/2496 3557/1798/278
f 3532/1772/2477 3534/1774/2478 3559/1800/2497
f 3532/1772/2477 3559/1800/2497 3558/1799/2496
f 3534/1774/2478 3536/1776/2480 3560/1801/2498
f 3534/1774/2478 3560/1801/2498 3559/1800/2497
f 3536/1776/2480 3538/1777/2481 3561/1802/2499
f 3536/1776/2480 3561/1802/2499 3560/1801/2498
f 3538/1777/2481 3540/1779/2483 3562/1803/2500
f 3538/1777/2481 3562/1803/2500 3561/1802/2499
f 3540/1779/2483 3542/1781/2484 3563/1804/2501
f 3540/1779/2483 3563/1804/2501 3562/1803/2500
f 3542/1781/2484 3544/1783/2486 3564/1805/2502
f 3542/1781/2484 3564/1805/2502 3563/1804/2501
f 3544/1783/2486 3546/1785/2114 3565/1806/2114
f 3544/1783/2486 3565/1806/2114 3564/1805/2502
f 3546/1785/2114 3548/1787/2488 3566/1807/2503
f 3546/1785/2114 3566/1807/2503 3565/1806/2114
f 3548/1787/2488 3550/1789/2489 3567/1808/2504
f 3548/1787/2488 3567/1808/2504 3566/1807/2503
f 3550/1789/2489 3552/1791/2491 3568/1809/2505
f 3550/1789/2489 3568/1809/2505 3567/1808/2504
f 3552/1791/2491 3524/1793/2472 3554/1810/2493
f 3552/1791/2491 3554/1810/2493 3568/1809/2505
f 3554/1795/2493 3553/1794/2492 3569/1811/2506
f 3554/1795/2493 3569/1811/2506 3570/1812/2507
f 3553/1794/2492 3555/1796/2494 3571/1813/2508
f 3553/1794/2492 3571/1813/2508 3569/1811/2506
f 3555/1796/2494 3556/1797/2495 3572/1814/2509
f 3555/1796/2494 3572/1814/2509 3571/1813/2508
f 3556/1797/2495 3557/1798/278 3573/1815/278
f 3556/1797/2495 3573/1815/278 3572/1814/2509
f 3557/1798/278 3558/1799/2496 3574/1816/2510
f 3557/1798/278 3574/1816/2510 3573/1815/278
f 3558/1799/2496 3559/1800/2497 3575/1817/2511
f 3558/1799/2496 3575/1817/2511 3574/1816/2510
f 3559/1800/2497 3560/1801/2498 3576/1818/2512
f 3559/1800/2497 3576/1818/2512 3575/1817/2511
f 3560/1801/2498 3561/1802/2499 3577/1819/2513
f 3560/1801/2498 3577/1819/2513 3576/1818/2512
f 3561/1802/2499 3562/1803/2500 3578/1820/2514
f 3561/1802/2499 3578/1820/2514 3577/1819/2513
f 3562/1803/2500 3563/1804/2501 3579/1821/2515
f 3562/1803/2500 3579/1821/2515 3578/1820/2514
f 3563/1804/2501 3564/1805/2502 3580/1822/2516
f 3563/1804/2501 3580/1822/2516 3579/1821/2515
f 3564/1805/2502 3565/1806/2114 3581/1823/2114
f 3564/1805/2502 3581/1823/2114 3580/1822/2516
f 3565/1806/2114 3566/1807/2503 3582/1824/2517
f 3565/1806/2114 3582/1824/2517 3581/1823/2114
f 3566/1807/2503 3567/1808/2504 3583/1825/2518
f 3566/1807/2503 3583/1825/2518 3582/1824/2517
f 3567/1808/2504 3568/1809/2505 3584/1826/2519
f 3567/1808/2504 3584/1826/2519 3583/1825/2518
f 3568/1809/2505 3554/1810/2493 3570/1827/2507
f 3568/1809/2505 3570/1827/2507 3584/1826/2519
f 3570/1812/2507 3569/1811/2506 3585/1828/2520
f 3570/1812/2507 3585/1828/2520 3586/1829/1201
f 3569/1811/2506 3571/1813/2508 3587/1830/2521
f 3569/1811/2506 3587/1830/2521 3585/1828/2520
f 3571/1813/2508 3572/1814/2509 3588/1831/2522
f 3571/1813/2508 3588/1831/2522 3587/1830/2521
f 3572/1814/2509 3573/1815/278 3589/1832/278
f 3572/1814/2509 3589/1832/278 3588/1831/2522
f 3573/1815/278 3574/1816/2510 3590/1833/2523
f 3573/1815/278 3590/1833/2523 3589/1832/278
f 3574/1816/2510 3575/1817/2511 3591/1834/2524
f 3574/1816/2510 3591/1834/2524 3590/1833/2523
f 3575/1817/2511 3576/1818/2512 3592/1835/2525
f 3575/1817/2511 3592/1835/2525 3591/1834/2524
f 3576/1818/2512 3577/1819/2513 3593/1836/2429
f 3576/1818/2512 3593/1836/2429 3592/1835/2525
f 3577/1819/2513 3578/1820/2514 3594/1837/2526
f 3577/1819/2513 3594/1837/2526 3593/1836/2429
f 3578/1820/2514 3579/1821/2515 3595/1838/2527
f 3578/1820/2514 3595/1838/2527 3594/1837/2526
f 3579/1821/2515 3580/1822/2516 3596/1839/2528
f 3579/1821/2515 3596/1839/2528 3595/1838/2527
f 3580/1822/2516 3581/1823/2114 3597/1840/2114
f 3580/1822/2516 3597/1840/2114 3596/1839/2528
f 3581/1823/2114 3582/1824/2517 3598/1841/2529
f 3581/1823/2114 3598/1841/2529 3597/1840/2114
f 3582/1824/2517 3583/1825/2518 3599/1842/2530
f 3582/1824/2517 3599/1842/2530 3598/1841/2529
f 3583/1825/2518 3584/1826/2519 3600/1843/2531
f 3583/1825/2518 3600/1843/2531 3599/1842/2530
f 3584/1826/2519 3570/1827/2507 3586/1844/1201
f 3584/1826/2519 3586/1844/1201 3600/1843/2531
f 3586/1829/1201 3585/1828/2520 3601/1845/2532
f 3586/1829/1201 3601/1845/2532 3602/1846/2533
f 3585/1828/2520 3587/1830/2521 3603/1847/2534
f 3585/1828/2520 3603/1847/2534 3601/1845/2532
f 3587/1830/2521 3588/1831/2522 3604/1848/2535
f 3587/1830/2521 3604/1848/2535 3603/1847/2534
f 3588/1831/2522 3589/1832/278 3605/1849/278
f 3588/1831/2522 3605/1849/278 3604/1848/2535
f 3589/1832/278 3590/1833/2523 3606/1850/2536
f 3589/1832/278 3606/1850/2536 3605/1849/278
f 3590/1833/2523 3591/1834/2524 3607/1851/2537
f 3590/1833/2523 3607/1851/2537 3606/1850/2536
f 3591/1834/2524 3592/1835/2525 3608/1852/2538
f 3591/1834/2524 3608/1852/2538 3607/1851/2537
f 3592/1835/2525 3593/1836/2429 3609/1853/2539
f 3592/1835/2525 3609/1853/2539 3608/1852/2538
f 3593/1836/2429 3594/1837/2526 3610/1854/2540
f 3593/1836/2429 3610/1854/2540 3609/1853/2539
f 3594/1837/2526 3595/1838/2527 3611/1855/2541
f 3594/1837/2526 3611/1855/2541 3610/1854/2540
f 3595/1838/2527 3596/1839/2528 3612/1856/2542
f 3595/1838/2527 3612/1856/2542 3611/1855/2541
f 3596/1839/2528 3597/1840/2114 3613/1857/2114
f 3596/1839/2528 3613/1857/2114 3612/1856/2542
f 3597/1840/2114 3598/1841/2529 3614/1858/2543
f 3597/1840/2114 3614/1858/2543 3613/1857/2114
f 3598/1841/2529 3599/1842/2530 3615/1859/2544
f 3598/1841/2529 3615/1859/2544 3614/1858/2543
f 3599/1842/2530 3600/1843/2531 3616/1860/2545
f 3599/1842/2530 3616/1860/2545 3615/1859/2544
f 3600/1843/2531 3586/1844/1201 3602/1861/2533
f 3600/1843/2531 3602/1861/2533 3616/1860/2545
f 3602/1846/2533 3601/1845/2532 3617/1862/2546
f 3602/1846/2533 3617/1862/2546 3618/1863/2547
f 3601/1845/2532 3603/1847/2534 3619/1864/2548
f 3601/1845/2532 3619/1864/2548 3617/1862/2546
f 3603/1847/2534 3604/1848/2535 3620/1865/2549
f 3603/1847/2534 3620/1865/2549 3619/1864/2548
f 3604/1848/2535 3605/1849/278 3621/1866/278
f 3604/1848/2535 3621/1866/278 3620/1865/2549
f 3605/1849/278 3606/1850/2536 3622/1867/2550
f 3605/1849/278 3622/1867/2550 3621/1866/278
f 3606/1850/2536 3607/1851/2537 3623/1868/2551
f 3606/1850/2536 3623/1868/2551 3622/1867/2550
f 3607/1851/2537 3608/1852/2538 3624/1869/2552
f 3607/1851/2537 3624/1869/2552 3623/1868/2551
f 3608/1852/2538 3609/1853/2539 3625/1870/2553
f 3608/1852/2538 3625/1870/2553 3624/1869/2552
f 3609/1853/2539 3610/1854/2540 3626/1871/2554
f 3609/1853/2539 3626/1871/2554 3625/1870/2553
f 3610/1854/2540 3611/1855/2541 3627/1872/2555
f 3610/1854/2540 3627/1872/2555 3626/1871/2554
f 3611/1855/2541 3612/1856/2542 3628/1873/2556
f 3611/1855/2541 3628/1873/2556 3627/1872/2555
f 3612/1856/2542 3613/1857/2114 3629/1874/2114
f 3612/1856/2542 3629/1874/2114 3628/1873/2556
f 3613/1857/2114 3614/1858/2543 3630/1875/2557
f 3613/1857/2114 3630/1875/2557 3629/1874/2114
f 3614/1858/2543 3615/1859/2544 3631/1876/2558
f 3614/1858/2543 3631/1876/2558 3630/1875/2557
f 3615/1859/2544 3616/1860/2545 3632/1877/2559
f 3615/1859/2544 3632/1877/2559 3631/1876/2558
f 3616/1860/2545 3602/1861/2533 3618/1878/2547
f 3616/1860/2545 3618/1878/2547 3632/1877/2559
f 3618/1863/2547 3617/1862/2546 3633/1879/2560
f 3618/1863/2547 3633/1879/2560 3634/1880/2561
f 3617/1862/2546 3619/1864/2548 3635/1881/2562
f 3617/1862/2546 3635/1881/2562 3633/1879/2560
f 3619/1864/2548 3620/1865/2549 3636/1882/2563
f 3619/1864/2548 3636/1882/2563 3635/1881/2562
f 3620/1865/2549 3621/1866/278 3637/1883/278
f 3620/1865/2549 3637/1883/278 3636/1882/2563
f 3621/1866/278 3622/1867/2550 3638/1884/2564
f 3621/1866/278 3638/1884/2564 3637/1883/278
f 3622/1867/2550 3623/1868/2551 3639/1885/2565
f 3622/1867/2550 3639/1885/2565 3638/1884/2564
f 3623/1868/2551 3624/1869/2552 3640/1886/2566
f 3623/1868/2551 3640/1886/2566 3639/1885/2565
f 3624/1869/2552 3625/1870/2553 3641/1887/2567
f 3624/1869/2552 3641/1887/2567 3640/1886/2566
f 3625/1870/2553 3626/1871/2554 3642/1888/2568
f 3625/1870/2553 3642/1888/2568 3641/1887/2567
f 3626/1871/2554 3627/1872/2555 3643/1889/2569
f 3626/1871/2554 3643/1889/2569 3642/1888/2568
f 3627/1872/2555 3628/1873/2556 3644/1890/2570
f 3627/1872/2555 3644/1890/2570 3643/1889/2569
f 3628/1873/2556 3629/1874/2114 3645/1891/2114
f 3628/1873/2556 3645/1891/2114 3644/1890/2570
f 3629/1874/2114 3630/1875/2557 3646/1892/2571
f 3629/1874/2114 3646/1892/2571 3645/1891/2114
f 3630/1875/2557 3631/1876/2558 3647/1893/2572
f 3630/1875/2557 3647/1893/2572 3646/1892/2571
f 3631/1876/2558 3632/1877/2559 3648/1894/2573
f 3631/1876/2558 3648/1894/2573 3647/1893/2572
f 3632/1877/2559 3618/1878/2547 3634/1895/2561
f 3632/1877/2559 3634/1895/2561 3648/1894/2573
f 3634/1880/2561 3633/1879/2560 3649/1896/2574
f 3634/1880/2561 3649/1896/2574 3650/1897/2575
f 3633/1879/2560 3635/1881/2562 3651/1898/2576
f 3633/1879/2560 3651/1898/2576 3649/1896/2574
f 3635/1881/2562 3636/1882/2563 3652/1899/2577
f 3635/1881/2562 3652/1899/2577 3651/1898/2576
f 3636/1882/2563 3637/1883/278 3653/1900/278
f 3636/1882/2563 3653/1900/278 3652/1899/2577
f 3637/1883/278 3638/1884/2564 3654/1901/2578
f 3637/1883/278 3654/1901/2578 3653/1900/278
f 3638/1884/2564 3639/1885/2565 3655/1902/2579
f 3638/1884/2564 3655/1902/2579 3654/1901/2578
f 3639/1885/2565 3640/1886/2566 3656/1903/2580
f 3639/1885/2565 3656/1903/2580 3655/1902/2579
f 3640/1886/2566 3641/1887/2567 3657/1904/2581
f 3640/1886/2566 3657/1904/2581 3656/1903/2580
f 3641/1887/2567 3642/1888/2568 3658/1905/2582
f 3641/1887/2567 3658/1905/2582 3657/1904/2581
f 3642/1888/2568 3643/1889/2569 3659/1906/2583
f 3642/1888/2568 3659/1906/2583 3658/1905/2582
f 3643/1889/2569 3644/1890/2570 3660/1907/2584
f 3643/1889/2569 3660/1907/2584 3659/1906/2583
f 3644/1890/2570 3645/1891/2114 3661/1908/2114
f 3644/1890/2570 3661/1908/2114 3660/1907/2584
f 3645/1891/2114 3646/1892/2571 3662/1909/2585
f 3645/1891/2114 3662/1909/2585 3661/1908/2114
f 3646/1892/2571 3647/1893/2572 3663/1910/2586
f 3646/1892/2571 3663/1910/2586 3662/1909/2585
f 3647/1893/2572 3648/1894/2573 3664/1911/2587
f 3647/1893/2572 3664/1911/2587 3663/1910/2586
f 3648/1894/2573 3634/1895/2561 3650/1912/2575
f 3648/1894/2573 3650/1912/2575 3664/1911/2587
f 3650/1897/2575 3649/1896/2574 3665/1913/2588
f 3650/1897/2575 3665/1913/2588 3666/1914/2589
f 3649/1896/2574 3651/1898/2576 3667/1915/2590
f 3649/1896/2574 3667/1915/2590 3665/1913/2588
f 3651/1898/2576 3652/1899/2577 3668/1916/2591
f 3651/1898/2576 3668/1916/2591 3667/1915/2590
f 3652/1899/2577 3653/1900/278 3669/1917/278
f 3652/1899/2577 3669/1917/278 3668/1916/2591
f 3653/1900/278 3654/1901/2578 3670/1918/2592
f 3653/1900/278 3670/1918/2592 3669/1917/278
f 3654/1901/2578 3655/1902/2579 3671/1919/2593
f 3654/1901/2578 3671/1919/2593 3670/1918/2592
f 3655/1902/2579 3656/1903/2580 3672/1920/2594
f 3655/1902/2579 3672/1920/2594 3671/1919/2593
f 3656/1903/2580 3657/1904/2581 3673/1921/2595
f 3656/1903/2580 3673/1921/2595 3672/1920/2594
f 3657/1904/2581 3658/1905/2582 3674/1922/2596
f 3657/1904/2581 3674/1922/2596 3673/1921/2595
f 3658/1905/2582 3659/1906/2583 3675/1923/2597
f 3658/1905/2582 3675/1923/2597 3674/1922/2596
f 3659/1906/2583 3660/1907/2584 3676/1924/2598
f 3659/1906/2583 3676/1924/2598 3675/1923/2597
f 3660/1907/2584 3661/1908/2114 3677/1925/2114
f 3660/1907/2584 3677/1925/2114 3676/1924/2598
f 3661/1908/2114 3662/1909/2585 3678/1926/2599
f 3661/1908/2114 3678/1926/2599 3677/1925/2114
f 3662/1909/2585 3663/1910/2586 3679/1927/2600
f 3662/1909/2585 3679/1927/2600 3678/1926/2599
f 3663/1910/2586 3664/1911/2587 3680/1928/2601
f 3663/1910/2586 3680/1928/2601 3679/1927/2600
f 3664/1911/2587 3650/1912/2575 3666/1929/2589
f 3664/1911/2587 3666/1929/2589 3680/1928/2601
f 3666/1914/2589 3665/1913/2588 3681/1930/2602
f 3666/1914/2589 3681/1930/2602 3682/1931/2463
f 3665/1913/2588 3667/1915/2590 3683/1932/2603
f 3665/1913/2588 3683/1932/2603 3681/1930/2602
f 3667/1915/2590 3668/1916/2591 3684/1933/2604
f 3667/1915/2590 3684/1933/2604 3683/1932/2603
f 3668/1916/2591 3669/1917/278 3685/1934/278
f 3668/1916/2591 3685/1934/278 3684/1933/2604
f 3669/1917/278 3670/1918/2592 3686/1935/2605
f 3669/1917/278 3686/1935/2605 3685/1934/278
f 3670/1918/2592 3671/1919/2593 3687/1936/2606
f 3670/1918/2592 3687/1936/2606 3686/1935/2605
f 3671/1919/2593 3672/1920/2594 3688/1937/2607
f 3671/1919/2593 3688/1937/2607 3687/1936/2606
f 3672/1920/2594 3673/1921/2595 3689/1938/2425
f 3672/1920/2594 3689/1938/2425 3688/1937/2607
f 3673/1921/2595 3674/1922/2596 3690/1939/2608
f 3673/1921/2595 3690/1939/2608 3689/1938/2425
f 3674/1922/2596 3675/1923/2597 3691/1940/2609
f 3674/1922/2596 3691/1940/2609 3690/1939/2608
f 3675/1923/2597 3676/1924/2598 3692/1941/2610
f 3675/1923/2597 3692/1941/2610 3691/1940/2609
f 3676/1924/2598 3677/1925/2114 3693/1942/2114
f 3676/1924/2598 3693/1942/2114 3692/1941/2610
f 3677/1925/2114 3678/1926/2599 3694/1943/2611
f 3677/1925/2114 3694/1943/2611 3693/1942/2114
f 3678/1926/2599 3679/1927/2600 3695/1944/2612
f 3678/1926/2599 3695/1944/2612 3694/1943/2611
f 3679/1927/2600 3680/1928/2601 3696/1945/2613
f 3679/1927/2600 3696/1945/2613 3695/1944/2612
f 3680/1928/2601 3666/1929/2589 3682/1946/2463
f 3680/1928/2601 3682/1946/2463 3696/1945/2613
f 3682/1931/2463 3681/1930/2602 3697/1947/2614
f 3682/1931/2463 3697/1947/2614 3698/1948/2615
f 3681/1930/2602 3683/1932/2603 3699/1949/2616
f 3681/1930/2602 3699/1949/2616 3697/1947/2614
f 3683/1932/2603 3684/1933/2604 3700/1950/2617
f 3683/1932/2603 3700/1950/2617 3699/1949/2616
f 3684/1933/2604 3685/1934/278 3701/1951/278
f 3684/1933/2604 3701/1951/278 3700/1950/2617
f 3685/1934/278 3686/1935/2605 3702/1952/2618
f 3685/1934/278 3702/1952/2618 3701/1951/278
f 3686/1935/2605 3687/1936/2606 3703/1953/2619
f 3686/1935/2605 3703/1953/2619 3702/1952/2618
f 3687/1936/2606 3688/1937/2607 3704/1954/2620
f 3687/1936/2606 3704/1954/2620 3703/1953/2619
f 3688/1937/2607 3689/1938/2425 3705/1955/2621
f 3688/1937/2607 3705/1955/2621 3704/1954/2620
f 3689/1938/2425 3690/1939/2608 3706/1956/2622
f 3689/1938/2425 3706/1956/2622 3705/1955/2621
f 3690/1939/2608 3691/1940/2609 3707/1957/2623
f 3690/1939/2608 3707/1957/2623 3706/1956/2622
f 3691/1940/2609 3692/1941/2610 3708/1958/2624
f 3691/1940/2609 3708/1958/2624 3707/1957/2623
f 3692/1941/2610 3693/1942/2114 3709/1959/2114
f 3692/1941/2610 3709/1959/2114 3708/1958/2624
f 3693/1942/2114 3694/1943/2611 3710/1960/2625
f 3693/1942/2114 3710/1960/2625 3709/1959/2114
f 3694/1943/2611 3695/1944/2612 3711/1961/2626
f 3694/1943/2611 3711/1961/2626 3710/1960/2625
f 3695/1944/2612 3696/1945/2613 3712/1962/2627
f 3695/1944/2612 3712/1962/2627 3711/1961/2626
f 3696/1945/2613 3682/1946/2463 3698/1963/2615
f 3696/1945/2613 3698/1963/2615 3712/1962/2627
f 3698/1948/2615 3697/1947/2614 3713/1964/2628
f 3698/1948/2615 3713/1964/2628 3714/1965/2629
f 3697/1947/2614 3699/1949/2616 3715/1966/2630
f 3697/1947/2614 3715/1966/2630 3713/1964/2628
f 3699/1949/2616 3700/1950/2617 3716/1967/2631
f 3699/1949/2616 3716/1967/2631 3715/1966/2630
f 3700/1950/2617 3701/1951/278 3717/1968/278
f 3700/1950/2617 3717/1968/278 3716/1967/2631
f 3701/1951/278 3702/1952/2618 3718/1969/2632
f 3701/1951/278 3718/1969/2632 3717/1968/278
f 3702/1952/2618 3703/1953/2619 3719/1970/2633
f 3702/1952/2618 3719/1970/2633 3718/1969/2632
f 3703/1953/2619 3704/1954/2620 3720/1971/2634
f 3703/1953/2619 3720/1971/2634 3719/1970/2633
f 3704/1954/2620 3705/1955/2621 3721/1972/1227
f 3704/1954/2620 3721/1972/1227 3720/1971/2634
f 3705/1955/2621 3706/1956/2622 3722/1973/2635
f 3705/1955/2621 3722/1973/2635 3721/1972/1227
f 3706/1956/2622 3707/1957/2623 3723/1974/2636
f 3706/1956/2622 3723/1974/2636 3722/1973/2635
f 3707/1957/2623 3708/1958/2624 3724/1975/2637
f 3707/1957/2623 3724/1975/2637 3723/1974/2636
f 3708/1958/2624 3709/1959/2114 3725/1976/2114
f 3708/1958/2624 3725/1976/2114 3724/1975/2637
f 3709/1959/2114 3710/1960/2625 3726/1977/2638
f 3709/1959/2114 3726/1977/2638 3725/1976/2114
f 3710/1960/2625 3711/1961/2626 3727/1978/2639
f 3710/1960/2625 3727/1978/2639 3726/1977/2638
f 3711/1961/2626 3712/1962/2627 3728/1979/2640
f 3711/1961/2626 3728/1979/2640 3727/1978/2639
f 3712/1962/2627 3698/1963/2615 3714/1980/2629
f 3712/1962/2627 3714/1980/2629 3728/1979/2640
f 3714/1965/2629 3713/1964/2628 3729/1981/2641
f 3714/1965/2629 3729/1981/2641 3730/1982/2642
f 3713/1964/2628 3715/1966/2630 3731/1983/2643
f 3713/1964/2628 3731/1983/2643 3729/1981/2641
f 3715/1966/2630 3716/1967/2631 3732/1984/2644
f 3715/1966/2630 3732/1984/2644 3731/1983/2643
f 3716/1967/2631 3717/1968/278 3733/1985/278
f 3716/1967/2631 3733/1985/278 3732/1984/2644
f 3717/1968/278 3718/1969/2632 3734/1986/2645
f 3717/1968/278 3734/1986/2645 3733/1985/278
f 3718/1969/2632 3719/1970/2633 3735/1987/2646
f 3718/1969/2632 3735/1987/2646 3734/1986/2645
f 3719/1970/2633 3720/1971/2634 3736/1988/2647
f 3719/1970/2633 3736/1988/2647 3735/1987/2646
f 3720/1971/2634 3721/1972/1227 3737/1989/2648
f 3720/1971/2634 3737/1989/2648 3736/1988/2647
f 3721/1972/1227 3722/1973/2635 3738/1990/2649
f 3721/1972/1227 3738/1990/2649 3737/1989/2648
f 3722/1973/2635 3723/1974/2636 3739/1991/2650
f 3722/1973/2635 3739/1991/2650 3738/1990/2649
f 3723/1974/2636 3724/1975/2637 3740/1992/2651
f 3723/1974/2636 3740/1992/2651 3739/1991/2650
f 3724/1975/2637 3725/1976/2114 3741/1993/2114
f 3724/1975/2637 3741/1993/2114 3740/1992/2651
f 3725/1976/2114 3726/1977/2638 3742/1994/2652
f 3725/1976/2114 3742/1994/2652 3741/1993/2114
f 3726/1977/2638 3727/1978/2639 3743/1995/2653
f 3726/1977/2638 3743/1995/2653 3742/1994/2652
f 3727/1978/2639 3728/1979/2640 3744/1996/2654
f 3727/1978/2639 3744/1996/2654 3743/1995/2653
f 3728/1979/2640 3714/1980/2629 3730/1997/2642
f 3728/1979/2640 3730/1997/2642 3744/1996/2654
f 3730/1982/2642 3729/1981/2641 3745/1998/2655
f 3730/1982/2642 3745/1998/2655 3746/1999/2656
f 3729/1981/2641 3731/1983/2643 3747/2000/2657
f 3729/1981/2641 3747/2000/2657 3745/1998/2655
f 3731/1983/2643 3732/1984/2644 3748/2001/2658
f 3731/1983/2643 3748/2001/2658 3747/2000/2657
f 3732/1984/2644 3733/1985/278 3749/2002/278
f 3732/1984/2644 3749/2002/278 3748/2001/2658
f 3733/1985/278 3734/1986/2645 3750/2003/2659
f 3733/1985/278 3750/2003/2659 3749/2002/278
f 3734/1986/2645 3735/1987/2646 3751/2004/2660
f 3734/1986/2645 3751/2004/2660 3750/2003/2659
f 3735/1987/2646 3736/1988/2647 3752/2005/2661
f 3735/1987/2646 3752/2005/2661 3751/2004/2660
f 3736/1988/2647 3737/1989/2648 3753/2006/2662
f 3736/1988/2647 3753/2006/2662 3752/2005/2661
f 3737/1989/2648 3738/1990/2649 3754/2007/2663
f 3737/1989/2648 3754/2007/2663 3753/2006/2662
f 3738/1990/2649 3739/1991/2650 3755/2008/2664
f 3738/1990/2649 3755/2008/2664 3754/2007/2663
f 3739/1991/2650 3740/1992/2651 3756/2009/2665
f 3739/1991/2650 3756/2009/2665 3755/2008/2664
f 3740/1992/2651 3741/1993/2114 3757/2010/2114
f 3740/1992/2651 3757/2010/2114 3756/2009/2665
f 3741/1993/2114 3742/1994/2652 3758/2011/2666
f 3741/1993/2114 3758/2011/2666 3757/2010/2114
f 3742/1994/2652 3743/1995/2653 3759/2012/2667
f 3742/1994/2652 3759/2012/2667 3758/2011/2666
f 3743/1995/2653 3744/1996/2654 3760/2013/2668
f 3743/1995/2653 3760/2013/2668 3759/2012/2667
f 3744/1996/2654 3730/1997/2642 3746/2014/2656
f 3744/1996/2654 3746/2014/2656 3760/2013/2668
f 3746/1999/2656 3745/1998/2655 3761/2015/2669
f 3746/1999/2656 3761/2015/2669 3762/2016/2670
f 3745/1998/2655 3747/2000/2657 3763/2017/2671
f 3745/1998/2655 3763/2017/2671 3761/2015/2669
f 3747/2000/2657 3748/2001/2658 3764/2018/2672
f 3747/2000/2657 3764/2018/2672 3763/2017/2671
f 3748/2001/2658 3749/2002/278 3765/2019/278
f 3748/2001/2658 3765/2019/278 3764/2018/2672
f 3749/2002/278 3750/2003/2659 3766/2020/2673
f 3749/2002/278 3766/2020/2673 3765/2019/278
f 3750/2003/2659 3751/2004/2660 3767/2021/2674
f 3750/2003/2659 3767/2021/2674 3766/2020/2673
f 3751/2004/2660 3752/2005/2661 3768/2022/2675
f 3751/2004/2660 3768/2022/2675 3767/2021/2674
f 3752/2005/2661 3753/2006/2662 3769/2023/2676
f 3752/2005/2661 3769/2023/2676 3768/2022/2675
f 3753/2006/2662 3754/2007/2663 3770/2024/2677
f 3753/2006/2662 3770/2024/2677 3769/2023/2676
f 3754/2007/2663 3755/2008/2664 3771/2025/2678
f 3754/2007/2663 3771/2025/2678 3770/2024/2677
f 3755/2008/2664 3756/2009/2665 3772/2026/2679
f 3755/2008/2664 3772/2026/2679 3771/2025/2678
f 3756/2009/2665 3757/2010/2114 3773/2027/2114
f 3756/2009/2665 3773/2027/2114 3772/2026/2679
f 3757/2010/2114 3758/2011/2666 3774/2028/2680
f 3757/2010/2114 3774/2028/2680 3773/2027/2114
f 3758/2011/2666 3759/2012/2667 3775/2029/2681
f 3758/2011/2666 3775/2029/2681 3774/2028/2680
f 3759/2012/2667 3760/2013/2668 3776/2030/2682
f 3759/2012/2667 3776/2030/2682 3775/2029/2681
f 3760/2013/2668 3746/2014/2656 3762/2031/2670
f 3760/2013/2668 3762/2031/2670 3776/2030/2682
f 3762/2016/2670 3761/2015/2669 3777/2032/2683
f 3762/2016/2670 3777/2032/2683 3778/2033/2459
f 3761/2015/2669 3763/2017/2671 3779/2034/2684
f 3761/2015/2669 3779/2034/2684 3777/2032/2683
f 3763/2017/2671 3764/2018/2672 3780/2035/2685
f 3763/2017/2671 3780/2035/2685 3779/2034/2684
f 3764/2018/2672 3765/2019/278 3781/2036/278
f 3764/2018/2672 3781/2036/278 3780/2035/2685
f 3765/2019/278 3766/2020/2673 3782/2037/2686
f 3765/2019/278 3782/2037/2686 3781/2036/278
f 3766/2020/2673 3767/2021/2674 3783/2038/2687
f 3766/2020/2673 3783/2038/2687 3782/2037/2686
f 3767/2021/2674 3768/2022/2675 3784/2039/2688
f 3767/2021/2674 3784/2039/2688 3783/2038/2687
f 3768/2022/2675 3769/2023/2676 3785/2040/2420
f 3768/2022/2675 3785/2040/2420 3784/2039/2688
f 3769/2023/2676 3770/2024/2677 3786/2041/2689
f 3769/2023/2676 3786/2041/2689 3785/2040/2420
f 3770/2024/2677 3771/2025/2678 3787/2042/2690
f 3770/2024/2677 3787/2042/2690 3786/2041/2689
f 3771/2025/2678 3772/2026/2679 3788/2043/2691
f 3771/2025/2678 3788/2043/2691 3787/2042/2690
f 3772/2026/2679 3773/2027/2114 3789/2044/2114
f 3772/2026/2679 3789/2044/2114 3788/2043/2691
f 3773/2027/2114 3774/2028/2680 3790/2045/2692
f 3773/2027/2114 3790/2045/2692 3789/2044/2114
f 3774/2028/2680 3775/2029/2681 3791/2046/2693
f 3774/2028/2680 3791/2046/2693 3790/2045/2692
f 3775/2029/2681 3776/2030/2682 3792/2047/2694
f 3775/2029/2681 3792/2047/2694 3791/2046/2693
f 3776/2030/2682 3762/2031/2670 3778/2048/2459
f 3776/2030/2682 3778/2048/2459 3792/2047/2694
f 3778/2033/2459 3777/2032/2683 3793/2049/2695
f 3778/2033/2459 3793/2049/2695 3794/2050/2696
f 3777/2032/2683 3779/2034/2684 3795/2051/2697
f 3777/2032/2683 3795/2051/2697 3793/2049/2695
f 3779/2034/2684 3780/2035/2685 3796/2052/2698
f 3779/2034/2684 3796/2052/2698 3795/2051/2697
f 3780/2035/2685 3781/2036/278 3797/2053/278
f 3780/2035/2685 3797/2053/278 3796/2052/2698
f 3781/2036/278 3782/2037/2686 3798/2054/2699
f 3781/2036/278 3798/2054/2699 3797/2053/278
f 3782/2037/2686 3783/2038/2687 3799/2055/2700
f 3782/2037/2686 3799/2055/2700 3798/2054/2699
f 3783/2038/2687 3784/2039/2688 3800/2056/2701
f 3783/2038/2687 3800/2056/2701 3799/2055/2700
f 3784/2039/2688 3785/2040/2420 3801/2057/2702
f 3784/2039/2688 3801/2057/2702 3800/2056/2701
f 3785/2040/2420 3786/2041/2689 3802/2058/2703
f 3785/2040/2420 3802/2058/2703 3801/2057/2702
f 3786/2041/2689 3787/2042/2690 3803/2059/2704
f 3786/2041/2689 3803/2059/2704 3802/2058/2703
f 3787/2042/2690 3788/2043/2691 3804/2060/2705
f 3787/2042/2690 3804/2060/2705 3803/2059/2704
f 3788/2043/2691 3789/2044/2114 3805/2061/2114
f 3788/2043/2691 3805/2061/2114 3804/2060/2705
f 3789/2044/2114 3790/2045/2692 3806/2062/2706
f 3789/2044/2114 3806/2062/2706 3805/2061/2114
f 3790/2045/2692 3791/2046/2693 3807/2063/2707
f 3790/2045/2692 3807/2063/2707 3806/2062/2706
f 3791/2046/2693 3792/2047/2694 3808/2064/2708
f 3791/2046/2693 3808/2064/2708 3807/2063/2707
f 3792/2047/2694 3778/2048/2459 3794/2065/2696
f 3792/2047/2694 3794/2065/2696 3808/2064/2708
f 3794/2050/2696 3793/2049/2695 3809/2066/2709
f 3794/2050/2696 3809/2066/2709 3810/2067/1186
f 3793/2049/2695 3795/2051/2697 3811/2068/2710
f 3793/2049/2695 3811/2068/2710 3809/2066/2709
f 3795/2051/2697 3796/2052/2698 3812/2069/2711
f 3795/2051/2697 3812/2069/2711 3811/2068/2710
f 3796/2052/2698 3797/2053/278 3813/2070/278
f 3796/2052/2698 3813/2070/278 3812/2069/2711
f 3797/2053/278 3798/2054/2699 3814/2071/2712
f 3797/2053/278 3814/2071/2712 3813/2070/278
f 3798/2054/2699 3799/2055/2700 3815/2072/2713
f 3798/2054/2699 3815/2072/2713 3814/2071/2712
f 3799/2055/2700 3800/2056/2701 3816/2073/2714
f 3799/2055/2700 3816/2073/2714 3815/2072/2713
f 3800/2056/2701 3801/2057/2702 3817/2074/2715
f 3800/2056/2701 3817/2074/2715 3816/2073/2714
f 3801/2057/2702 3802/2058/2703 3818/2075/2716
f 3801/2057/2702 3818/2075/2716 3817/2074/2715
f 3802/2058/2703 3803/2059/2704 3819/2076/2717
f 3802/2058/2703 3819/2076/2717 3818/2075/2716
f 3803/2059/2704 3804/2060/2705 3820/2077/2718
f 3803/2059/2704 3820/2077/2718 3819/2076/2717
f 3804/2060/2705 3805/2061/2114 3821/2078/2114
f 3804/2060/2705 3821/2078/2114 3820/2077/2718
f 3805/2061/2114 3806/2062/2706 3822/2079/2719
f 3805/2061/2114 3822/2079/2719 3821/2078/2114
f 3806/2062/2706 3807/2063/2707 3823/2080/2720
f 3806/2062/2706 3823/2080/2720 3822/2079/2719
f 3807/2063/2707 3808/2064/2708 3824/2081/2721
f 3807/2063/2707 3824/2081/2721 3823/2080/2720
f 3808/2064/2708 3794/2065/2696 3810/2082/1186
f 3808/2064/2708 3810/2082/1186 3824/2081/2721
f 3810/2067/1186 3809/2066/2709 3825/2083/2722
f 3810/2067/1186 3825/2083/2722 3826/2084/2723
f 3809/2066/2709 3811/2068/2710 3827/2085/2724
f 3809/2066/2709 3827/2085/2724 3825/2083/2722
f 3811/2068/2710 3812/2069/2711 3828/2086/2725
f 3811/2068/2710 3828/2086/2725 3827/2085/2724
f 3812/2069/2711 3813/2070/278 3829/2087/278
f 3812/2069/2711 3829/2087/278 3828/2086/2725
f 3813/2070/278 3814/2071/2712 3830/2088/2726
f 3813/2070/278 3830/2088/2726 3829/2087/278
f 3814/2071/2712 3815/2072/2713 3831/2089/2727
f 3814/2071/2712 3831/2089/2727 3830/2088/2726
f 3815/2072/2713 3816/2073/2714 3832/2090/2728
f 3815/2072/2713 3832/2090/2728 3831/2089/2727
f 3816/2073/2714 3817/2074/2715 3833/2091/2729
f 3816/2073/2714 3833/2091/2729 3832/2090/2728
f 3817/2074/2715 3818/2075/2716 3834/2092/2730
f 3817/2074/2715 3834/2092/2730 3833/2091/2729
f 3818/2075/2716 3819/2076/2717 3835/2093/2731
f 3818/2075/2716 3835/2093/2731 3834/2092/2730
f 3819/2076/2717 3820/2077/2718 3836/2094/2732
f 3819/2076/2717 3836/2094/2732 3835/2093/2731
f 3820/2077/2718 3821/2078/2114 3837/2095/2114
f 3820/2077/2718 3837/2095/2114 3836/2094/2732
f 3821/2078/2114 3822/2079/2719 3838/2096/2733
f 3821/2078/2114 3838/2096/2733 3837/2095/2114
f 3822/2079/2719 3823/2080/2720 3839/2097/2734
f 3822/2079/2719 3839/2097/2734 3838/2096/2733
f 3823/2080/2720 3824/2081/2721 3840/2098/2735
f 3823/2080/2720 3840/2098/2735 3839/2097/2734
f 3824/2081/2721 3810/2082/1186 3826/2099/2723
f 3824/2081/2721 3826/2099/2723 3840/2098/2735
f 3826/2084/2723 3825/2083/2722 3841/2100/2736
f 3826/2084/2723 3841/2100/2736 3842/2101/2737
f 3825/2083/2722 3827/2085/2724 3843/2102/2738
f 3825/2083/2722 3843/2102/2738 3841/2100/2736
f 3827/2085/2724 3828/2086/2725 3844/2103/2739
f 3827/2085/2724 3844/2103/2739 3843/2102/2738
f 3828/2086/2725 3829/2087/278 3845/2104/278
f 3828/2086/2725 3845/2104/278 3844/2103/2739
f 3829/2087/278 3830/2088/2726 3846/2105/2740
f 3829/2087/278 3846/2105/2740 3845/2104/278
f 3830/2088/2726 3831/2089/2727 3847/2106/2741
f 3830/2088/2726 3847/2106/2741 3846/2105/2740
f 3831/2089/2727 3832/2090/2728 3848/2107/2742
f 3831/2089/2727 3848/2107/2742 3847/2106/2741
f 3832/2090/2728 3833/2091/2729 3849/2108/2743
f 3832/2090/2728 3849/2108/2743 3848/2107/2742
f 3833/2091/2729 3834/2092/2730 3850/2109/2744
f 3833/2091/2729 3850/2109/2744 3849/2108/2743
f 3834/2092/2730 3835/2093/2731 3851/2110/2745
f 3834/2092/2730 3851/2110/2745 3850/2109/2744
f 3835/2093/2731 3836/2094/2732 3852/2111/2746
f 3835/2093/2731 3852/2111/2746 3851/2110/2745
f 3836/2094/2732 3837/2095/2114 3853/2112/2114
f 3836/2094/2732 3853/2112/2114 3852/2111/2746
f 3837/2095/2114 3838/2096/2733 3854/2113/2747
f 3837/2095/2114 3854/2113/2747 3853/2112/2114
f 3838/2096/2733 3839/2097/2734 3855/2114/2748
f 3838/2096/2733 3855/2114/2748 3854/2113/2747
f 3839/2097/2734 3840/2098/2735 3856/2115/2749
f 3839/2097/2734 3856/2115/2749 3855/2114/2748
f 3840/2098/2735 3826/2099/2723 3842/2116/2737
f 3840/2098/2735 3842/2116/2737 3856/2115/2749
f 3842/2101/2737 3841/2100/2736 3857/2117/2750
f 3842/2101/2737 3857/2117/2750 3858/2118/2751
f 3841/2100/2736 3843/2102/2738 3859/2119/2752
f 3841/2100/2736 3859/2119/2752 3857/2117/2750
f 3843/2102/2738 3844/2103/2739 3860/2120/2753
f 3843/2102/2738 3860/2120/2753 3859/2119/2752
f 3844/2103/2739 3845/2104/278 3861/2121/278
f 3844/2103/2739 3861/2121/278 3860/2120/2753
f 3845/2104/278 3846/2105/2740 3862/2122/2754
f 3845/2104/278 3862/2122/2754 3861/2121/278
f 3846/2105/2740 3847/2106/2741 3863/2123/2755
f 3846/2105/2740 3863/2123/2755 3862/2122/2754
f 3847/2106/2741 3848/2107/2742 3864/2124/2756
f 3847/2106/2741 3864/2124/2756 3863/2123/2755
f 3848/2107/2742 3849/2108/2743 3865/2125/2757
f 3848/2107/2742 3865/2125/2757 3864/2124/2756
f 3849/2108/2743 3850/2109/2744 3866/2126/2758
f 3849/2108/2743 3866/2126/2758 3865/2125/2757
f 3850/2109/2744 3851/2110/2745 3867/2127/2759
f 3850/2109/2744 3867/2127/2759 3866/2126/2758
f 3851/2110/2745 3852/2111/2746 3868/2128/2760
f 3851/2110/2745 3868/2128/2760 3867/2127/2759
f 3852/2111/2746 3853/2112/2114 3869/2129/2114
f 3852/2111/2746 3869/2129/2114 3868/2128/2760
f 3853/2112/2114 3854/2113/2747 3870/2130/2761
f 3853/2112/2114 3870/2130/2761 3869/2129/2114
f 3854/2113/2747 3855/2114/2748 3871/2131/2762
f 3854/2113/2747 3871/2131/2762 3870/2130/2761
f 3855/2114/2748 3856/2115/2749 3872/2132/2763
f 3855/2114/2748 3872/2132/2763 3871/2131/2762
f 3856/2115/2749 3842/2116/2737 3858/2133/2751
f 3856/2115/2749 3858/2133/2751 3872/2132/2763
f 3858/2118/2751 3857/2117/2750 3873/2134/2764
f 3858/2118/2751 3873/2134/2764 3874/2135/2454
f 3857/2117/2750 3859/2119/2752 3875/2136/2765
f 3857/2117/2750 3875/2136/2765 3873/2134/2764
f 3859/2119/2752 3860/2120/2753 3876/2137/2766
f 3859/2119/2752 3876/2137/2766 3875/2136/2765
f 3860/2120/2753 3861/2121/278 3877/2138/278
f 3860/2120/2753 3877/2138/278 3876/2137/2766
f 3861/2121/278 3862/2122/2754 3878/2139/2767
f 3861/2121/278 3878/2139/2767 3877/2138/278
f 3862/2122/2754 3863/2123/2755 3879/2140/2768
f 3862/2122/2754 3879/2140/2768 3878/2139/2767
f 3863/2123/2755 3864/2124/2756 3880/2141/2769
f 3863/2123/2755 3880/2141/2769 3879/2140/2768
f 3864/2124/2756 3865/2125/2757 3881/2142/2415
f 3864/2124/2756 3881/2142/2415 3880/2141/2769
f 3865/2125/2757 3866/2126/2758 3882/2143/2770
f 3865/2125/2757 3882/2143/2770 3881/2142/2415
f 3866/2126/2758 3867/2127/2759 3883/2144/2771
f 3866/2126/2758 3883/2144/2771 3882/2143/2770
f 3867/2127/2759 3868/2128/2760 3884/2145/2772
f 3867/2127/2759 3884/2145/2772 3883/2144/2771
f 3868/2128/2760 3869/2129/2114 3885/2146/2114
f 3868/2128/2760 3885/2146/2114 3884/2145/2772
f 3869/2129/2114 3870/2130/2761 3886/2147/2773
f 3869/2129/2114 3886/2147/2773 3885/2146/2114
f 3870/2130/2761 3871/2131/2762 3887/2148/2774
f 3870/2130/2761 3887/2148/2774 3886/2147/2773
f 3871/2131/2762 3872/2132/2763 3888/2149/2775
f 3871/2131/2762 3888/2149/2775 3887/2148/2774
f 3872/2132/2763 3858/2133/2751 3874/2150/2454
f 3872/2132/2763 3874/2150/2454 3888/2149/2775
f 3874/2135/2454 3873/2134/2764 3889/2151/2776
f 3874/2135/2454 3889/2151/2776 3890/2152/2777
f 3873/2134/2764 3875/2136/2765 3891/2153/2778
f 3873/2134/2764 3891/2153/2778 3889/2151/2776
f 3875/2136/2765 3876/2137/2766 3892/2154/2779
f 3875/2136/2765 3892/2154/2779 3891/2153/2778
f 3876/2137/2766 3877/2138/278 3893/2155/278
f 3876/2137/2766 3893/2155/278 3892/2154/2779
f 3877/2138/278 3878/2139/2767 3894/2156/2780
f 3877/2138/278 3894/2156/2780 3893/2155/278
f 3878/2139/2767 3879/2140/2768 3895/2157/2781
f 3878/2139/2767 3895/2157/2781 3894/2156/2780
f 3879/2140/2768 3880/2141/2769 3896/2158/2782
f 3879/2140/2768 3896/2158/2782 3895/2157/2781
f 3880/2141/2769 3881/2142/2415 3897/2159/2783
f 3880/2141/2769 3897/2159/2783 3896/2158/2782
f 3881/2142/2415 3882/2143/2770 3898/2160/2784
f 3881/2142/2415 3898/2160/2784 3897/2159/2783
f 3882/2143/2770 3883/2144/2771 3899/2161/2785
f 3882/2143/2770 3899/2161/2785 3898/2160/2784
f 3883/2144/2771 3884/2145/2772 3900/2162/2786
f 3883/2144/2771 3900/2162/2786 3899/2161/2785
f 3884/2145/2772 3885/2146/2114 3901/2163/2114
f 3884/2145/2772 3901/2163/2114 3900/2162/2786
f 3885/2146/2114 3886/2147/2773 3902/2164/2787
f 3885/2146/2114 3902/2164/2787 3901/2163/2114
f 3886/2147/2773 3887/2148/2774 3903/2165/2788
f 3886/2147/2773 3903/2165/2788 3902/2164/2787
f 3887/2148/2774 3888/2149/2775 3904/2166/2789
f 3887/2148/2774 3904/2166/2789 3903/2165/2788
f 3888/2149/2775 3874/2150/2454 3890/2167/2777
f 3888/2149/2775 3890/2167/2777 3904/2166/2789
f 3890/2152/2777 3889/2151/2776 3905/2168/2790
f 3890/2152/2777 3905/2168/2790 3906/2169/2791
f 3889/2151/2776 3891/2153/2778 3907/2170/2792
f 3889/2151/2776 3907/2170/2792 3905/2168/2790
f 3891/2153/2778 3892/2154/2779 3908/2171/2793
f 3891/2153/2778 3908/2171/2793 3907/2170/2792
f 3892/2154/2779 3893/2155/278 3909/2172/278
f 3892/2154/2779 3909/2172/278 3908/2171/2793
f 3893/2155/278 3894/2156/2780 3910/2173/2794
f 3893/2155/278 3910/2173/2794 3909/2172/278
f 3894/2156/2780 3895/2157/2781 3911/2174/2795
f 3894/2156/2780 3911/2174/2795 3910/2173/2794
f 3895/2157/2781 3896/2158/2782 3912/2175/2796
f 3895/2157/2781 3912/2175/2796 3911/2174/2795
f 3896/2158/2782 3897/2159/2783 3913/2176/2797
f 3896/2158/2782 3913/2176/2797 3912/2175/2796
f 3897/2159/2783 3898/2160/2784 3914/2177/2798
f 3897/2159/2783 3914/2177/2798 3913/2176/2797
f 3898/2160/2784 3899/2161/2785 3915/2178/2799
f 3898/2160/2784 3915/2178/2799 3914/2177/2798
f 3899/2161/2785 3900/2162/2786 3916/2179/2800
f 3899/2161/2785 3916/2179/2800 3915/2178/2799
f 3900/2162/2786 3901/2163/2114 3917/2180/2114
f 3900/2162/2786 3917/2180/2114 3916/2179/2800
f 3901/2163/2114 3902/2164/2787 3918/2181/2801
f 3901/2163/2114 3918/2181/2801 3917/2180/2114
f 3902/2164/2787 3903/2165/2788 3919/2182/2802
f 3902/2164/2787 3919/2182/2802 3918/2181/2801
f 3903/2165/2788 3904/2166/2789 3920/2183/2803
f 3903/2165/2788 3920/2183/2803 3919/2182/2802
f 3904/2166/2789 3890/2167/2777 3906/2184/2791
f 3904/2166/2789 3906/2184/2791 3920/2183/2803
f 3906/2169/2791 3905/2168/2790 3921/2185/2804
f 3906/2169/2791 3921/2185/2804 3922/2186/2451
f 3905/2168/2790 3907/2170/2792 3923/2187/209
f 3905/2168/2790 3923/2187/209 3921/2185/2804
f 3907/2170/2792 3908/2171/2793 3924/2188/2805
f 3907/2170/2792 3924/2188/2805 3923/2187/209
f 3908/2171/2793 3909/2172/278 3925/2189/278
f 3908/2171/2793 3925/2189/278 3924/2188/2805
f 3909/2172/278 3910/2173/2794 3926/2190/2806
f 3909/2172/278 3926/2190/2806 3925/2189/278
f 3910/2173/2794 3911/2174/2795 3927/2191/71
f 3910/2173/2794 3927/2191/71 3926/2190/2806
f 3911/2174/2795 3912/2175/2796 3928/2192/2807
f 3911/2174/2795 3928/2192/2807 3927/2191/71
f 3912/2175/2796 3913/2176/2797 3929/2193/1222
f 3912/2175/2796 3929/2193/1222 3928/2192/2807
f 3913/2176/2797 3914/2177/2798 3930/2194/2808
f 3913/2176/2797 3930/2194/2808 3929/2193/1222
f 3914/2177/2798 3915/2178/2799 3931/2195/2187
f 3914/2177/2798 3931/2195/2187 3930/2194/2808
f 3915/2178/2799 3916/2179/2800 3932/2196/2809
f 3915/2178/2799 3932/2196/2809 3931/2195/2187
f 3916/2179/2800 3917/2180/2114 3933/2197/2114
f 3916/2179/2800 3933/2197/2114 3932/2196/2809
f 3917/2180/2114 3918/2181/2801 3934/2198/2810
f 3917/2180/2114 3934/2198/2810 3933/2197/2114
f 3918/2181/2801 3919/2182/2802 3935/2199/2325
f 3918/2181/2801 3935/2199/2325 3934/2198/2810
f 3919/2182/2802 3920/2183/2803 3936/2200/2811
f 3919/2182/2802 3936/2200/2811 3935/2199/2325
f 3920/2183/2803 3906/2184/2791 3922/2201/2451
f 3920/2183/2803 3922/2201/2451 3936/2200/2811
f 3922/2186/2451 3921/2185/2804 3937/2202/2812
f 3922/2186/2451 3937/2202/2812 3938/2203/2813
f 3921/2185/2804 3923/2187/209 3939/2204/2814
f 3921/2185/2804 3939/2204/2814 3937/2202/2812
f 3923/2187/209 3924/2188/2805 3940/2205/2815
f 3923/2187/209 3940/2205/2815 3939/2204/2814
f 3924/2188/2805 3925/2189/278 3941/2206/278
f 3924/2188/2805 3941/2206/278 3940/2205/2815
f 3925/2189/278 3926/2190/2806 3942/2207/2816
f 3925/2189/278 3942/2207/2816 3941/2206/278
f 3926/2190/2806 3927/2191/71 3943/2208/2817
f 3926/2190/2806 3943/2208/2817 3942/2207/2816
f 3927/2191/71 3928/2192/2807 3944/2209/2818
f 3927/2191/71 3944/2209/2818 3943/2208/2817
f 3928/2192/2807 3929/2193/1222 3945/2210/2819
f 3928/2192/2807 3945/2210/2819 3944/2209/2818
f 3929/2193/1222 3930/2194/2808 3946/2211/2820
f 3929/2193/1222 3946/2211/2820 3945/2210/2819
f 3930/2194/2808 3931/2195/2187 3947/2212/2821
f 3930/2194/2808 3947/2212/2821 3946/2211/2820
f 3931/2195/2187 3932/2196/2809 3948/2213/2822
f 3931/2195/2187 3948/2213/2822 3947/2212/2821
f 3932/2196/2809 3933/2197/2114 3949/2214/2114
f 3932/2196/2809 3949/2214/2114 3948/2213/2822
f 3933/2197/2114 3934/2198/2810 3950/2215/2823
f 3933/2197/2114 3950/2215/2823 3949/2214/2114
f 3934/2198/2810 3935/2199/2325 3951/2216/2824
f 3934/2198/2810 3951/2216/2824 3950/2215/2823
f 3935/2199/2325 3936/2200/2811 3952/2217/2825
f 3935/2199/2325 3952/2217/2825 3951/2216/2824
f 3936/2200/2811 3922/2201/2451 3938/2218/2813
f 3936/2200/2811 3938/2218/2813 3952/2217/2825
f 3938/2203/2813 3937/2202/2812 3953/2219/2826
f 3938/2203/2813 3953/2219/2826 3954/2220/2827
f 3937/2202/2812 3939/2204/2814 3955/2221/2828
f 3937/2202/2812 3955/2221/2828 3953/2219/2826
f 3939/2204/2814 3940/2205/2815 3956/2222/2829
f 3939/2204/2814 3956/2222/2829 3955/2221/2828
f 3940/2205/2815 3941/2206/278 3957/2223/278
f 3940/2205/2815 3957/2223/278 3956/2222/2829
f 3941/2206/278 3942/2207/2816 3958/2224/2830
f 3941/2206/278 3958/2224/2830 3957/2223/278
f 3942/2207/2816 3943/2208/2817 3959/2225/2831
f 3942/2207/2816 3959/2225/2831 3958/2224/2830
f 3943/2208/2817 3944/2209/2818 3960/2226/2832
f 3943/2208/2817 3960/2226/2832 3959/2225/2831
f 3944/2209/2818 3945/2210/2819 3961/2227/2833
f 3944/2209/2818 3961/2227/2833 3960/2226/2832
f 3945/2210/2819 3946/2211/2820 3962/2228/2834
f 3945/2210/2819 3962/2228/2834 3961/2227/2833
f 3946/2211/2820 3947/2212/2821 3963/2229/2835
f 3946/2211/2820 3963/2229/2835 3962/2228/2834
f 3947/2212/2821 3948/2213/2822 3964/2230/2836
f 3947/2212/2821 3964/2230/2836 3963/2229/2835
f 3948/2213/2822 3949/2214/2114 3965/2231/2114
f 3948/2213/2822 3965/2231/2114 3964/2230/2836
f 3949/2214/2114 3950/2215/2823 3966/2232/2837
f 3949/2214/2114 3966/2232/2837 3965/2231/2114
f 3950/2215/2823 3951/2216/2824 3967/2233/2838
f 3950/2215/2823 3967/2233/2838 3966/2232/2837
f 3951/2216/2824 3952/2217/2825 3968/2234/2839
f 3951/2216/2824 3968/2234/2839 3967/2233/2838
f 3952/2217/2825 3938/2218/2813 3954/2235/2827
f 3952/2217/2825 3954/2235/2827 3968/2234/2839
f 3954/2220/2827 3953/2219/2826 3969/2236/2840
f 3954/2220/2827 3969/2236/2840 3970/2237/2448
f 3953/2219/2826 3955/2221/2828 3971/2238/2841
f 3953/2219/2826 3971/2238/2841 3969/2236/2840
f 3955/2221/2828 3956/2222/2829 3972/2239/2842
f 3955/2221/2828 3972/2239/2842 3971/2238/2841
f 3956/2222/2829 3957/2223/278 3973/2240/278
f 3956/2222/2829 3973/2240/278 3972/2239/2842
f 3957/2223/278 3958/2224/2830 3974/2241/2843
f 3957/2223/278 3974/2241/2843 3973/2240/278
f 3958/2224/2830 3959/2225/2831 3975/2242/2844
f 3958/2224/2830 3975/2242/2844 3974/2241/2843
f 3959/2225/2831 3960/2226/2832 3976/2243/2845
f 3959/2225/2831 3976/2243/2845 3975/2242/2844
f 3960/2226/2832 3961/2227/2833 3977/2244/2409
f 3960/2226/2832 3977/2244/2409 3976/2243/2845
f 3961/2227/2833 3962/2228/2834 3978/2245/2846
f 3961/2227/2833 3978/2245/2846 3977/2244/2409
f 3962/2228/2834 3963/2229/2835 3979/2246/2847
f 3962/2228/2834 3979/2246/2847 3978/2245/2846
f 3963/2229/2835 3964/2230/2836 3980/2247/2848
f 3963/2229/2835 3980/2247/2848 3979/2246/2847
f 3964/2230/2836 3965/2231/2114 3981/2248/2114
f 3964/2230/2836 3981/2248/2114 3980/2247/2848
f 3965/2231/2114 3966/2232/2837 3982/2249/2849
f 3965/2231/2114 3982/2249/2849 3981/2248/2114
f 3966/2232/2837 3967/2233/2838 3983/2250/2850
f 3966/2232/2837 3983/2250/2850 3982/2249/2849
f 3967/2233/2838 3968/2234/2839 3984/2251/2851
f 3967/2233/2838 3984/2251/2851 3983/2250/2850
f 3968/2234/2839 3954/2235/2827 3970/2252/2448
f 3968/2234/2839 3970/2252/2448 3984/2251/2851
f 3970/2237/2448 3969/2236/2840 3985/2253/2852
f 3970/2237/2448 3985/2253/2852 3986/2254/2853
f 3969/2236/2840 3971/2238/2841 3987/2255/2854
f 3969/2236/2840 3987/2255/2854 3985/2253/2852
f 3971/2238/2841 3972/2239/2842 3988/2256/2855
f 3971/2238/2841 3988/2256/2855 3987/2255/2854
f 3972/2239/2842 3973/2240/278 3989/2257/278
f 3972/2239/2842 3989/2257/278 3988/2256/2855
f 3973/2240/278 3974/2241/2843 3990/2258/2856
f 3973/2240/278 3990/2258/2856 3989/2257/278
f 3974/2241/2843 3975/2242/2844 3991/2259/2857
f 3974/2241/2843 3991/2259/2857 3990/2258/2856
f 3975/2242/2844 3976/2243/2845 3992/2260/2858
f 3975/2242/2844 3992/2260/2858 3991/2259/2857
f 3976/2243/2845 3977/2244/2409 3993/2261/2859
f 3976/2243/2845 3993/2261/2859 3992/2260/2858
f 3977/2244/2409 3978/2245/2846 3994/2262/2860
f 3977/2244/2409 3994/2262/2860 3993/2261/2859
f 3978/2245/2846 3979/2246/2847 3995/2263/2861
f 3978/2245/2846 3995/2263/2861 3994/2262/2860
f 3979/2246/2847 3980/2247/2848 3996/2264/2862
f 3979/2246/2847 3996/2264/2862 3995/2263/2861
f 3980/2247/2848 3981/2248/2114 3997/2265/2114
f 3980/2247/2848 3997/2265/2114 3996/2264/2862
f 3981/2248/2114 3982/2249/2849 3998/2266/2863
f 3981/2248/2114 3998/2266/2863 3997/2265/2114
f 3982/2249/2849 3983/2250/2850 3999/2267/2864
f 3982/2249/2849 3999/2267/2864 3998/2266/2863
f 3983/2250/2850 3984/2251/2851 4000/2268/2865
f 3983/2250/2850 4000/2268/2865 3999/2267/2864
f 3984/2251/2851 3970/2252/2448 3986/2269/2853
f 3984/2251/2851 3986/2269/2853 4000/2268/2865
f 3986/2254/2853 3985/2253/2852 4001/2270/2866
f 3986/2254/2853 4001/2270/2866 4002/2271/2867
f 3985/2253/2852 3987/2255/2854 4003/2272/2868
f 3985/2253/2852 4003/2272/2868 4001/2270/2866
f 3987/2255/2854 3988/2256/2855 4004/2273/2869
f 3987/2255/2854 4004/2273/2869 4003/2272/2868
f 3988/2256/2855 3989/2257/278 4005/2274/278
f 3988/2256/2855 4005/2274/278 4004/2273/2869
f 3989/2257/278 3990/2258/2856 4006/2275/2870
f 3989/2257/278 4006/2275/2870 4005/2274/278
f 3990/2258/2856 3991/2259/2857 4007/2276/2871
f 3990/2258/2856 4007/2276/2871 4006/2275/2870
f 3991/2259/2857 3992/2260/2858 4008/2277/2872
f 3991/2259/2857 4008/2277/2872 4007/2276/2871
f 3992/2260/2858 3993/2261/2859 4009/2278/2873
f 3992/2260/2858 4009/2278/2873 4008/2277/2872
f 3993/2261/2859 3994/2262/2860 4010/2279/2874
f 3993/2261/2859 4010/2279/2874 4009/2278/2873
f 3994/2262/2860 3995/2263/2861 4011/2280/2875
f 3994/2262/2860 4011/2280/2875 4010/2279/2874
f 3995/2263/2861 3996/2264/2862 4012/2281/2876
f 3995/2263/2861 4012/2281/2876 4011/2280/2875
f 3996/2264/2862 3997/2265/2114 4013/2282/2114
f 3996/2264/2862 4013/2282/2114 4012/2281/2876
f 3997/2265/2114 3998/2266/2863 4014/2283/2877
f 3997/2265/2114 4014/2283/2877 4013/2282/2114
f 3998/2266/2863 3999/2267/2864 4015/2284/2878
f 3998/2266/2863 4015/2284/2878 4014/2283/2877
f 3999/2267/2864 4000/2268/2865 4016/2285/2879
f 3999/2267/2864 4016/2285/2879 4015/2284/2878
f 4000/2268/2865 3986/2269/2853 4002/2286/2867
f 4000/2268/2865 4002/2286/2867 4016/2285/2879
f 4002/2271/2867 4001/2270/2866 4017/2287/2880
f 4002/2271/2867 4017/2287/2880 4018/2288/2881
f 4001/2270/2866 4003/2272/2868 4019/2289/2882
f 4001/2270/2866 4019/2289/2882 4017/2287/2880
f 4003/2272/2868 4004/2273/2869 4020/2290/2883
f 4003/2272/2868 4020/2290/2883 4019/2289/2882
f 4004/2273/2869 4005/2274/278 4021/2291/278
f 4004/2273/2869 4021/2291/278 4020/2290/2883
f 4005/2274/278 4006/2275/2870 4022/2292/2884
f 4005/2274/278 4022/2292/2884 4021/2291/278
f 4006/2275/2870 4007/2276/2871 4023/2293/2885
f 4006/2275/2870 4023/2293/2885 4022/2292/2884
f 4007/2276/2871 4008/2277/2872 4024/2294/2886
f 4007/2276/2871 4024/2294/2886 4023/2293/2885
f 4008/2277/2872 4009/2278/2873 4025/2295/2887
f 4008/2277/2872 4025/2295/2887 4024/2294/2886
f 4009/2278/2873 4010/2279/2874 4026/2296/2888
f 4009/2278/2873 4026/2296/2888 4025/2295/2887
f 4010/2279/2874 4011/2280/2875 4027/2297/2889
f 4010/2279/2874 4027/2297/2889 4026/2296/2888
f 4011/2280/2875 4012/2281/2876 4028/2298/2890
f 4011/2280/2875 4028/2298/2890 4027/2297/2889
f 4012/2281/2876 4013/2282/2114 4029/2299/2114
f 4012/2281/2876 4029/2299/2114 4028/2298/2890
f 4013/2282/2114 4014/2283/2877 4030/2300/2891
f 4013/2282/2114 4030/2300/2891 4029/2299/2114
f 4014/2283/2877 4015/2284/2878 4031/2301/2892
f 4014/2283/2877 4031/2301/2892 4030/2300/2891
f 4015/2284/2878 4016/2285/2879 4032/2302/2893
f 4015/2284/2878 4032/2302/2893 4031/2301/2892
f 4016/2285/2879 4002/2286/2867 4018/2303/2881
f 4016/2285/2879 4018/2303/2881 4032/2302/2893
f 4018/2288/2881 4017/2287/2880 4033/2304/2894
f 4018/2288/2881 4033/2304/2894 4034/2305/1171
f 4017/2287/2880 4019/2289/2882 4035/2306/2895
f 4017/2287/2880 4035/2306/2895 4033/2304/2894
f 4019/2289/2882 4020/2290/2883 4036/2307/2896
f 4019/2289/2882 4036/2307/2896 4035/2306/2895
f 4020/2290/2883 4021/2291/278 4037/2308/278
f 4020/2290/2883 4037/2308/278 4036/2307/2896
f 4021/2291/278 4022/2292/2884 4038/2309/2897
f 4021/2291/278 4038/2309/2897 4037/2308/278
f 4022/2292/2884 4023/2293/2885 4039/2310/2898
f 4022/2292/2884 4039/2310/2898 4038/2309/2897
f 4023/2293/2885 4024/2294/2886 4040/2311/2899
f 4023/2293/2885 4040/2311/2899 4039/2310/2898
f 4024/2294/2886 4025/2295/2887 4041/2312/2900
f 4024/2294/2886 4041/2312/2900 4040/2311/2899
f 4025/2295/2887 4026/2296/2888 4042/2313/2901
f 4025/2295/2887 4042/2313/2901 4041/2312/2900
f 4026/2296/2888 4027/2297/2889 4043/2314/2902
f 4026/2296/2888 4043/2314/2902 4042/2313/2901
f 4027/2297/2889 4028/2298/2890 4044/2315/2903
f 4027/2297/2889 4044/2315/2903 4043/2314/2902
f 4028/2298/2890 4029/2299/2114 4045/2316/2114
f 4028/2298/2890 4045/2316/2114 4044/2315/2903
f 4029/2299/2114 4030/2300/2891 4046/2317/2904
f 4029/2299/2114 4046/2317/2904 4045/2316/2114
f 4030/2300/2891 4031/2301/2892 4047/2318/2905
f 4030/2300/2891 4047/2318/2905 4046/2317/2904
f 4031/2301/2892 4032/2302/2893 4048/2319/2906
f 4031/2301/2892 4048/2319/2906 4047/2318/2905
f 4032/2302/2893 4018/2303/2881 4034/2320/1171
f 4032/2302/2893 4034/2320/1171 4048/2319/2906
f 4034/2305/1171 4033/2304/2894 4049/2321/2907
f 4034/2305/1171 4049/2321/2907 4050/2322/2908
f 4033/2304/2894 4035/2306/2895 4051/2323/2909
f 4033/2304/2894 4051/2323/2909 4049/2321/2907
f 4035/2306/2895 4036/2307/2896 4052/2324/2910
f 4035/2306/2895 4052/2324/2910 4051/2323/2909
f 4036/2307/2896 4037/2308/278 4053/2325/278
f 4036/2307/2896 4053/2325/278 4052/2324/2910
f 4037/2308/278 4038/2309/2897 4054/2326/2911
f 4037/2308/278 4054/2326/2911 4053/2325/278
f 4038/2309/2897 4039/2310/2898 4055/2327/2912
f 4038/2309/2897 4055/2327/2912 4054/2326/2911
f 4039/2310/2898 4040/2311/2899 4056/2328/2913
f 4039/2310/2898 4056/2328/2913 4055/2327/2912
f 4040/2311/2899 4041/2312/2900 4057/2329/2914
f 4040/2311/2899 4057/2329/2914 4056/2328/2913
f 4041/2312/2900 4042/2313/2901 4058/2330/2915
f 4041/2312/2900 4058/2330/2915 4057/2329/2914
f 4042/2313/2901 4043/2314/2902 4059/2331/2916
f 4042/2313/2901 4059/2331/2916 4058/2330/2915
f 4043/2314/2902 4044/2315/2903 4060/2332/2917
f 4043/2314/2902 4060/2332/2917 4059/2331/2916
f 4044/2315/2903 4045/2316/2114 4061/2333/2114
f 4044/2315/2903 4061/2333/2114 4060/2332/2917
f 4045/2316/2114 4046/2317/2904 4062/2334/2918
f 4045/2316/2114 4062/2334/2918 4061/2333/2114
f 4046/2317/2904 4047/2318/2905 4063/2335/2919
f 4046/2317/2904 4063/2335/2919 4062/2334/2918
f 4047/2318/2905 4048/2319/2906 4064/2336/2920
f 4047/2318/2905 4064/2336/2920 4063/2335/2919
f 4048/2319/2906 4034/2320/1171 4050/2337/2908
f 4048/2319/2906 4050/2337/2908 4064/2336/2920
f 4050/2322/2908 4049/2321/2907 4065/2338/2921
f 4050/2322/2908 4065/2338/2921 4066/2339/2444
f 4049/2321/2907 4051/2323/2909 4067/2340/2922
f 4049/2321/2907 4067/2340/2922 4065/2338/2921
f 4051/2323/2909 4052/2324/2910 4068/2341/2923
f 4051/2323/2909 4068/2341/2923 4067/2340/2922
f 4052/2324/2910 4053/2325/278 4069/2342/278
f 4052/2324/2910 4069/2342/278 4068/2341/2923
f 4053/2325/278 4054/2326/2911 4070/2343/2924
f 4053/2325/278 4070/2343/2924 4069/2342/278
f 4054/2326/2911 4055/2327/2912 4071/2344/2925
f 4054/2326/2911 4071/2344/2925 4070/2343/2924
f 4055/2327/2912 4056/2328/2913 4072/2345/2926
f 4055/2327/2912 4072/2345/2926 4071/2344/2925
f 4056/2328/2913 4057/2329/2914 4073/2346/2404
f 4056/2328/2913 4073/2346/2404 4072/2345/2926
f 4057/2329/2914 4058/2330/2915 4074/2347/2927
f 4057/2329/2914 4074/2347/2927 4073/2346/2404
f 4058/2330/2915 4059/2331/2916 4075/2348/2928
f 4058/2330/2915 4075/2348/2928 4074/2347/2927
f 4059/2331/2916 4060/2332/2917 4076/2349/2929
f 4059/2331/2916 4076/2349/2929 4075/2348/2928
f 4060/2332/2917 4061/2333/2114 4077/2350/2114
f 4060/2332/2917 4077/2350/2114 4076/2349/2929
f 4061/2333/2114 4062/2334/2918 4078/2351/2930
f 4061/2333/2114 4078/2351/2930 4077/2350/2114
f 4062/2334/2918 4063/2335/2919 4079/2352/2931
f 4062/2334/2918 4079/2352/2931 4078/2351/2930
f 4063/2335/2919 4064/2336/2920 4080/2353/2932
f 4063/2335/2919 4080/2353/2932 4079/2352/2931
f 4064/2336/2920 4050/2337/2908 4066/2354/2444
f 4064/2336/2920 4066/2354/2444 4080/2353/2932
f 4066/2339/2444 4065/2338/2921 4081/2355/2933
f 4066/2339/2444 4081/2355/2933 4082/2356/2934
f 4065/2338/2921 4067/2340/2922 4083/2357/2935
f 4065/2338/2921 4083/2357/2935 4081/2355/2933
f 4067/2340/2922 4068/2341/2923 4084/2358/2936
f 4067/2340/2922 4084/2358/2936 4083/2357/2935
f 4068/2341/2923 4069/2342/278 4085/2359/278
f 4068/2341/2923 4085/2359/278 4084/2358/2936
f 4069/2342/278 4070/2343/2924 4086/2360/2937
f 4069/2342/278 4086/2360/2937 4085/2359/278
f 4070/2343/2924 4071/2344/2925 4087/2361/2938
f 4070/2343/2924 4087/2361/2938 4086/2360/2937
f 4071/2344/2925 4072/2345/2926 4088/2362/2939
f 4071/2344/2925 4088/2362/2939 4087/2361/2938
f 4072/2345/2926 4073/2346/2404 4089/2363/2940
f 4072/2345/2926 4089/2363/2940 4088/2362/2939
f 4073/2346/2404 4074/2347/2927 4090/2364/2941
f 4073/2346/2404 4090/2364/2941 4089/2363/2940
f 4074/2347/2927 4075/2348/2928 4091/2365/2942
f 4074/2347/2927 4091/2365/2942 4090/2364/2941
f 4075/2348/2928 4076/2349/2929 4092/2366/2943
f 4075/2348/2928 4092/2366/2943 4091/2365/2942
f 4076/2349/2929 4077/2350/2114 4093/2367/2114
f 4076/2349/2929 4093/2367/2114 4092/2366/2943
f 4077/2350/2114 4078/2351/2930 4094/2368/2944
f 4077/2350/2114 4094/2368/2944 4093/2367/2114
f 4078/2351/2930 4079/2352/2931 4095/2369/2945
f 4078/2351/2930 4095/2369/2945 4094/2368/2944
f 4079/2352/2931 4080/2353/2932 4096/2370/2946
f 4079/2352/2931 4096/2370/2946 4095/2369/2945
f 4080/2353/2932 4066/2354/2444 4082/2371/2934
f 4080/2353/2932 4082/2371/2934 4096/2370/2946
f 4082/2356/2934 4081/2355/2933 4097/2372/2947
f 4082/2356/2934 4097/2372/2947 4098/2373/2948
f 4081/2355/2933 4083/2357/2935 4099/2374/2949
f 4081/2355/2933 4099/2374/2949 4097/2372/2947
f 4083/2357/2935 4084/2358/2936 4100/2375/2950
f 4083/2357/2935 4100/2375/2950 4099/2374/2949
f 4084/2358/2936 4085/2359/278 4101/2376/278
f 4084/2358/2936 4101/2376/278 4100/2375/2950
f 4085/2359/278 4086/2360/2937 4102/2377/2951
f 4085/2359/278 4102/2377/2951 4101/2376/278
f 4086/2360/2937 4087/2361/2938 4103/2378/2952
f 4086/2360/2937 4103/2378/2952 4102/2377/2951
f 4087/2361/2938 4088/2362/2939 4104/2379/2953
f 4087/2361/2938 4104/2379/2953 4103/2378/2952
f 4088/2362/2939 4089/2363/2940 4105/2380/2954
f 4088/2362/2939 4105/2380/2954 4104/2379/2953
f 4089/2363/2940 4090/2364/2941 4106/2381/2955
f 4089/2363/2940 4106/2381/2955 4105/2380/2954
f 4090/2364/2941 4091/2365/2942 4107/2382/2956
f 4090/2364/2941 4107/2382/2956 4106/2381/2955
f 4091/2365/2942 4092/2366/2943 4108/2383/2957
f 4091/2365/2942 4108/2383/2957 4107/2382/2956
f 4092/2366/2943 4093/2367/2114 4109/2384/2114
f 4092/2366/2943 4109/2384/2114 4108/2383/2957
f 4093/2367/2114 4094/2368/2944 4110/2385/2958
f 4093/2367/2114 4110/2385/2958 4109/2384/2114
f 4094/2368/2944 4095/2369/2945 4111/2386/2959
f 4094/2368/2944 4111/2386/2959 4110/2385/2958
f 4095/2369/2945 4096/2370/2946 4112/2387/2960
f 4095/2369/2945 4112/2387/2960 4111/2386/2959
f 4096/2370/2946 4082/2371/2934 4098/2388/2948
f 4096/2370/2946 4098/2388/2948 4112/2387/2960
f 4098/2373/2948 4097/2372/2947 4113/2389/2961
f 4098/2373/2948 4113/2389/2961 4114/2390/2962
f 4097/2372/2947 4099/2374/2949 4115/2391/2963
f 4097/2372/2947 4115/2391/2963 4113/2389/2961
f 4099/2374/2949 4100/2375/2950 4116/2392/2964
f 4099/2374/2949 4116/2392/2964 4115/2391/2963
f 4100/2375/2950 4101/2376/278 4117/2393/278
f 4100/2375/2950 4117/2393/278 4116/2392/2964
f 4101/2376/278 4102/2377/2951 4118/2394/2965
f 4101/2376/278 4118/2394/2965 4117/2393/278
f 4102/2377/2951 4103/2378/2952 4119/2395/2966
f 4102/2377/2951 4119/2395/2966 4118/2394/2965
f 4103/2378/2952 4104/2379/2953 4120/2396/2967
f 4103/2378/2952 4120/2396/2967 4119/2395/2966
f 4104/2379/2953 4105/2380/2954 4121/2397/2968
f 4104/2379/2953 4121/2397/2968 4120/2396/2967
f 4105/2380/2954 4106/2381/2955 4122/2398/2969
f 4105/2380/2954 4122/2398/2969 4121/2397/2968
f 4106/2381/2955 4107/2382/2956 4123/2399/2970
f 4106/2381/2955 4123/2399/2970 4122/2398/2969
f 4107/2382/2956 4108/2383/2957 4124/2400/2971
f 4107/2382/2956 4124/2400/2971 4123/2399/2970
f 4108/2383/2957 4109/2384/2114 4125/2401/2114
f 4108/2383/2957 4125/2401/2114 4124/2400/2971
f 4109/2384/2114 4110/2385/2958 4126/2402/2972
f 4109/2384/2114 4126/2402/2972 4125/2401/2114
f 4110/2385/2958 4111/2386/2959 4127/2403/2973
f 4110/2385/2958 4127/2403/2973 4126/2402/2972
f 4111/2386/2959 4112/2387/2960 4128/2404/2974
f 4111/2386/2959 4128/2404/2974 4127/2403/2973
f 4112/2387/2960 4098/2388/2948 4114/2405/2962
f 4112/2387/2960 4114/2405/2962 4128/2404/2974
f 4114/2390/2962 4113/2389/2961 4129/2406/2975
f 4114/2390/2962 4129/2406/2975 4130/2407/2976
f 4113/2389/2961 4115/2391/2963 4131/2408/2977
f 4113/2389/2961 4131/2408/2977 4129/2406/2975
f 4115/2391/2963 4116/2392/2964 4132/2409/2978
f 4115/2391/2963 4132/2409/2978 4131/2408/2977
f 4116/2392/2964 4117/2393/278 4133/2410/278
f 4116/2392/2964 4133/2410/278 4132/2409/2978
f 4117/2393/278 4118/2394/2965 4134/2411/2979
f 4117/2393/278 4134/2411/2979 4133/2410/278
f 4118/2394/2965 4119/2395/2966 4135/2412/2980
f 4118/2394/2965 4135/2412/2980 4134/2411/2979
f 4119/2395/2966 4120/2396/2967 4136/2413/2981
f 4119/2395/2966 4136/2413/2981 4135/2412/2980
f 4120/2396/2967 4121/2397/2968 4137/2414/1217
f 4120/2396/2967 4137/2414/1217 4136/2413/2981
f 4121/2397/2968 4122/2398/2969 4138/2415/2982
f 4121/2397/2968 4138/2415/2982 4137/2414/1217
f 4122/2398/2969 4123/2399/2970 4139/2416/2983
f 4122/2398/2969 4139/2416/2983 4138/2415/2982
f 4123/2399/2970 4124/2400/2971 4140/2417/2984
f 4123/2399/2970 4140/2417/2984 4139/2416/2983
f 4124/2400/2971 4125/2401/2114 4141/2418/2114
f 4124/2400/2971 4141/2418/2114 4140/2417/2984
f 4125/2401/2114 4126/2402/2972 4142/2419/2985
f 4125/2401/2114 4142/2419/2985 4141/2418/2114
f 4126/2402/2972 4127/2403/2973 4143/2420/2986
f 4126/2402/2972 4143/2420/2986 4142/2419/2985
f 4127/2403/2973 4128/2404/2974 4144/2421/2987
f 4127/2403/2973 4144/2421/2987 4143/2420/2986
f 4128/2404/2974 4114/2405/2962 4130/2422/2976
f 4128/2404/2974 4130/2422/2976 4144/2421/2987
f 4130/2407/2976 4129/2406/2975 4145/2423/2988
f 4130/2407/2976 4145/2423/2988 4146/2424/2989
f 4129/2406/2975 4131/2408/2977 4147/2425/2990
f 4129/2406/2975 4147/2425/2990 4145/2423/2988
f 4131/2408/2977 4132/2409/2978 4148/2426/2991
f 4131/2408/2977 4148/2426/2991 4147/2425/2990
f 4132/2409/2978 4133/2410/278 4149/2427/278
f 4132/2409/2978 4149/2427/278 4148/2426/2991
f 4133/2410/278 4134/2411/2979 4150/2428/2992
f 4133/2410/278 4150/2428/2992 4149/2427/278
f 4134/2411/2979 4135/2412/2980 4151/2429/2993
f 4134/2411/2979 4151/2429/2993 4150/2428/2992
f 4135/2412/2980 4136/2413/2981 4152/2430/2994
f 4135/2412/2980 4152/2430/2994 4151/2429/2993
f 4136/2413/2981 4137/2414/1217 4153/2431/2995
f 4136/2413/2981 4153/2431/2995 4152/2430/2994
f 4137/2414/1217 4138/2415/2982 4154/2432/2996
f 4137/2414/1217 4154/2432/2996 4153/2431/2995
f 4138/2415/2982 4139/2416/2983 4155/2433/2997
f 4138/2415/2982 4155/2433/2997 4154/2432/2996
f 4139/2416/2983 4140/2417/2984 4156/2434/2998
f 4139/2416/2983 4156/2434/2998 4155/2433/2997
f 4140/2417/2984 4141/2418/2114 4157/2435/2114
f 4140/2417/2984 4157/2435/2114 4156/2434/2998
f 4141/2418/2114 4142/2419/2985 4158/2436/2999
f 4141/2418/2114 4158/2436/2999 4157/2435/2114
f 4142/2419/2985 4143/2420/2986 4159/2437/3000
f 4142/2419/2985 4159/2437/3000 4158/2436/2999
f 4143/2420/2986 4144/2421/2987 4160/2438/3001
f 4143/2420/2986 4160/2438/3001 4159/2437/3000
f 4144/2421/2987 4130/2422/2976 4146/2439/2989
f 4144/2421/2987 4146/2439/2989 4160/2438/3001
f 4146/2424/2989 4145/2423/2988 4161/2440/3002
f 4146/2424/2989 4161/2440/3002 4162/2441/2440
f 4145/2423/2988 4147/2425/2990 4163/2442/3003
f 4145/2423/2988 4163/2442/3003 4161/2440/3002
f 4147/2425/2990 4148/2426/2991 4164/2443/3004
f 4147/2425/2990 4164/2443/3004 4163/2442/3003
f 4148/2426/2991 4149/2427/278 4165/2444/278
f 4148/2426/2991 4165/2444/278 4164/2443/3004
f 4149/2427/278 4150/2428/2992 4166/2445/3005
f 4149/2427/278 4166/2445/3005 4165/2444/278
f 4150/2428/2992 4151/2429/2993 4167/2446/3006
f 4150/2428/2992 4167/2446/3006 4166/2445/3005
f 4151/2429/2993 4152/2430/2994 4168/2447/3007
f 4151/2429/2993 4168/2447/3007 4167/2446/3006
f 4152/2430/2994 4153/2431/2995 4169/2448/2399
f 4152/2430/2994 4169/2448/2399 4168/2447/3007
f 4153/2431/2995 4154/2432/2996 4170/2449/3008
f 4153/2431/2995 4170/2449/3008 4169/2448/2399
f 4154/2432/2996 4155/2433/2997 4171/2450/3009
f 4154/2432/2996 4171/2450/3009 4170/2449/3008
f 4155/2433/2997 4156/2434/2998 4172/2451/3010
f 4155/2433/2997 4172/2451/3010 4171/2450/3009
f 4156/2434/2998 4157/2435/2114 4173/2452/2114
f 4156/2434/2998 4173/2452/2114 4172/2451/3010
f 4157/2435/2114 4158/2436/2999 4174/2453/3011
f 4157/2435/2114 4174/2453/3011 4173/2452/2114
f 4158/2436/2999 4159/2437/3000 4175/2454/3012
f 4158/2436/2999 4175/2454/3012 4174/2453/3011
f 4159/2437/3000 4160/2438/3001 4176/2455/3013
f 4159/2437/3000 4176/2455/3013 4175/2454/3012
f 4160/2438/3001 4146/2439/2989 4162/2456/2440
f 4160/2438/3001 4162/2456/2440 4176/2455/3013
f 4162/2441/2440 4161/2440/3002 4177/2457/3014
f 4162/2441/2440 4177/2457/3014 4178/2458/3015
f 4161/2440/3002 4163/2442/3003 4179/2459/3016
f 4161/2440/3002 4179/2459/3016 4177/2457/3014
f 4163/2442/3003 4164/2443/3004 4180/2460/3017
f 4163/2442/3003 4180/2460/3017 4179/2459/3016
f 4164/2443/3004 4165/2444/278 4181/2461/278
f 4164/2443/3004 4181/2461/278 4180/2460/3017
f 4165/2444/278 4166/2445/3005 4182/2462/3018
f 4165/2444/278 4182/2462/3018 4181/2461/278
f 4166/2445/3005 4167/2446/3006 4183/2463/3019
f 4166/2445/3005 4183/2463/3019 4182/2462/3018
f 4167/2446/3006 4168/2447/3007 4184/2464/3020
f 4167/2446/3006 4184/2464/3020 4183/2463/3019
f 4168/2447/3007 4169/2448/2399 4185/2465/3021
f 4168/2447/3007 4185/2465/3021 4184/2464/3020
f 4169/2448/2399 4170/2449/3008 4186/2466/3022
f 4169/2448/2399 4186/2466/3022 4185/2465/3021
f 4170/2449/3008 4171/2450/3009 4187/2467/3023
f 4170/2449/3008 4187/2467/3023 4186/2466/3022
f 4171/2450/3009 4172/2451/3010 4188/2468/3024
f 4171/2450/3009 4188/2468/3024 4187/2467/3023
f 4172/2451/3010 4173/2452/2114 4189/2469/2114
f 4172/2451/3010 4189/2469/2114 4188/2468/3024
f 4173/2452/2114 4174/2453/3011 4190/2470/3025
f 4173/2452/2114 4190/2470/3025 4189/2469/2114
f 4174/2453/3011 4175/2454/3012 4191/2471/3026
f 4174/2453/3011 4191/2471/3026 4190/2470/3025
f 4175/2454/3012 4176/2455/3013 4192/2472/3027
f 4175/2454/3012 4192/2472/3027 4191/2471/3026
f 4176/2455/3013 4162/2456/2440 4178/2473/3015
f 4176/2455/3013 4178/2473/3015 4192/2472/3027
f 4178/2458/3015 4177/2457/3014 4193/2474/3028
f 4178/2458/3015 4193/2474/3028 4194/2475/3029
f 4177/2457/3014 4179/2459/3016 4195/2476/3030
f 4177/2457/3014 4195/2476/3030 4193/2474/3028
f 4179/2459/3016 4180/2460/3017 4196/2477/3031
f 4179/2459/3016 4196/2477/3031 4195/2476/3030
f 4180/2460/3017 4181/2461/278 4197/2478/278
f 4180/2460/3017 4197/2478/278 4196/2477/3031
f 4181/2461/278 4182/2462/3018 4198/2479/3032
f 4181/2461/278 4198/2479/3032 4197/2478/278
f 4182/2462/3018 4183/2463/3019 4199/2480/3033
f 4182/2462/3018 4199/2480/3033 4198/2479/3032
f 4183/2463/3019 4184/2464/3020 4200/2481/3034
f 4183/2463/3019 4200/2481/3034 4199/2480/3033
f 4184/2464/3020 4185/2465/3021 4201/2482/3035
f 4184/2464/3020 4201/2482/3035 4200/2481/3034
f 4185/2465/3021 4186/2466/3022 4202/2483/3036
f 4185/2465/3021 4202/2483/3036 4201/2482/3035
f 4186/2466/3022 4187/2467/3023 4203/2484/3037
f 4186/2466/3022 4203/2484/3037 4202/2483/3036
f 4187/2467/3023 4188/2468/3024 4204/2485/3038
f 4187/2467/3023 4204/2485/3038 4203/2484/3037
f 4188/2468/3024 4189/2469/2114 4205/2486/2114
f 4188/2468/3024 4205/2486/2114 4204/2485/3038
f 4189/2469/2114 4190/2470/3025 4206/2487/3039
f 4189/2469/2114 4206/2487/3039 4205/2486/2114
f 4190/2470/3025 4191/2471/3026 4207/2488/3040
f 4190/2470/3025 4207/2488/3040 4206/2487/3039
f 4191/2471/3026 4192/2472/3027 4208/2489/3041
f 4191/2471/3026 4208/2489/3041 4207/2488/3040
f 4192/2472/3027 4178/2473/3015 4194/2490/3029
f 4192/2472/3027 4194/2490/3029 4208/2489/3041
f 4194/2475/3029 4193/2474/3028 4209/2491/3042
f 4194/2475/3029 4209/2491/3042 4210/2492/3043
f 4193/2474/3028 4195/2476/3030 4211/2493/3044
f 4193/2474/3028 4211/2493/3044 4209/2491/3042
f 4195/2476/3030 4196/2477/3031 4212/2494/3045
f 4195/2476/3030 4212/2494/3045 4211/2493/3044
f 4196/2477/3031 4197/2478/278 4213/2495/278
f 4196/2477/3031 4213/2495/278 4212/2494/3045
f 4197/2478/278 4198/2479/3032 4214/2496/3046
f 4197/2478/278 4214/2496/3046 4213/2495/278
f 4198/2479/3032 4199/2480/3033 4215/2497/3047
f 4198/2479/3032 4215/2497/3047 4214/2496/3046
f 4199/2480/3033 4200/2481/3034 4216/2498/3048
f 4199/2480/3033 4216/2498/3048 4215/2497/3047
f 4200/2481/3034 4201/2482/3035 4217/2499/3049
f 4200/2481/3034 4217/2499/3049 4216/2498/3048
f 4201/2482/3035 4202/2483/3036 4218/2500/3050
f 4201/2482/3035 4218/2500/3050 4217/2499/3049
f 4202/2483/3036 4203/2484/3037 4219/2501/3051
f 4202/2483/3036 4219/2501/3051 4218/2500/3050
f 4203/2484/3037 4204/2485/3038 4220/2502/3052
f 4203/2484/3037 4220/2502/3052 4219/2501/3051
f 4204/2485/3038 4205/2486/2114 4221/2503/2114
f 4204/2485/3038 4221/2503/2114 4220/2502/3052
f 4205/2486/2114 4206/2487/3039 4222/2504/3053
f 4205/2486/2114 4222/2504/3053 4221/2503/2114
f 4206/2487/3039 4207/2488/3040 4223/2505/3054
f 4206/2487/3039 4223/2505/3054 4222/2504/3053
f 4207/2488/3040 4208/2489/3041 4224/2506/3055
f 4207/2488/3040 4224/2506/3055 4223/2505/3054
f 4208/2489/3041 4194/2490/3029 4210/2507/3043
f 4208/2489/3041 4210/2507/3043 4224/2506/3055
f 4210/2492/3043 4209/2491/3042 4225/2508/3056
f 4210/2492/3043 4225/2508/3056 4226/2509/3057
f 4209/2491/3042 4211/2493/3044 4227/2510/3058
f 4209/2491/3042 4227/2510/3058 4225/2508/3056
f 4211/2493/3044 4212/2494/3045 4228/2511/3059
f 4211/2493/3044 4228/2511/3059 4227/2510/3058
f 4212/2494/3045 4213/2495/278 4229/2512/278
f 4212/2494/3045 4229/2512/278 4228/2511/3059
f 4213/2495/278 4214/2496/3046 4230/2513/3060
f 4213/2495/278 4230/2513/3060 4229/2512/278
f 4214/2496/3046 4215/2497/3047 4231/2514/3061
f 4214/2496/3046 4231/2514/3061 4230/2513/3060
f 4215/2497/3047 4216/2498/3048 4232/2515/3062
f 4215/2497/3047 4232/2515/3062 4231/2514/3061
f 4216/2498/3048 4217/2499/3049 4233/2516/3063
f 4216/2498/3048 4233/2516/3063 4232/2515/3062
f 4217/2499/3049 4218/2500/3050 4234/2517/3064
f 4217/2499/3049 4234/2517/3064 4233/2516/3063
f 4218/2500/3050 4219/2501/3051 4235/2518/3065
f 4218/2500/3050 4235/2518/3065 4234/2517/3064
f 4219/2501/3051 4220/2502/3052 4236/2519/3066
f 4219/2501/3051 4236/2519/3066 4235/2518/3065
f 4220/2502/3052 4221/2503/2114 4237/2520/2114
f 4220/2502/3052 4237/2520/2114 4236/2519/3066
f 4221/2503/2114 4222/2504/3053 4238/2521/3067
f 4221/2503/2114 4238/2521/3067 4237/2520/2114
f 4222/2504/3053 4223/2505/3054 4239/2522/3068
f 4222/2504/3053 4239/2522/3068 4238/2521/3067
f 4223/2505/3054 4224/2506/3055 4240/2523/3069
f 4223/2505/3054 4240/2523/3069 4239/2522/3068
f 4224/2506/3055 4210/2507/3043 4226/2524/3057
f 4224/2506/3055 4226/2524/3057 4240/2523/3069
f 4226/2509/3057 4225/2508/3056 4241/2525/3070
f 4226/2509/3057 4241/2525/3070 4242/2526/3071
f 4225/2508/3056 4227/2510/3058 4243/2527/3072
f 4225/2508/3056 4243/2527/3072 4241/2525/3070
f 4227/2510/3058 4228/2511/3059 4244/2528/3073
f 4227/2510/3058 4244/2528/3073 4243/2527/3072
f 4228/2511/3059 4229/2512/278 4245/2529/278
f 4228/2511/3059 4245/2529/278 4244/2528/3073
f 4229/2512/278 4230/2513/3060 4246/2530/3074
f 4229/2512/278 4246/2530/3074 4245/2529/278
f 4230/2513/3060 4231/2514/3061 4247/2531/3075
f 4230/2513/3060 4247/2531/3075 4246/2530/3074
f 4231/2514/3061 4232/2515/3062 4248/2532/3076
f 4231/2514/3061 4248/2532/3076 4247/2531/3075
f 4232/2515/3062 4233/2516/3063 4249/2533/3077
f 4232/2515/3062 4249/2533/3077 4248/2532/3076
f 4233/2516/3063 4234/2517/3064 4250/2534/3078
f 4233/2516/3063 4250/2534/3078 4249/2533/3077
f 4234/2517/3064 4235/2518/3065 4251/2535/3079
f 4234/2517/3064 4251/2535/3079 4250/2534/3078
f 4235/2518/3065 4236/2519/3066 4252/2536/3080
f 4235/2518/3065 4252/2536/3080 4251/2535/3079
f 4236/2519/3066 4237/2520/2114 4253/2537/2114
f 4236/2519/3066 4253/2537/2114 4252/2536/3080
f 4237/2520/2114 4238/2521/3067 4254/2538/3081
f 4237/2520/2114 4254/2538/3081 4253/2537/2114
f 4238/2521/3067 4239/2522/3068 4255/2539/3082
f 4238/2521/3067 4255/2539/3082 4254/2538/3081
f 4239/2522/3068 4240/2523/3069 4256/2540/3083
f 4239/2522/3068 4256/2540/3083 4255/2539/3082
f 4240/2523/3069 4226/2524/3057 4242/2541/3071
f 4240/2523/3069 4242/2541/3071 4256/2540/3083
f 4242/2526/3071 4241/2525/3070 4257/2542/3084
f 4242/2526/3071 4257/2542/3084 4258/2543/1156
f 4241/2525/3070 4243/2527/3072 4259/2544/3085
f 4241/2525/3070 4259/2544/3085 4257/2542/3084
f 4243/2527/3072 4244/2528/3073 4260/2545/3086
f 4243/2527/3072 4260/2545/3086 4259/2544/3085
f 4244/2528/3073 4245/2529/278 4261/2546/278
f 4244/2528/3073 4261/2546/278 4260/2545/3086
f 4245/2529/278 4246/2530/3074 4262/2547/3087
f 4245/2529/278 4262/2547/3087 4261/2546/278
f 4246/2530/3074 4247/2531/3075 4263/2548/3088
f 4246/2530/3074 4263/2548/3088 4262/2547/3087
f 4247/2531/3075 4248/2532/3076 4264/2549/3089
f 4247/2531/3075 4264/2549/3089 4263/2548/3088
f 4248/2532/3076 4249/2533/3077 4265/2550/2395
f 4248/2532/3076 4265/2550/2395 4264/2549/3089
f 4249/2533/3077 4250/2534/3078 4266/2551/3090
f 4249/2533/3077 4266/2551/3090 4265/2550/2395
f 4250/2534/3078 4251/2535/3079 4267/2552/3091
f 4250/2534/3078 4267/2552/3091 4266/2551/3090
f 4251/2535/3079 4252/2536/3080 4268/2553/3092
f 4251/2535/3079 4268/2553/3092 4267/2552/3091
f 4252/2536/3080 4253/2537/2114 4269/2554/2114
f 4252/2536/3080 4269/2554/2114 4268/2553/3092
f 4253/2537/2114 4254/2538/3081 4270/2555/3093
f 4253/2537/2114 4270/2555/3093 4269/2554/2114
f 4254/2538/3081 4255/2539/3082 4271/2556/3094
f 4254/2538/3081 4271/2556/3094 4270/2555/3093
f 4255/2539/3082 4256/2540/3083 4272/2557/3095
f 4255/2539/3082 4272/2557/3095 4271/2556/3094
f 4256/2540/3083 4242/2541/3071 4258/2558/1156
f 4256/2540/3083 4258/2558/1156 4272/2557/3095
f 4258/2543/1156 4257/2542/3084 4273/2559/3096
f 4258/2543/1156 4273/2559/3096 4274/2560/3097
f 4257/2542/3084 4259/2544/3085 4275/2561/3098
f 4257/2542/3084 4275/2561/3098 4273/2559/3096
f 4259/2544/3085 4260/2545/3086 4276/2562/3099
f 4259/2544/3085 4276/2562/3099 4275/2561/3098
f 4260/2545/3086 4261/2546/278 4277/2563/278
f 4260/2545/3086 4277/2563/278 4276/2562/3099
f 4261/2546/278 4262/2547/3087 4278/2564/3100
f 4261/2546/278 4278/2564/3100 4277/2563/278
f 4262/2547/3087 4263/2548/3088 4279/2565/3101
f 4262/2547/3087 4279/2565/3101 4278/2564/3100
f 4263/2548/3088 4264/2549/3089 4280/2566/3102
f 4263/2548/3088 4280/2566/3102 4279/2565/3101
f 4264/2549/3089 4265/2550/2395 4281/2567/3103
f 4264/2549/3089 4281/2567/3103 4280/2566/3102
f 4265/2550/2395 4266/2551/3090 4282/2568/3104
f 4265/2550/2395 4282/2568/3104 4281/2567/3103
f 4266/2551/3090 4267/2552/3091 4283/2569/3105
f 4266/2551/3090 4283/2569/3105 4282/2568/3104
f 4267/2552/3091 4268/2553/3092 4284/2570/3106
f 4267/2552/3091 4284/2570/3106 4283/2569/3105
f 4268/2553/3092 4269/2554/2114 4285/2571/2114
f 4268/2553/3092 4285/2571/2114 4284/2570/3106
f 4269/2554/2114 4270/2555/3093 4286/2572/3107
f 4269/2554/2114 4286/2572/3107 4285/2571/2114
f 4270/2555/3093 4271/2556/3094 4287/2573/3108
f 4270/2555/3093 4287/2573/3108 4286/2572/3107
f 4271/2556/3094 4272/2557/3095 4288/2574/3109
f 4271/2556/3094 4288/2574/3109 4287/2573/3108
f 4272/2557/3095 4258/2558/1156 4274/2575/3097
f 4272/2557/3095 4274/2575/3097 4288/2574/3109
f 4274/2560/3097 4273/2559/3096 4289/2576/3110
f 4274/2560/3097 4289/2576/3110 4290/2577/3111
f 4273/2559/3096 4275/2561/3098 4291/2578/3112
f 4273/2559/3096 4291/2578/3112 4289/2576/3110
f 4275/2561/3098 4276/2562/3099 4292/2579/3113
f 4275/2561/3098 4292/2579/3113 4291/2578/3112
f 4276/2562/3099 4277/2563/278 4293/2580/278
f 4276/2562/3099 4293/2580/278 4292/2579/3113
f 4277/2563/278 4278/2564/3100 4294/2581/3114
f 4277/2563/278 4294/2581/3114 4293/2580/278
f 4278/2564/3100 4279/2565/3101 4295/2582/3115
f 4278/2564/3100 4295/2582/3115 4294/2581/3114
f 4279/2565/3101 4280/2566/3102 4296/2583/3116
f 4279/2565/3101 4296/2583/3116 4295/2582/3115
f 4280/2566/3102 4281/2567/3103 4297/2584/3117
f 4280/2566/3102 4297/2584/3117 4296/2583/3116
f 4281/2567/3103 4282/2568/3104 4298/2585/3118
f 4281/2567/3103 4298/2585/3118 4297/2584/3117
f 4282/2568/3104 4283/2569/3105 4299/2586/3119
f 4282/2568/3104 4299/2586/3119 4298/2585/3118
f 4283/2569/3105 4284/2570/3106 4300/2587/3120
f 4283/2569/3105 4300/2587/3120 4299/2586/3119
f 4284/2570/3106 4285/2571/2114 4301/2588/2114
f 4284/2570/3106 4301/2588/2114 4300/2587/3120
f 4285/2571/2114 4286/2572/3107 4302/2589/3121
f 4285/2571/2114 4302/2589/3121 4301/2588/2114
f 4286/2572/3107 4287/2573/3108 4303/2590/3122
f 4286/2572/3107 4303/2590/3122 4302/2589/3121
f 4287/2573/3108 4288/2574/3109 4304/2591/3123
f 4287/2573/3108 4304/2591/3123 4303/2590/3122
f 4288/2574/3109 4274/2575/3097 4290/2592/3111
f 4288/2574/3109 4290/2592/3111 4304/2591/3123
f 4290/2577/3111 4289/2576/3110 4305/2593/3124
f 4290/2577/3111 4305/2593/3124 4306/2594/3125
f 4289/2576/3110 4291/2578/3112 4307/2595/3126
f 4289/2576/3110 4307/2595/3126 4305/2593/3124
f 4291/2578/3112 4292/2579/3113 4308/2596/3127
f 4291/2578/3112 4308/2596/3127 4307/2595/3126
f 4292/2579/3113 4293/2580/278 4309/2597/278
f 4292/2579/3113 4309/2597/278 4308/2596/3127
f 4293/2580/278 4294/2581/3114 4310/2598/3128
f 4293/2580/278 4310/2598/3128 4309/2597/278
f 4294/2581/3114 4295/2582/3115 4311/2599/3129
f 4294/2581/3114 4311/2599/3129 4310/2598/3128
f 4295/2582/3115 4296/2583/3116 4312/2600/3130
f 4295/2582/3115 4312/2600/3130 4311/2599/3129
f 4296/2583/3116 4297/2584/3117 4313/2601/3131
f 4296/2583/3116 4313/2601/3131 4312/2600/3130
f 4297/2584/3117 4298/2585/3118 4314/2602/3132
f 4297/2584/3117 4314/2602/3132 4313/2601/3131
f 4298/2585/3118 4299/2586/3119 4315/2603/3133
f 4298/2585/3118 4315/2603/3133 4314/2602/3132
f 4299/2586/3119 4300/2587/3120 4316/2604/3134
f 4299/2586/3119 4316/2604/3134 4315/2603/3133
f 4300/2587/3120 4301/2588/2114 4317/2605/2114
f 4300/2587/3120 4317/2605/2114 4316/2604/3134
f 4301/2588/2114 4302/2589/3121 4318/2606/3135
f 4301/2588/2114 4318/2606/3135 4317/2605/2114
f 4302/2589/3121 4303/2590/3122 4319/2607/3136
f 4302/2589/3121 4319/2607/3136 4318/2606/3135
f 4303/2590/3122 4304/2591/3123 4320/2608/3137
f 4303/2590/3122 4320/2608/3137 4319/2607/3136
f 4304/2591/3123 4290/2592/3111 4306/2609/3125
f 4304/2591/3123 4306/2609/3125 4320/2608/3137
f 4306/2594/3125 4305/2593/3124 4321/2610/2479
f 4306/2594/3125 4321/2610/2479 4322/2611/2432
f 4305/2593/3124 4307/2595/3126 4323/2612/140
f 4305/2593/3124 4323/2612/140 4321/2610/2479
f 4307/2595/3126 4308/2596/3127 4324/2613/2476
f 4307/2595/3126 4324/2613/2476 4323/2612/140
f 4308/2596/3127 4309/2597/278 4325/2614/278
f 4308/2596/3127 4325/2614/278 4324/2613/2476
f 4309/2597/278 4310/2598/3128 4326/2615/2474
f 4309/2597/278 4326/2615/2474 4325/2614/278
f 4310/2598/3128 4311/2599/3129 4327/2616/1
f 4310/2598/3128 4327/2616/1 4326/2615/2474
f 4311/2599/3129 4312/2600/3130 4328/2617/2470
f 4311/2599/3129 4328/2617/2470 4327/2616/1
f 4312/2600/3130 4313/2601/3131 4329/2618/2392
f 4312/2600/3130 4329/2618/2392 4328/2617/2470
f 4313/2601/3131 4314/2602/3132 4330/2619/2490
f 4313/2601/3131 4330/2619/2490 4329/2618/2392
f 4314/2602/3132 4315/2603/3133 4331/2620/2115
f 4314/2602/3132 4331/2620/2115 4330/2619/2490
f 4315/2603/3133 4316/2604/3134 4332/2621/2487
f 4315/2603/3133 4332/2621/2487 4331/2620/2115
f 4316/2604/3134 4317/2605/2114 4333/2622/2114
f 4316/2604/3134 4333/2622/2114 4332/2621/2487
f 4317/2605/2114 4318/2606/3135 4334/2623/2485
f 4317/2605/2114 4334/2623/2485 4333/2622/2114
f 4318/2606/3135 4319/2607/3136 4335/2624/2254
f 4318/2606/3135 4335/2624/2254 4334/2623/2485
f 4319/2607/3136 4320/2608/3137 4336/2625/2482
f 4319/2607/3136 4336/2625/2482 4335/2624/2254
f 4320/2608/3137 4306/2609/3125 4322/2626/2432
f 4320/2608/3137 4322/2626/2432 4336/2625/2482
f 4337/2627/2451 3522/2628/2451 3521/2629/2451
f 4337/2627/2451 3525/2630/2451 3522/2628/2451
f 4337/2627/2451 3527/2631/2451 3525/2630/2451
f 4337/2627/2451 3529/2627/2451 3527/2631/2451
f 4337/2627/2451 3531/2632/2451 3529/2627/2451
f 4337/2627/2451 3533/2633/2451 3531/2632/2451
f 4337/2627/2451 3535/2634/2451 3533/2633/2451
f 4337/2627/2451 3537/2635/2451 3535/2634/2451
f 4337/2627/2451 3539/2634/2451 3537/2635/2451
f 4337/2627/2451 3541/2633/2451 3539/2634/2451
f 4337/2627/2451 3543/2632/2451 3541/2633/2451
f 4337/2627/2451 3545/2627/2451 3543/2632/2451
f 4337/2627/2451 3547/2631/2451 3545/2627/2451
f 4337/2627/2451 3549/2630/2451 3547/2631/2451
f 4337/2627/2451 3551/2628/2451 3549/2630/2451
f 4337/2627/2451 3521/2629/2451 3551/2628/2451
f 4338/2636/2451 4322/2637/2451 4321/2638/2451
f 4338/2636/2451 4321/2638/2451 4323/2639/2451
f 4338/2636/2451 4323/2639/2451 4324/2640/2451
f 4338/2636/2451 4324/2640/2451 4325/2636/2451
f 4338/2636/2451 4325/2636/2451 4326/2641/2451
f 4338/2636/2451 4326/2641/2451 4327/2642/2451
f 4338/2636/2451 4327/2642/2451 4328/2643/2451
f 4338/2636/2451 4328/2643/2451 4329/2644/2451
f 4338/2636/2451 4329/2644/2451 4330/2643/2451
f 4338/2636/2451 4330/2643/2451 4331/2642/2451
f 4338/2636/2451 4331/2642/2451 4332/2641/2451
f 4338/2636/2451 4332/2641/2451 4333/2636/2451
f 4338/2636/2451 4333/2636/2451 4334/2640/2451
f 4338/2636/2451 4334/2640/2451 4335/2639/2451
f 4338/2636/2451 4335/2639/2451 4336/2638/2451
f 4338/2636/2451 4336/2638/2451 4322/2637/2451
